﻿<project version="2.9" name="Projecto" ID="4CA2D54D-3917-4DCB-9E50-DCC196ED7F5D">
  <params>
    <pageParam version="5.3" minAllowVersion="5.3"/>
    <projectParam version="2.9" minAllowVersion="2.9" platform="MtMobile" orientation="MoPortrait" mobileScreenScale="1.77777779102325" mobileType="mmtAndroid" pageSize="(360,640)" backgroundColor="4294967295" fontSize="0" fontFamily="" projectType="ptPersonalProject" isShowTitleIndex="False"/>
    <previewParam version="1.0"/>
    <colorParam version="1.0"/>
  </params>
  <pages>
    <page name="Splash" ID="52DC4A86-665A-488D-BAC0-92F4FFE10BA6" expanded="True" code="xvvlycHeyY" thumbCode="xvvlycHeyY" status="psWhite" isfolder="False" isshownode="True">
      <images>
        <image key="E5C2EC97BA4E402905681E104F6A04D2.jpeg"/>
      </images>
      <page name="Inicial" ID="121A7F69-2A43-45A9-B47E-AEA2ECE036AD" expanded="True" code="J7l1Jj3UxF" thumbCode="J7l1Jj3UxF" status="psWhite" isfolder="False" isshownode="True">
        <images>
          <image key="B91434690C5B5224D1CC6B1998F1178A.svg"/>
          <image key="9971C54B10DB4FB36C582D891537A230.svg"/>
          <image key="E5C2EC97BA4E402905681E104F6A04D2.jpeg"/>
          <image key="2119E1032635B58A9627C98AB304CEE8.svg"/>
          <image key="7D4E13552F08995905B7F39F0FCA3415.svg"/>
        </images>
        <page name="Home" ID="0CD01DE1-6CBF-4CFA-86A6-3DCA15FE03D6" expanded="True" code="HMJNOK2ZMa" thumbCode="W3edcgCGdy" isLastOpen="True" status="psWhite" isfolder="False" isshownode="True">
          <images>
            <image key="B91434690C5B5224D1CC6B1998F1178A.svg"/>
            <image key="9971C54B10DB4FB36C582D891537A230.svg"/>
            <image key="7D4E13552F08995905B7F39F0FCA3415.svg"/>
            <image key="C0ABA9FB9C03C6A909FEF27802D87FBC.jpg"/>
            <image key="C0868D7436842EC6FDCE5347CAEDDCB9.jpg"/>
            <image key="8148FCB12E1C8A2FF3D927B7EAC250C8.svg"/>
            <image key="F3224463A9D5AE29D90522DBA0DA2B61.jpg"/>
            <image key="3A3CD3DB2FAE85FFEF2A8996E634645D.svg"/>
            <image key="D95E480717200F895E41DB6E5B869596.svg"/>
            <image key="2119E1032635B58A9627C98AB304CEE8.svg"/>
          </images>
          <page name="Codigo QR" ID="2A69B7C8-2231-4DCA-B8B2-F5857C0A3B6C" expanded="True" code="KqQM98VNI5" thumbCode="KqQM98VNI5" status="psWhite" isfolder="False" isshownode="True">
            <images>
              <image key="DB7FC814F441C17601BBA7EA29C0CC4C.svg"/>
              <image key="B16CFADD373923AB2F8327FCDB7285ED.jpeg"/>
            </images>
          </page>
          <page name="Tempo Intensidade" ID="C74CE230-9210-4E90-A8B1-B6A9A5ED7209" expanded="True" code="tmofQmUyUN" thumbCode="tmofQmUyUN" status="psWhite" isfolder="False" isshownode="True">
            <images>
              <image key="B91434690C5B5224D1CC6B1998F1178A.svg"/>
              <image key="3D5E90344E23C923EF92911B802563ED.svg"/>
              <image key="9971C54B10DB4FB36C582D891537A230.svg"/>
              <image key="2119E1032635B58A9627C98AB304CEE8.svg"/>
              <image key="7D4E13552F08995905B7F39F0FCA3415.svg"/>
              <image key="D95E480717200F895E41DB6E5B869596.svg"/>
            </images>
            <page name="Mapa Exercicios" ID="6999A056-9EC0-419C-964A-BAC2E1520B9B" expanded="True" code="p6RTXtaFDc" thumbCode="p6RTXtaFDc" status="psWhite" isfolder="False" isshownode="True">
              <images>
                <image key="B91434690C5B5224D1CC6B1998F1178A.svg"/>
                <image key="8D87F0B6E067D29DE1E9AC9BADB84F13.svg"/>
                <image key="7A14F1252E9096503D7E7D0CF3F4F8A4.svg"/>
                <image key="9971C54B10DB4FB36C582D891537A230.svg"/>
                <image key="7D4E13552F08995905B7F39F0FCA3415.svg"/>
                <image key="272406045191EFD41262383E38074218.svg"/>
                <image key="2119E1032635B58A9627C98AB304CEE8.svg"/>
                <image key="8148FCB12E1C8A2FF3D927B7EAC250C8.svg"/>
                <image key="44F3A9030E1580DD364208B7A35F6929.JPG"/>
              </images>
            </page>
            <page name="Exercício1" ID="EEB0FE41-5833-47E9-93D7-9AEB89521A7C" expanded="True" code="F669nR4X6h" thumbCode="F669nR4X6h" status="psWhite" isfolder="False" isshownode="True">
              <images>
                <image key="B91434690C5B5224D1CC6B1998F1178A.svg"/>
                <image key="9971C54B10DB4FB36C582D891537A230.svg"/>
                <image key="8D87F0B6E067D29DE1E9AC9BADB84F13.svg"/>
                <image key="7D4E13552F08995905B7F39F0FCA3415.svg"/>
                <image key="0C12E38069AA8ECA2433E5133B4B1D6E.png"/>
                <image key="8148FCB12E1C8A2FF3D927B7EAC250C8.svg"/>
                <image key="2119E1032635B58A9627C98AB304CEE8.svg"/>
              </images>
            </page>
            <page name="Exercício2" ID="1EF30584-B065-4E27-A617-E869508A457A" expanded="True" code="3PJoZGZAR9" thumbCode="3PJoZGZAR9" status="psWhite" isfolder="False" isshownode="True">
              <images>
                <image key="B91434690C5B5224D1CC6B1998F1178A.svg"/>
                <image key="9971C54B10DB4FB36C582D891537A230.svg"/>
                <image key="8D87F0B6E067D29DE1E9AC9BADB84F13.svg"/>
                <image key="7D4E13552F08995905B7F39F0FCA3415.svg"/>
                <image key="96718FB94A11DE6BC0F5F1CDD459B7FC.jpg"/>
                <image key="8148FCB12E1C8A2FF3D927B7EAC250C8.svg"/>
                <image key="2119E1032635B58A9627C98AB304CEE8.svg"/>
              </images>
            </page>
            <page name="Exercício3" ID="9E657E8D-58EC-4165-A865-1801505FCDBE" expanded="True" code="9djOZki2hY" thumbCode="9djOZki2hY" status="psWhite" isfolder="False" isshownode="True">
              <images>
                <image key="B91434690C5B5224D1CC6B1998F1178A.svg"/>
                <image key="9971C54B10DB4FB36C582D891537A230.svg"/>
                <image key="8D87F0B6E067D29DE1E9AC9BADB84F13.svg"/>
                <image key="7D4E13552F08995905B7F39F0FCA3415.svg"/>
                <image key="8148FCB12E1C8A2FF3D927B7EAC250C8.svg"/>
                <image key="2119E1032635B58A9627C98AB304CEE8.svg"/>
                <image key="831C86D4D1CFAE29DFA97695D6696E74.jpg"/>
              </images>
            </page>
            <page name="Exercício4" ID="E24DE970-3BA8-4738-952B-4F92938E5AB5" expanded="True" code="d6uFsEcQsO" thumbCode="d6uFsEcQsO" status="psWhite" isfolder="False" isshownode="True">
              <images>
                <image key="B91434690C5B5224D1CC6B1998F1178A.svg"/>
                <image key="9971C54B10DB4FB36C582D891537A230.svg"/>
                <image key="8D87F0B6E067D29DE1E9AC9BADB84F13.svg"/>
                <image key="7D4E13552F08995905B7F39F0FCA3415.svg"/>
                <image key="8848836D5747C089557D94C89945716A.jpg"/>
                <image key="8148FCB12E1C8A2FF3D927B7EAC250C8.svg"/>
                <image key="2119E1032635B58A9627C98AB304CEE8.svg"/>
              </images>
            </page>
            <page name="Atividade Finalizada" ID="A8C803AA-AC6B-41A0-84D1-AF5E8A87981D" expanded="True" code="nRocfgOwAq" thumbCode="nRocfgOwAq" status="psWhite" isfolder="False" isshownode="True">
              <images>
                <image key="B91434690C5B5224D1CC6B1998F1178A.svg"/>
                <image key="9971C54B10DB4FB36C582D891537A230.svg"/>
                <image key="CDA96A1E9F5A03484CC3C5E9796C89B3.svg"/>
                <image key="2119E1032635B58A9627C98AB304CEE8.svg"/>
                <image key="7D4E13552F08995905B7F39F0FCA3415.svg"/>
              </images>
            </page>
          </page>
        </page>
        <page name="Provas" ID="E3A6CF55-D116-4715-B043-FC13DFD1E647" expanded="True" code="K9Yxmahs5p" thumbCode="K9Yxmahs5p" status="psWhite" isfolder="False" isshownode="True">
          <images>
            <image key="B91434690C5B5224D1CC6B1998F1178A.svg"/>
            <image key="9971C54B10DB4FB36C582D891537A230.svg"/>
            <image key="FDBB829D8879B617F6BAB73FD7FC0758.JPG"/>
            <image key="2119E1032635B58A9627C98AB304CEE8.svg"/>
            <image key="7D4E13552F08995905B7F39F0FCA3415.svg"/>
          </images>
          <page name="Inicio" ID="B8678943-7BE8-4FFC-91B9-2C25B63935DE" expanded="True" code="T4WjfXYnXg" thumbCode="T4WjfXYnXg" status="psWhite" isfolder="False" isshownode="True">
            <images>
              <image key="B91434690C5B5224D1CC6B1998F1178A.svg"/>
              <image key="828ED7C18D40FD69D8669ECA12447CA2.JPG"/>
              <image key="9971C54B10DB4FB36C582D891537A230.svg"/>
              <image key="2119E1032635B58A9627C98AB304CEE8.svg"/>
              <image key="7D4E13552F08995905B7F39F0FCA3415.svg"/>
            </images>
            <page name="0km" ID="05B0B4C7-3227-41F9-A041-DED3A7202334" expanded="True" code="8iVKte8AgX" thumbCode="8iVKte8AgX" status="psWhite" isfolder="False" isshownode="True">
              <images>
                <image key="268E16FD592DA2C630668940E11A82CC.svg"/>
                <image key="2119E1032635B58A9627C98AB304CEE8.svg"/>
                <image key="B6960809EC4F1B416595F80B64797A61.jpeg"/>
                <image key="9DA58F6FCBD77A56BA4CDD80AFFCE333.svg"/>
              </images>
            </page>
            <page name="2km" ID="56BFE1C2-2E1E-4E2E-8F59-42D46A0843D9" expanded="True" code="E5scmF9kRL" thumbCode="E5scmF9kRL" status="psWhite" isfolder="False" isshownode="True">
              <images>
                <image key="268E16FD592DA2C630668940E11A82CC.svg"/>
                <image key="8D87F0B6E067D29DE1E9AC9BADB84F13.svg"/>
                <image key="3B429136206B14BA2CB18CABD09E7498.jpeg"/>
                <image key="2119E1032635B58A9627C98AB304CEE8.svg"/>
                <image key="9DA58F6FCBD77A56BA4CDD80AFFCE333.svg"/>
              </images>
            </page>
            <page name="10Km" ID="EE9A58A0-24ED-4B5C-972B-76455EEB4BF6" expanded="True" code="LffEZyPKna" thumbCode="LffEZyPKna" status="psWhite" isfolder="False" isshownode="True">
              <images>
                <image key="268E16FD592DA2C630668940E11A82CC.svg"/>
                <image key="8D87F0B6E067D29DE1E9AC9BADB84F13.svg"/>
                <image key="2119E1032635B58A9627C98AB304CEE8.svg"/>
                <image key="703AAF20837833BA02B20D42035CBAD2.jpeg"/>
                <image key="9DA58F6FCBD77A56BA4CDD80AFFCE333.svg"/>
              </images>
            </page>
            <page name="Resumo Prova" ID="6D0ED666-1A38-4B1E-98AB-40E80DE548DF" expanded="True" code="5yL5tsgKNh" thumbCode="5yL5tsgKNh" status="psWhite" isfolder="False" isshownode="True">
              <images>
                <image key="B91434690C5B5224D1CC6B1998F1178A.svg"/>
                <image key="9971C54B10DB4FB36C582D891537A230.svg"/>
                <image key="CDA96A1E9F5A03484CC3C5E9796C89B3.svg"/>
                <image key="2119E1032635B58A9627C98AB304CEE8.svg"/>
                <image key="7D4E13552F08995905B7F39F0FCA3415.svg"/>
              </images>
            </page>
          </page>
          <page name="InicioAgendado" ID="6CD67606-200C-485F-A67F-B495EEAF22F6" expanded="True" code="iZCd5JpQCk" thumbCode="iZCd5JpQCk" status="psWhite" isfolder="False" isshownode="True">
            <images>
              <image key="B91434690C5B5224D1CC6B1998F1178A.svg"/>
              <image key="828ED7C18D40FD69D8669ECA12447CA2.JPG"/>
              <image key="9971C54B10DB4FB36C582D891537A230.svg"/>
              <image key="2119E1032635B58A9627C98AB304CEE8.svg"/>
              <image key="7D4E13552F08995905B7F39F0FCA3415.svg"/>
            </images>
          </page>
        </page>
        <page name="Registo" ID="4FD0044F-72B2-49CD-8204-F0E29161E0BD" expanded="True" code="Ok3ecgpdGU" thumbCode="Ok3ecgpdGU" status="psWhite" isfolder="False" isshownode="True">
          <images>
            <image key="91852B86E51F760894554368302F9800.svg"/>
          </images>
        </page>
        <page name="Login" ID="1DC50E78-B3B7-4A7B-A664-CE1069AE8447" expanded="True" code="g2z3nbwjyx" thumbCode="g2z3nbwjyx" status="psWhite" isfolder="False" isshownode="True">
          <images>
            <image key="91852B86E51F760894554368302F9800.svg"/>
          </images>
        </page>
        <page name="Dados Pessoais" ID="47DF6902-A4A6-40A5-AD54-ABDE4E8ABF98" expanded="True" code="7ssHkVBxRS" thumbCode="7ssHkVBxRS" status="psWhite" isfolder="False" isshownode="True">
          <images>
            <image key="B91434690C5B5224D1CC6B1998F1178A.svg"/>
            <image key="9971C54B10DB4FB36C582D891537A230.svg"/>
            <image key="91852B86E51F760894554368302F9800.svg"/>
            <image key="2119E1032635B58A9627C98AB304CEE8.svg"/>
            <image key="7D4E13552F08995905B7F39F0FCA3415.svg"/>
            <image key="13A6B3D854F2AB14928F0218C2866215.svg"/>
          </images>
        </page>
        <page name="Histórico Atividades" ID="7AF88CE8-E1DF-4DBA-8762-50C026F1B446" expanded="True" code="6Z2TTvR5Uh" thumbCode="6Z2TTvR5Uh" status="psWhite" isfolder="False" isshownode="True">
          <images>
            <image key="B91434690C5B5224D1CC6B1998F1178A.svg"/>
            <image key="9971C54B10DB4FB36C582D891537A230.svg"/>
            <image key="FDBB829D8879B617F6BAB73FD7FC0758.JPG"/>
            <image key="91852B86E51F760894554368302F9800.svg"/>
            <image key="2119E1032635B58A9627C98AB304CEE8.svg"/>
            <image key="7D4E13552F08995905B7F39F0FCA3415.svg"/>
          </images>
        </page>
        <page name="Obrigado" ID="306606D6-33D3-4C30-A019-1E2D44D1BFA3" expanded="True" code="CvKYmoZMO8" thumbCode="CvKYmoZMO8" status="psWhite" isfolder="False" isshownode="True">
          <images>
            <image key="E5C2EC97BA4E402905681E104F6A04D2.jpeg"/>
          </images>
        </page>
      </page>
    </page>
  </pages>
  <trash>
    <page name="GIF" ID="2DAC718F-3564-4087-B11B-477AC862E848" expanded="True" code="Jz7nyaXtyA" thumbCode="8HL8QH4t2L" isLastOpen="True" status="psWhite" isfolder="False" isshownode="True">
      <images>
        <image key="82D5F0C1816E1EF92E7A351387E1BECD.png"/>
      </images>
    </page>
    <page name="Page" ID="3110A4F4-C393-4D2C-AB86-1332DAE808D4" expanded="False" code="XiHKg4cOGc" thumbCode="eNAfkmX6Pb" isLastOpen="True" status="psWhite" isfolder="False" isshownode="True"/>
    <page name="Mapas" ID="71FB2F21-D89C-4C24-850E-79C395D0FE33" expanded="True" code="lwhhodpsdh" thumbCode="8qFL7lvm14" isLastOpen="True" status="psWhite" isfolder="False" isshownode="True">
      <images>
        <image key="2A95475874DC1FC53788CA65103F6C92.png"/>
        <image key="1345505031BCF47E4B0B5A7913FCE552.png"/>
        <image key="19DC509354D6ED238654C9B449A4C626.png"/>
        <image key="B245D5F394AD9CFF11D6CD385CF33332.svg"/>
        <image key="A9F7F9C6992782687ED6C3A6422B3883.png"/>
        <image key="84E43FD667F4EA128EEFBAD7B03B51F5.svg"/>
        <image key="9DDEEA598EFDB416262B46AC27D3C8E7.png"/>
        <image key="08DA9EA35B77E55E78540E7645C6C85A.png"/>
        <image key="3B6B11C7F1DCEE43EF3E81FA5480DDCA.png"/>
      </images>
    </page>
    <page name="Categorias" ID="9014F59C-F70A-40E7-A8A8-79AE7A3B3938" expanded="True" code="HNHQkFmIoW" thumbCode="3yraHirXZD" isLastOpen="True" status="psWhite" isfolder="False" isshownode="True">
      <images>
        <image key="7368E932054EB35095B123FCB5C28A31.svg"/>
        <image key="D95E480717200F895E41DB6E5B869596.svg"/>
      </images>
    </page>
    <page name="Definições" ID="D02D34B1-A6CF-4CBD-BDF0-38F39A318EC0" expanded="False" code="Km27J3QMnA" thumbCode="eKM6kRNypt" isLastOpen="True" status="psWhite" isfolder="False" isshownode="True">
      <images>
        <image key="0F740100B0915CB3454052FFE3B0A3CD.svg"/>
      </images>
    </page>
    <page name="Mapa Guia2" ID="D2F2AB4F-8B39-4A4D-BF6E-03F9883622A1" expanded="False" code="gQHIwWr2uW" thumbCode="3qt9AVIRxb" isLastOpen="True" status="psWhite" isfolder="False" isshownode="True">
      <images>
        <image key="B91434690C5B5224D1CC6B1998F1178A.svg"/>
        <image key="8D87F0B6E067D29DE1E9AC9BADB84F13.svg"/>
        <image key="9971C54B10DB4FB36C582D891537A230.svg"/>
        <image key="7D4E13552F08995905B7F39F0FCA3415.svg"/>
        <image key="272406045191EFD41262383E38074218.svg"/>
        <image key="2119E1032635B58A9627C98AB304CEE8.svg"/>
        <image key="44F3A9030E1580DD364208B7A35F6929.JPG"/>
      </images>
    </page>
    <page name="Mapa Guia3" ID="4DB8E602-E5CF-4F5F-8FF1-648762000D50" expanded="False" code="XcI8jlEhQG" thumbCode="5lz2EC6YmU" isLastOpen="True" status="psWhite" isfolder="False" isshownode="True">
      <images>
        <image key="B91434690C5B5224D1CC6B1998F1178A.svg"/>
        <image key="8D87F0B6E067D29DE1E9AC9BADB84F13.svg"/>
        <image key="7A14F1252E9096503D7E7D0CF3F4F8A4.svg"/>
        <image key="9971C54B10DB4FB36C582D891537A230.svg"/>
        <image key="7D4E13552F08995905B7F39F0FCA3415.svg"/>
        <image key="272406045191EFD41262383E38074218.svg"/>
        <image key="2119E1032635B58A9627C98AB304CEE8.svg"/>
        <image key="44F3A9030E1580DD364208B7A35F6929.JPG"/>
      </images>
    </page>
    <page name="Mapa Guia4" ID="E59289A0-54D9-4F3B-8919-06DD68FC5C65" expanded="False" code="6DSSXJ3Jyr" thumbCode="DgaPY5LbIK" isLastOpen="True" status="psWhite" isfolder="False" isshownode="True">
      <images>
        <image key="B91434690C5B5224D1CC6B1998F1178A.svg"/>
        <image key="8D87F0B6E067D29DE1E9AC9BADB84F13.svg"/>
        <image key="7A14F1252E9096503D7E7D0CF3F4F8A4.svg"/>
        <image key="9971C54B10DB4FB36C582D891537A230.svg"/>
        <image key="7D4E13552F08995905B7F39F0FCA3415.svg"/>
        <image key="272406045191EFD41262383E38074218.svg"/>
        <image key="2119E1032635B58A9627C98AB304CEE8.svg"/>
        <image key="44F3A9030E1580DD364208B7A35F6929.JPG"/>
      </images>
    </page>
    <page name="Esperar" ID="269BDF4D-2A51-4FB8-858D-95EF37EB4678" expanded="True" code="DHqy7biHLg" thumbCode="guUQlmrzSS" isLastOpen="True" status="psWhite" isfolder="False" isshownode="True">
      <images>
        <image key="B91434690C5B5224D1CC6B1998F1178A.svg"/>
        <image key="9971C54B10DB4FB36C582D891537A230.svg"/>
        <image key="7D4E13552F08995905B7F39F0FCA3415.svg"/>
        <image key="2119E1032635B58A9627C98AB304CEE8.svg"/>
      </images>
    </page>
    <page name="Resumo Prova" ID="DA6DC02E-57ED-4744-85D6-117C3E48E00A" expanded="False" code="ejoc9I5EtK" thumbCode="" isLastOpen="True" status="psWhite" isfolder="False" isshownode="True"/>
    <page name="10Km" ID="1BD2627F-CE4E-443D-A299-3C932401C014" expanded="True" code="6eelYyJcWZ" thumbCode="JsJGpRVoki" isLastOpen="True" status="psWhite" isfolder="False" isshownode="True">
      <images>
        <image key="8D87F0B6E067D29DE1E9AC9BADB84F13.svg"/>
        <image key="9DA58F6FCBD77A56BA4CDD80AFFCE333.svg"/>
        <image key="268E16FD592DA2C630668940E11A82CC.svg"/>
        <image key="2119E1032635B58A9627C98AB304CEE8.svg"/>
        <image key="703AAF20837833BA02B20D42035CBAD2.jpeg"/>
      </images>
    </page>
    <page name="2km" ID="286177A6-8E7D-4175-82A0-DAFE9272B66A" expanded="True" code="oCtwXHIPtb" thumbCode="zW8wn8LCD7" isLastOpen="True" status="psWhite" isfolder="False" isshownode="True">
      <images>
        <image key="8D87F0B6E067D29DE1E9AC9BADB84F13.svg"/>
        <image key="3B429136206B14BA2CB18CABD09E7498.jpeg"/>
        <image key="9DA58F6FCBD77A56BA4CDD80AFFCE333.svg"/>
        <image key="268E16FD592DA2C630668940E11A82CC.svg"/>
        <image key="2119E1032635B58A9627C98AB304CEE8.svg"/>
      </images>
    </page>
    <page name="Começar" ID="732C9ECF-185E-4E25-A2E2-86D856A98685" expanded="True" code="Md2MkPyZ5T" thumbCode="6OCM8oy5UK" isLastOpen="True" status="psWhite" isfolder="False" isshownode="True">
      <images>
        <image key="8D87F0B6E067D29DE1E9AC9BADB84F13.svg"/>
        <image key="9DA58F6FCBD77A56BA4CDD80AFFCE333.svg"/>
        <image key="268E16FD592DA2C630668940E11A82CC.svg"/>
        <image key="B6960809EC4F1B416595F80B64797A61.jpeg"/>
        <image key="2119E1032635B58A9627C98AB304CEE8.svg"/>
      </images>
    </page>
    <page name="Histórico Atividades 2" ID="05B762AC-9D83-43F5-8CE5-12DC28DC4997" expanded="True" code="pd6Iygz8Nz" thumbCode="hZGHxxuSqD" isLastOpen="True" status="psWhite" isfolder="False" isshownode="True"/>
    <page name="Inserir Perfil" ID="71B76A5D-E30D-4052-AAC0-3CBB5C656BE9" expanded="True" code="furkMevAyF" thumbCode="77qH2A8HMq" isLastOpen="True" status="psWhite" isfolder="False" isshownode="True">
      <images>
        <image key="D6859759E093AABA6D618DD6AA733504.svg"/>
      </images>
    </page>
    <page name="Inscrição" ID="088ED0A4-CB26-4BD9-A434-E2215CF65BBC" expanded="True" code="jYJJejYnCZ" thumbCode="JPdNY98OFP" isLastOpen="True" status="psWhite" isfolder="False" isshownode="True"/>
  </trash>
  <deletes/>
  <masters>
    <master name="Master" ID="83996B7F-992C-4B2A-A263-1B80F3015A5A" code="ZHWxMfvUYG" status="psWhite" createDate="2017-04-27 14:00:06">
      <refPages/>
      <images>
        <image key="C0EAEFEFEF5DC61186EEAD54A12513C5.png"/>
      </images>
    </master>
  </masters>
  <images>
    <image key="44F3A9030E1580DD364208B7A35F6929.JPG"/>
    <image key="828ED7C18D40FD69D8669ECA12447CA2.JPG"/>
    <image key="FDBB829D8879B617F6BAB73FD7FC0758.JPG"/>
    <image key="CDA96A1E9F5A03484CC3C5E9796C89B3.svg"/>
    <image key="0F740100B0915CB3454052FFE3B0A3CD.svg"/>
    <image key="9DA58F6FCBD77A56BA4CDD80AFFCE333.svg"/>
    <image key="C0ABA9FB9C03C6A909FEF27802D87FBC.jpg"/>
    <image key="84E43FD667F4EA128EEFBAD7B03B51F5.svg"/>
    <image key="9DDEEA598EFDB416262B46AC27D3C8E7.png"/>
    <image key="C0868D7436842EC6FDCE5347CAEDDCB9.jpg"/>
    <image key="8148FCB12E1C8A2FF3D927B7EAC250C8.svg"/>
    <image key="B16CFADD373923AB2F8327FCDB7285ED.jpeg"/>
    <image key="B6960809EC4F1B416595F80B64797A61.jpeg"/>
    <image key="B91434690C5B5224D1CC6B1998F1178A.svg"/>
    <image key="E5C2EC97BA4E402905681E104F6A04D2.jpeg"/>
    <image key="7A14F1252E9096503D7E7D0CF3F4F8A4.svg"/>
    <image key="82D5F0C1816E1EF92E7A351387E1BECD.png"/>
    <image key="0C12E38069AA8ECA2433E5133B4B1D6E.png"/>
    <image key="3B6B11C7F1DCEE43EF3E81FA5480DDCA.png"/>
    <image key="831C86D4D1CFAE29DFA97695D6696E74.jpg"/>
    <image key="3B429136206B14BA2CB18CABD09E7498.jpeg"/>
    <image key="1345505031BCF47E4B0B5A7913FCE552.png"/>
    <image key="272406045191EFD41262383E38074218.svg"/>
    <image key="91852B86E51F760894554368302F9800.svg"/>
    <image key="08DA9EA35B77E55E78540E7645C6C85A.png"/>
    <image key="9971C54B10DB4FB36C582D891537A230.svg"/>
    <image key="2A95475874DC1FC53788CA65103F6C92.png"/>
    <image key="C0EAEFEFEF5DC61186EEAD54A12513C5.png"/>
    <image key="7D4E13552F08995905B7F39F0FCA3415.svg"/>
    <image key="703AAF20837833BA02B20D42035CBAD2.jpeg"/>
    <image key="F3224463A9D5AE29D90522DBA0DA2B61.jpg"/>
    <image key="D95E480717200F895E41DB6E5B869596.svg"/>
    <image key="DB7FC814F441C17601BBA7EA29C0CC4C.svg"/>
    <image key="8D87F0B6E067D29DE1E9AC9BADB84F13.svg"/>
    <image key="B245D5F394AD9CFF11D6CD385CF33332.svg"/>
    <image key="19DC509354D6ED238654C9B449A4C626.png"/>
    <image key="96718FB94A11DE6BC0F5F1CDD459B7FC.jpg"/>
    <image key="8848836D5747C089557D94C89945716A.jpg"/>
    <image key="268E16FD592DA2C630668940E11A82CC.svg"/>
    <image key="3D5E90344E23C923EF92911B802563ED.svg"/>
    <image key="13A6B3D854F2AB14928F0218C2866215.svg"/>
    <image key="A9F7F9C6992782687ED6C3A6422B3883.png"/>
    <image key="3A3CD3DB2FAE85FFEF2A8996E634645D.svg"/>
    <image key="7368E932054EB35095B123FCB5C28A31.svg"/>
    <image key="D6859759E093AABA6D618DD6AA733504.svg"/>
    <image key="2119E1032635B58A9627C98AB304CEE8.svg"/>
  </images>
</project>