﻿<LinkSources version="1.02">
  <page ID="121A7F69-2A43-45A9-B47E-AEA2ECE036AD">
    <linkSource sourcePageID="121A7F69-2A43-45A9-B47E-AEA2ECE036AD" comID="AB0A554F-F15C-4EA1-83CB-EA4038C009EC" comLinkType="cltPageLink"/>
    <linkSource sourcePageID="C74CE230-9210-4E90-A8B1-B6A9A5ED7209" comID="0A1865EB-DC3D-4593-8EC3-EB4EFCAB9344" comLinkType="cltPageLink"/>
    <linkSource sourcePageID="71FB2F21-D89C-4C24-850E-79C395D0FE33" comID="CDDE6190-4AA1-4074-B4EA-93D88A2632D2" comLinkType="cltPageLink"/>
    <linkSource sourcePageID="D02D34B1-A6CF-4CBD-BDF0-38F39A318EC0" comID="EC12B6E6-94F9-4B26-813C-6C9CC36579B8" comLinkType="cltPageLink"/>
    <linkSource sourcePageID="0CD01DE1-6CBF-4CFA-86A6-3DCA15FE03D6" comID="2A6F6E80-3A97-4A4E-8264-486CF7624A32" comLinkType="cltPageLink"/>
    <linkSource sourcePageID="306606D6-33D3-4C30-A019-1E2D44D1BFA3" comID="A07BF6B4-4E71-44CB-BA19-7B224888B74A" comLinkType="cltPageLink"/>
    <linkSource sourcePageID="52DC4A86-665A-488D-BAC0-92F4FFE10BA6" comID="48478899-656A-4C3F-A54B-2514C8B67865" comLinkType="cltPageLink"/>
  </page>
  <page ID="0CD01DE1-6CBF-4CFA-86A6-3DCA15FE03D6">
    <linkSource sourcePageID="9014F59C-F70A-40E7-A8A8-79AE7A3B3938" comID="72882350-376B-4ECA-9784-8F6BD3C874A3" comLinkType="cltPageLink"/>
    <linkSource sourcePageID="C74CE230-9210-4E90-A8B1-B6A9A5ED7209" comID="C24590EA-1BFF-4FC2-A358-8C8FE02B6D83" comLinkType="cltPageLink"/>
    <linkSource sourcePageID="EEB0FE41-5833-47E9-93D7-9AEB89521A7C" comID="2756D7B6-AE35-4AF7-AA2D-B9ED67077DE3" comLinkType="cltPageLink"/>
    <linkSource sourcePageID="C74CE230-9210-4E90-A8B1-B6A9A5ED7209" comID="0A1865EB-DC3D-4593-8EC3-EB4EFCAB9344" comLinkType="cltPageLink"/>
    <linkSource sourcePageID="2A69B7C8-2231-4DCA-B8B2-F5857C0A3B6C" comID="53A0AE73-396E-45B3-A266-7AA798C93894" comLinkType="cltPageLink"/>
    <linkSource sourcePageID="121A7F69-2A43-45A9-B47E-AEA2ECE036AD" comID="E4C926E0-77F1-4880-86AB-F41DA82B4AD8" comLinkType="cltPageLink"/>
    <linkSource sourcePageID="1DC50E78-B3B7-4A7B-A664-CE1069AE8447" comID="1FEF9A27-B0C1-44A6-BC18-E4C6EDF2E9EC" comLinkType="cltPageLink"/>
    <linkSource sourcePageID="1DC50E78-B3B7-4A7B-A664-CE1069AE8447" comID="31ADBD4F-4F57-4C09-BA6E-953894D1CEF7" comLinkType="cltPageLink"/>
    <linkSource sourcePageID="1DC50E78-B3B7-4A7B-A664-CE1069AE8447" comID="4FC2B436-A91F-4F09-B075-FD096D0E0D68" comLinkType="cltPageLink"/>
    <linkSource sourcePageID="0CD01DE1-6CBF-4CFA-86A6-3DCA15FE03D6" comID="98326D0B-EFC6-4E7D-95F0-21475773EE9F" comLinkType="cltPageLink"/>
    <linkSource sourcePageID="121A7F69-2A43-45A9-B47E-AEA2ECE036AD" comID="ABD37171-0316-496A-B57B-023B194E5CDA" comLinkType="cltPageLink"/>
    <linkSource sourcePageID="C74CE230-9210-4E90-A8B1-B6A9A5ED7209" comID="D5B2EC6A-1D22-46FD-8582-1EAFA75C42CF" comLinkType="cltPageLink"/>
    <linkSource sourcePageID="47DF6902-A4A6-40A5-AD54-ABDE4E8ABF98" comID="C43EE5B3-9078-4D6A-8BB2-155BD7E0A4A0" comLinkType="cltPageLink"/>
    <linkSource sourcePageID="C74CE230-9210-4E90-A8B1-B6A9A5ED7209" comID="B7A6CE5B-7E3B-4CAD-BB7F-9669AD4AC35D" comLinkType="cltPageLink"/>
    <linkSource sourcePageID="6999A056-9EC0-419C-964A-BAC2E1520B9B" comID="3177B6B8-B325-4718-9E8D-536643976FF1" comLinkType="cltPageLink"/>
    <linkSource sourcePageID="EEB0FE41-5833-47E9-93D7-9AEB89521A7C" comID="E5185FC9-8600-48EA-8AAE-9F17BFF64C2B" comLinkType="cltPageLink"/>
    <linkSource sourcePageID="D2F2AB4F-8B39-4A4D-BF6E-03F9883622A1" comID="B8D84ABA-1EC9-4B5D-A878-E6413363F165" comLinkType="cltPageLink"/>
    <linkSource sourcePageID="A8C803AA-AC6B-41A0-84D1-AF5E8A87981D" comID="A825118E-E42E-4B99-868E-6A066FE10045" comLinkType="cltPageLink"/>
    <linkSource sourcePageID="E3A6CF55-D116-4715-B043-FC13DFD1E647" comID="45005E46-3A9D-444C-A1B2-F4DEAEE78098" comLinkType="cltPageLink"/>
    <linkSource sourcePageID="269BDF4D-2A51-4FB8-858D-95EF37EB4678" comID="7F14EABD-6693-4F56-996A-80A8801F10A5" comLinkType="cltPageLink"/>
    <linkSource sourcePageID="B8678943-7BE8-4FFC-91B9-2C25B63935DE" comID="B25A23ED-C051-4BE0-85DE-64F4C7931DEF" comLinkType="cltPageLink"/>
    <linkSource sourcePageID="05B0B4C7-3227-41F9-A041-DED3A7202334" comID="5E3BD281-4683-473A-8136-5C1202D3FDF1" comLinkType="cltPageLink"/>
    <linkSource sourcePageID="56BFE1C2-2E1E-4E2E-8F59-42D46A0843D9" comID="034BFE9B-987A-43AD-AC1C-A74901B00A30" comLinkType="cltPageLink"/>
    <linkSource sourcePageID="EE9A58A0-24ED-4B5C-972B-76455EEB4BF6" comID="9E4A883F-4D7A-41C3-A4A7-6BF07CC916DC" comLinkType="cltPageLink"/>
    <linkSource sourcePageID="4DB8E602-E5CF-4F5F-8FF1-648762000D50" comID="3177B6B8-B325-4718-9E8D-536643976FF1" comLinkType="cltPageLink"/>
    <linkSource sourcePageID="E59289A0-54D9-4F3B-8919-06DD68FC5C65" comID="3177B6B8-B325-4718-9E8D-536643976FF1" comLinkType="cltPageLink"/>
    <linkSource sourcePageID="1EF30584-B065-4E27-A617-E869508A457A" comID="E5185FC9-8600-48EA-8AAE-9F17BFF64C2B" comLinkType="cltPageLink"/>
    <linkSource sourcePageID="9E657E8D-58EC-4165-A865-1801505FCDBE" comID="E5185FC9-8600-48EA-8AAE-9F17BFF64C2B" comLinkType="cltPageLink"/>
    <linkSource sourcePageID="E24DE970-3BA8-4738-952B-4F92938E5AB5" comID="E5185FC9-8600-48EA-8AAE-9F17BFF64C2B" comLinkType="cltPageLink"/>
    <linkSource sourcePageID="A8C803AA-AC6B-41A0-84D1-AF5E8A87981D" comID="4BCD77F0-245A-469B-9679-A66E2C38E6F1" comLinkType="cltPageLink"/>
    <linkSource sourcePageID="6CD67606-200C-485F-A67F-B495EEAF22F6" comID="B25A23ED-C051-4BE0-85DE-64F4C7931DEF" comLinkType="cltPageLink"/>
    <linkSource sourcePageID="6D0ED666-1A38-4B1E-98AB-40E80DE548DF" comID="AD0AA51D-1810-4739-B466-B9E6E41C4039" comLinkType="cltPageLink"/>
    <linkSource sourcePageID="7AF88CE8-E1DF-4DBA-8762-50C026F1B446" comID="F73BE02D-B23A-4864-A751-E953D661AA1A" comLinkType="cltPageLink"/>
  </page>
  <page ID="2A69B7C8-2231-4DCA-B8B2-F5857C0A3B6C">
    <linkSource sourcePageID="0CD01DE1-6CBF-4CFA-86A6-3DCA15FE03D6" comID="0A604DD5-3B27-4D4A-A33D-AC0C706FEDF3" comLinkType="cltPageLink"/>
    <linkSource sourcePageID="0CD01DE1-6CBF-4CFA-86A6-3DCA15FE03D6" comID="21BF94A8-BC71-430B-A6A4-365B72F6D12F" comLinkType="cltPageLink"/>
    <linkSource sourcePageID="0CD01DE1-6CBF-4CFA-86A6-3DCA15FE03D6" comID="511A8EB9-8286-45C8-958A-AE684F19F7E8" comLinkType="cltPageLink"/>
  </page>
  <page ID="C74CE230-9210-4E90-A8B1-B6A9A5ED7209">
    <linkSource sourcePageID="2A69B7C8-2231-4DCA-B8B2-F5857C0A3B6C" comID="CE42FB4B-CFDC-4EEC-9183-7E58A1C69E84" comLinkType="cltPageLink"/>
    <linkSource sourcePageID="0CD01DE1-6CBF-4CFA-86A6-3DCA15FE03D6" comID="BD976178-560C-40C9-BF4E-66E02D7B2172" comLinkType="cltPageLink"/>
    <linkSource sourcePageID="0CD01DE1-6CBF-4CFA-86A6-3DCA15FE03D6" comID="96ADB35C-16AA-40DA-A7B0-7406F759F71B" comLinkType="cltPageLink"/>
    <linkSource sourcePageID="0CD01DE1-6CBF-4CFA-86A6-3DCA15FE03D6" comID="CAFB7E93-13C9-4EC9-8262-B6B7ED843021" comLinkType="cltPageLink"/>
    <linkSource sourcePageID="0CD01DE1-6CBF-4CFA-86A6-3DCA15FE03D6" comID="2871E227-9A3F-461C-BF48-38E04230ABF2" comLinkType="cltPageLink"/>
    <linkSource sourcePageID="0CD01DE1-6CBF-4CFA-86A6-3DCA15FE03D6" comID="1B2B5410-8672-403F-8982-F3939FC88A9C" comLinkType="cltPageLink"/>
    <linkSource sourcePageID="0CD01DE1-6CBF-4CFA-86A6-3DCA15FE03D6" comID="65CEABD4-9620-4DC1-B92D-3A66C12FB83D" comLinkType="cltPageLink"/>
    <linkSource sourcePageID="0CD01DE1-6CBF-4CFA-86A6-3DCA15FE03D6" comID="18B27438-85AF-4235-A1A8-420AAFCA265C" comLinkType="cltPageLink"/>
  </page>
  <page ID="6999A056-9EC0-419C-964A-BAC2E1520B9B">
    <linkSource sourcePageID="2DAC718F-3564-4087-B11B-477AC862E848" comID="09EAD137-D965-4A15-803E-D1DD13E73E86" comLinkType="cltPageLink"/>
    <linkSource sourcePageID="C74CE230-9210-4E90-A8B1-B6A9A5ED7209" comID="CD7021C0-EAE3-4AF7-BFB8-59E6E2CAD027" comLinkType="cltPageLink"/>
  </page>
  <page ID="EEB0FE41-5833-47E9-93D7-9AEB89521A7C">
    <linkSource sourcePageID="6999A056-9EC0-419C-964A-BAC2E1520B9B" comID="8C249F4E-9ACF-4203-BA84-7A08554979A6" comLinkType="cltPageLink"/>
    <linkSource sourcePageID="D2F2AB4F-8B39-4A4D-BF6E-03F9883622A1" comID="8C249F4E-9ACF-4203-BA84-7A08554979A6" comLinkType="cltPageLink"/>
  </page>
  <page ID="1EF30584-B065-4E27-A617-E869508A457A">
    <linkSource sourcePageID="E59289A0-54D9-4F3B-8919-06DD68FC5C65" comID="8C249F4E-9ACF-4203-BA84-7A08554979A6" comLinkType="cltPageLink"/>
    <linkSource sourcePageID="D2F2AB4F-8B39-4A4D-BF6E-03F9883622A1" comID="8C249F4E-9ACF-4203-BA84-7A08554979A6" comLinkType="cltPageLink"/>
    <linkSource sourcePageID="EEB0FE41-5833-47E9-93D7-9AEB89521A7C" comID="FCEFCDA6-BD2E-4787-8180-41F12630DD36" comLinkType="cltPageLink"/>
    <linkSource sourcePageID="1EF30584-B065-4E27-A617-E869508A457A" comID="70A51B54-C08A-4227-8E9E-538407A84DBF" comLinkType="cltPageLink"/>
    <linkSource sourcePageID="9E657E8D-58EC-4165-A865-1801505FCDBE" comID="1E6052C7-F563-4626-A449-7A52BD0F1E16" comLinkType="cltPageLink"/>
    <linkSource sourcePageID="E24DE970-3BA8-4738-952B-4F92938E5AB5" comID="ECF2A710-3F63-41E2-9524-052D480B2BCE" comLinkType="cltPageLink"/>
  </page>
  <page ID="9E657E8D-58EC-4165-A865-1801505FCDBE">
    <linkSource sourcePageID="4DB8E602-E5CF-4F5F-8FF1-648762000D50" comID="8C249F4E-9ACF-4203-BA84-7A08554979A6" comLinkType="cltPageLink"/>
    <linkSource sourcePageID="1EF30584-B065-4E27-A617-E869508A457A" comID="70A51B54-C08A-4227-8E9E-538407A84DBF" comLinkType="cltPageLink"/>
  </page>
  <page ID="E24DE970-3BA8-4738-952B-4F92938E5AB5">
    <linkSource sourcePageID="9E657E8D-58EC-4165-A865-1801505FCDBE" comID="1E6052C7-F563-4626-A449-7A52BD0F1E16" comLinkType="cltPageLink"/>
  </page>
  <page ID="A8C803AA-AC6B-41A0-84D1-AF5E8A87981D">
    <linkSource sourcePageID="E24DE970-3BA8-4738-952B-4F92938E5AB5" comID="ECF2A710-3F63-41E2-9524-052D480B2BCE" comLinkType="cltPageLink"/>
  </page>
  <page ID="E3A6CF55-D116-4715-B043-FC13DFD1E647">
    <linkSource sourcePageID="0CD01DE1-6CBF-4CFA-86A6-3DCA15FE03D6" comID="CC16BE24-C7E8-493B-B9D3-B7F3CCE740FD" comLinkType="cltPageLink"/>
    <linkSource sourcePageID="121A7F69-2A43-45A9-B47E-AEA2ECE036AD" comID="2C55F5D9-A943-46C8-AF93-A6AD0FBAA1A4" comLinkType="cltPageLink"/>
    <linkSource sourcePageID="C74CE230-9210-4E90-A8B1-B6A9A5ED7209" comID="370903C2-BB84-4C7C-B5F6-3B8A23CBCDE2" comLinkType="cltPageLink"/>
    <linkSource sourcePageID="47DF6902-A4A6-40A5-AD54-ABDE4E8ABF98" comID="7228E369-6EE3-44A6-9F8B-7B0856A38F62" comLinkType="cltPageLink"/>
    <linkSource sourcePageID="C74CE230-9210-4E90-A8B1-B6A9A5ED7209" comID="4678C2A9-02DC-4816-815D-C9489497B6B9" comLinkType="cltPageLink"/>
    <linkSource sourcePageID="6999A056-9EC0-419C-964A-BAC2E1520B9B" comID="00CDF99C-EC5E-4486-B681-9DF65FF26B5E" comLinkType="cltPageLink"/>
    <linkSource sourcePageID="EEB0FE41-5833-47E9-93D7-9AEB89521A7C" comID="2F182DDC-25A4-475D-BACE-90197ACD2720" comLinkType="cltPageLink"/>
    <linkSource sourcePageID="D2F2AB4F-8B39-4A4D-BF6E-03F9883622A1" comID="A3E97D18-1CCB-43EF-BD64-6659B422EC86" comLinkType="cltPageLink"/>
    <linkSource sourcePageID="A8C803AA-AC6B-41A0-84D1-AF5E8A87981D" comID="FC93B203-8496-411E-BCAA-570CFBFA132E" comLinkType="cltPageLink"/>
    <linkSource sourcePageID="E3A6CF55-D116-4715-B043-FC13DFD1E647" comID="3A8A1001-778D-416B-A1DF-A196010ED5C9" comLinkType="cltPageLink"/>
    <linkSource sourcePageID="269BDF4D-2A51-4FB8-858D-95EF37EB4678" comID="8095FE48-FE98-4D01-80A4-D8A469FDFA17" comLinkType="cltPageLink"/>
    <linkSource sourcePageID="B8678943-7BE8-4FFC-91B9-2C25B63935DE" comID="BA2AF416-E8D6-4DC1-8F20-29160E0D6BB6" comLinkType="cltPageLink"/>
    <linkSource sourcePageID="05B0B4C7-3227-41F9-A041-DED3A7202334" comID="B5E3FCF4-099F-40E2-8C5F-C639C80D0D61" comLinkType="cltPageLink"/>
    <linkSource sourcePageID="56BFE1C2-2E1E-4E2E-8F59-42D46A0843D9" comID="473C80CE-51A4-4F28-B5B8-B38ABCEF0B3B" comLinkType="cltPageLink"/>
    <linkSource sourcePageID="EE9A58A0-24ED-4B5C-972B-76455EEB4BF6" comID="60E69F2F-9BD3-42F5-98FF-5D77BC880033" comLinkType="cltPageLink"/>
    <linkSource sourcePageID="4DB8E602-E5CF-4F5F-8FF1-648762000D50" comID="00CDF99C-EC5E-4486-B681-9DF65FF26B5E" comLinkType="cltPageLink"/>
    <linkSource sourcePageID="E59289A0-54D9-4F3B-8919-06DD68FC5C65" comID="00CDF99C-EC5E-4486-B681-9DF65FF26B5E" comLinkType="cltPageLink"/>
    <linkSource sourcePageID="1EF30584-B065-4E27-A617-E869508A457A" comID="2F182DDC-25A4-475D-BACE-90197ACD2720" comLinkType="cltPageLink"/>
    <linkSource sourcePageID="9E657E8D-58EC-4165-A865-1801505FCDBE" comID="2F182DDC-25A4-475D-BACE-90197ACD2720" comLinkType="cltPageLink"/>
    <linkSource sourcePageID="E24DE970-3BA8-4738-952B-4F92938E5AB5" comID="2F182DDC-25A4-475D-BACE-90197ACD2720" comLinkType="cltPageLink"/>
    <linkSource sourcePageID="6CD67606-200C-485F-A67F-B495EEAF22F6" comID="BA2AF416-E8D6-4DC1-8F20-29160E0D6BB6" comLinkType="cltPageLink"/>
    <linkSource sourcePageID="6D0ED666-1A38-4B1E-98AB-40E80DE548DF" comID="8D70101D-5C7F-4AE2-A084-790BE2AE507F" comLinkType="cltPageLink"/>
    <linkSource sourcePageID="7AF88CE8-E1DF-4DBA-8762-50C026F1B446" comID="EB81CD84-5624-4795-9EDC-A23ED03BDD3C" comLinkType="cltPageLink"/>
  </page>
  <page ID="B8678943-7BE8-4FFC-91B9-2C25B63935DE">
    <linkSource sourcePageID="E3A6CF55-D116-4715-B043-FC13DFD1E647" comID="4444537E-499A-469C-BC29-F1D7BDADBB53" comLinkType="cltPageLink"/>
    <linkSource sourcePageID="E3A6CF55-D116-4715-B043-FC13DFD1E647" comID="C57FB04E-B791-4FAF-922C-7E5670E66607" comLinkType="cltPageLink"/>
  </page>
  <page ID="05B0B4C7-3227-41F9-A041-DED3A7202334">
    <linkSource sourcePageID="B8678943-7BE8-4FFC-91B9-2C25B63935DE" comID="999C2A92-99B8-435B-9498-DB888524C93F" comLinkType="cltPageLink"/>
  </page>
  <page ID="56BFE1C2-2E1E-4E2E-8F59-42D46A0843D9">
    <linkSource sourcePageID="05B0B4C7-3227-41F9-A041-DED3A7202334" comID="BD109263-A761-4C85-98C8-3BA343ED3577" comLinkType="cltPageLink"/>
    <linkSource sourcePageID="56BFE1C2-2E1E-4E2E-8F59-42D46A0843D9" comID="6E23F9E9-3C7B-430F-AA86-E4B5615C56D3" comLinkType="cltPageLink"/>
    <linkSource sourcePageID="EE9A58A0-24ED-4B5C-972B-76455EEB4BF6" comID="BFB33A11-3205-42D8-89AF-6D2F3ADFC640" comLinkType="cltPageLink"/>
  </page>
  <page ID="EE9A58A0-24ED-4B5C-972B-76455EEB4BF6">
    <linkSource sourcePageID="56BFE1C2-2E1E-4E2E-8F59-42D46A0843D9" comID="6E23F9E9-3C7B-430F-AA86-E4B5615C56D3" comLinkType="cltPageLink"/>
  </page>
  <page ID="6D0ED666-1A38-4B1E-98AB-40E80DE548DF">
    <linkSource sourcePageID="EE9A58A0-24ED-4B5C-972B-76455EEB4BF6" comID="BFB33A11-3205-42D8-89AF-6D2F3ADFC640" comLinkType="cltPageLink"/>
  </page>
  <page ID="6CD67606-200C-485F-A67F-B495EEAF22F6">
    <linkSource sourcePageID="E3A6CF55-D116-4715-B043-FC13DFD1E647" comID="C57FB04E-B791-4FAF-922C-7E5670E66607" comLinkType="cltPageLink"/>
  </page>
  <page ID="4FD0044F-72B2-49CD-8204-F0E29161E0BD">
    <linkSource sourcePageID="121A7F69-2A43-45A9-B47E-AEA2ECE036AD" comID="52CB7A88-0EC2-4CAC-961C-01C1AF4781F9" comLinkType="cltPageLink"/>
    <linkSource sourcePageID="1DC50E78-B3B7-4A7B-A664-CE1069AE8447" comID="CBFB2DF9-46B4-4158-9787-E18460788B2B" comLinkType="cltPageLink"/>
    <linkSource sourcePageID="121A7F69-2A43-45A9-B47E-AEA2ECE036AD" comID="FEB2D437-0157-43EB-AFB1-D3242FE2B23C" comLinkType="cltPageLink"/>
  </page>
  <page ID="1DC50E78-B3B7-4A7B-A664-CE1069AE8447">
    <linkSource sourcePageID="121A7F69-2A43-45A9-B47E-AEA2ECE036AD" comID="FEB2D437-0157-43EB-AFB1-D3242FE2B23C" comLinkType="cltPageLink"/>
    <linkSource sourcePageID="121A7F69-2A43-45A9-B47E-AEA2ECE036AD" comID="52CB7A88-0EC2-4CAC-961C-01C1AF4781F9" comLinkType="cltPageLink"/>
  </page>
  <page ID="47DF6902-A4A6-40A5-AD54-ABDE4E8ABF98">
    <linkSource sourcePageID="121A7F69-2A43-45A9-B47E-AEA2ECE036AD" comID="14566947-36FB-482F-8EA9-D410C03C3B1F" comLinkType="cltPageLink"/>
    <linkSource sourcePageID="0CD01DE1-6CBF-4CFA-86A6-3DCA15FE03D6" comID="53867B65-51F2-4ABD-BC16-3B5567A1B86A" comLinkType="cltPageLink"/>
    <linkSource sourcePageID="121A7F69-2A43-45A9-B47E-AEA2ECE036AD" comID="6502ECFC-F98D-419E-9FE6-E80C15F53C0B" comLinkType="cltPageLink"/>
    <linkSource sourcePageID="C74CE230-9210-4E90-A8B1-B6A9A5ED7209" comID="1AECE018-B809-4898-9343-7A66F9157453" comLinkType="cltPageLink"/>
    <linkSource sourcePageID="47DF6902-A4A6-40A5-AD54-ABDE4E8ABF98" comID="5426B8DB-7AD9-460F-AD33-C73EBC976520" comLinkType="cltPageLink"/>
    <linkSource sourcePageID="C74CE230-9210-4E90-A8B1-B6A9A5ED7209" comID="808F0278-CBDD-4EDC-A75B-A43B299A4CB2" comLinkType="cltPageLink"/>
    <linkSource sourcePageID="6999A056-9EC0-419C-964A-BAC2E1520B9B" comID="83BCD180-AAD3-40CF-BDEB-30A4102EE689" comLinkType="cltPageLink"/>
    <linkSource sourcePageID="EEB0FE41-5833-47E9-93D7-9AEB89521A7C" comID="C64927F3-BCDA-41F3-93B6-39767893B79C" comLinkType="cltPageLink"/>
    <linkSource sourcePageID="D2F2AB4F-8B39-4A4D-BF6E-03F9883622A1" comID="69CA79AF-CDA0-4E86-9C26-82AAD818FD73" comLinkType="cltPageLink"/>
    <linkSource sourcePageID="A8C803AA-AC6B-41A0-84D1-AF5E8A87981D" comID="73EBA69C-CF87-434E-B6B3-A4C8BA2030A0" comLinkType="cltPageLink"/>
    <linkSource sourcePageID="E3A6CF55-D116-4715-B043-FC13DFD1E647" comID="0DB27419-A973-49A4-87F0-20A8EE201BD6" comLinkType="cltPageLink"/>
    <linkSource sourcePageID="269BDF4D-2A51-4FB8-858D-95EF37EB4678" comID="AE6A6D7B-135A-48F4-9682-18826AF2F7C5" comLinkType="cltPageLink"/>
    <linkSource sourcePageID="B8678943-7BE8-4FFC-91B9-2C25B63935DE" comID="70705AF6-D2CB-4358-8A04-9C6D97C51D9D" comLinkType="cltPageLink"/>
    <linkSource sourcePageID="05B0B4C7-3227-41F9-A041-DED3A7202334" comID="8AC64272-EEFC-4A81-A37F-C32451AE4B40" comLinkType="cltPageLink"/>
    <linkSource sourcePageID="56BFE1C2-2E1E-4E2E-8F59-42D46A0843D9" comID="10191581-544C-4E06-9FA4-14488F305860" comLinkType="cltPageLink"/>
    <linkSource sourcePageID="EE9A58A0-24ED-4B5C-972B-76455EEB4BF6" comID="A391D726-5475-429B-BB6F-D2D9492FCB9F" comLinkType="cltPageLink"/>
    <linkSource sourcePageID="4DB8E602-E5CF-4F5F-8FF1-648762000D50" comID="83BCD180-AAD3-40CF-BDEB-30A4102EE689" comLinkType="cltPageLink"/>
    <linkSource sourcePageID="E59289A0-54D9-4F3B-8919-06DD68FC5C65" comID="83BCD180-AAD3-40CF-BDEB-30A4102EE689" comLinkType="cltPageLink"/>
    <linkSource sourcePageID="1EF30584-B065-4E27-A617-E869508A457A" comID="C64927F3-BCDA-41F3-93B6-39767893B79C" comLinkType="cltPageLink"/>
    <linkSource sourcePageID="9E657E8D-58EC-4165-A865-1801505FCDBE" comID="C64927F3-BCDA-41F3-93B6-39767893B79C" comLinkType="cltPageLink"/>
    <linkSource sourcePageID="E24DE970-3BA8-4738-952B-4F92938E5AB5" comID="C64927F3-BCDA-41F3-93B6-39767893B79C" comLinkType="cltPageLink"/>
    <linkSource sourcePageID="6CD67606-200C-485F-A67F-B495EEAF22F6" comID="70705AF6-D2CB-4358-8A04-9C6D97C51D9D" comLinkType="cltPageLink"/>
    <linkSource sourcePageID="6D0ED666-1A38-4B1E-98AB-40E80DE548DF" comID="9532060F-BB97-4013-A220-4409D072D43B" comLinkType="cltPageLink"/>
    <linkSource sourcePageID="7AF88CE8-E1DF-4DBA-8762-50C026F1B446" comID="136966FD-EACC-4179-A149-A753363B2A81" comLinkType="cltPageLink"/>
  </page>
  <page ID="7AF88CE8-E1DF-4DBA-8762-50C026F1B446">
    <linkSource sourcePageID="121A7F69-2A43-45A9-B47E-AEA2ECE036AD" comID="554E0034-6E16-4365-BDAA-F86DE89791E6" comLinkType="cltPageLink"/>
    <linkSource sourcePageID="0CD01DE1-6CBF-4CFA-86A6-3DCA15FE03D6" comID="9CA8C7EB-AD24-4F4E-8750-E1078BDD152D" comLinkType="cltPageLink"/>
    <linkSource sourcePageID="121A7F69-2A43-45A9-B47E-AEA2ECE036AD" comID="DE997E17-92A6-43FC-A6E0-B4FD668D372D" comLinkType="cltPageLink"/>
    <linkSource sourcePageID="C74CE230-9210-4E90-A8B1-B6A9A5ED7209" comID="C8B08555-88B1-4238-8486-387056C8DDEF" comLinkType="cltPageLink"/>
    <linkSource sourcePageID="47DF6902-A4A6-40A5-AD54-ABDE4E8ABF98" comID="700540A8-8A6F-4938-AB8C-23EC0A9AB6CE" comLinkType="cltPageLink"/>
    <linkSource sourcePageID="C74CE230-9210-4E90-A8B1-B6A9A5ED7209" comID="D1B6E2B4-5D1A-4CD5-B815-1EB36B4E64B3" comLinkType="cltPageLink"/>
    <linkSource sourcePageID="6999A056-9EC0-419C-964A-BAC2E1520B9B" comID="5F487582-C093-49E1-AB1F-D54025B77A8C" comLinkType="cltPageLink"/>
    <linkSource sourcePageID="EEB0FE41-5833-47E9-93D7-9AEB89521A7C" comID="6C200BE4-4068-4DE5-B760-F66E8C8F7A82" comLinkType="cltPageLink"/>
    <linkSource sourcePageID="D2F2AB4F-8B39-4A4D-BF6E-03F9883622A1" comID="7C1C2ABE-9737-4994-8E93-325ECFCAC299" comLinkType="cltPageLink"/>
    <linkSource sourcePageID="A8C803AA-AC6B-41A0-84D1-AF5E8A87981D" comID="6A39A6E0-1493-4304-8FCE-74417D256B18" comLinkType="cltPageLink"/>
    <linkSource sourcePageID="E3A6CF55-D116-4715-B043-FC13DFD1E647" comID="2926691C-C210-40E6-842F-200DBCC8FD7F" comLinkType="cltPageLink"/>
    <linkSource sourcePageID="269BDF4D-2A51-4FB8-858D-95EF37EB4678" comID="EFBC3631-11C6-4E33-AAD1-BCD17DC3644E" comLinkType="cltPageLink"/>
    <linkSource sourcePageID="B8678943-7BE8-4FFC-91B9-2C25B63935DE" comID="846E2272-C90A-47DD-A7E5-3EEA9DE7516E" comLinkType="cltPageLink"/>
    <linkSource sourcePageID="05B0B4C7-3227-41F9-A041-DED3A7202334" comID="C5443A99-17FF-49A1-83F7-1360D2A2DF77" comLinkType="cltPageLink"/>
    <linkSource sourcePageID="56BFE1C2-2E1E-4E2E-8F59-42D46A0843D9" comID="E38FB9D6-E6D7-4AF2-AB8B-54842161921E" comLinkType="cltPageLink"/>
    <linkSource sourcePageID="EE9A58A0-24ED-4B5C-972B-76455EEB4BF6" comID="A3E7AEA9-64E7-4541-B173-BBFFC789F5C0" comLinkType="cltPageLink"/>
    <linkSource sourcePageID="4DB8E602-E5CF-4F5F-8FF1-648762000D50" comID="5F487582-C093-49E1-AB1F-D54025B77A8C" comLinkType="cltPageLink"/>
    <linkSource sourcePageID="E59289A0-54D9-4F3B-8919-06DD68FC5C65" comID="5F487582-C093-49E1-AB1F-D54025B77A8C" comLinkType="cltPageLink"/>
    <linkSource sourcePageID="1EF30584-B065-4E27-A617-E869508A457A" comID="6C200BE4-4068-4DE5-B760-F66E8C8F7A82" comLinkType="cltPageLink"/>
    <linkSource sourcePageID="9E657E8D-58EC-4165-A865-1801505FCDBE" comID="6C200BE4-4068-4DE5-B760-F66E8C8F7A82" comLinkType="cltPageLink"/>
    <linkSource sourcePageID="E24DE970-3BA8-4738-952B-4F92938E5AB5" comID="6C200BE4-4068-4DE5-B760-F66E8C8F7A82" comLinkType="cltPageLink"/>
    <linkSource sourcePageID="A8C803AA-AC6B-41A0-84D1-AF5E8A87981D" comID="4BCD77F0-245A-469B-9679-A66E2C38E6F1" comLinkType="cltPageLink"/>
    <linkSource sourcePageID="6CD67606-200C-485F-A67F-B495EEAF22F6" comID="846E2272-C90A-47DD-A7E5-3EEA9DE7516E" comLinkType="cltPageLink"/>
    <linkSource sourcePageID="6D0ED666-1A38-4B1E-98AB-40E80DE548DF" comID="AACE2772-B89F-4C94-BECE-717FEE307FBB" comLinkType="cltPageLink"/>
    <linkSource sourcePageID="6D0ED666-1A38-4B1E-98AB-40E80DE548DF" comID="65CD39EA-4072-44E8-AD9C-9E63C91B6F00" comLinkType="cltPageLink"/>
    <linkSource sourcePageID="7AF88CE8-E1DF-4DBA-8762-50C026F1B446" comID="CB932E58-909F-4C89-AF7F-395A35C2CD1C" comLinkType="cltPageLink"/>
  </page>
  <page ID="306606D6-33D3-4C30-A019-1E2D44D1BFA3">
    <linkSource sourcePageID="7AF88CE8-E1DF-4DBA-8762-50C026F1B446" comID="6D982210-0275-4E50-AAD5-1E0D62095ACE" comLinkType="cltPageLink"/>
  </page>
</LinkSources>