﻿<mockup version="5.3" minAllowVersion="5.3" ID="05B0B4C7-3227-41F9-A041-DED3A7202334" platform="MtMobile" defaultW="360" defaultH="640" measureW="360" measureH="640" screenOrientation="MoPortrait" mobileScreenScale="1.77777779102325" clipArea="(0,0,0,0)">
  <controls controlCount="26">
    <control controlID="326930DF-DEA8-40DB-9E81-8E04DF87C2B4" controlTypeID="Image" x="0" y="180" w="360" h="400" zOrder="0">
      <URL>B6960809EC4F1B416595F80B64797A61.jpeg</URL>
    </control>
    <control controlID="0C52A02B-21BE-45F1-8450-8D135FCDBA1D" controlTypeID="Shape" x="0" y="20" w="360" h="62" zOrder="1">
      <color>4281743437</color>
      <borderVisible>False</borderVisible>
      <font family="Segoe+UI" displayName="Segoe+UI" postScript="" weightStyle="Normal" weight="400" isBold="False" isItalic="False"/>
      <textSize>14</textSize>
      <selectedIndex>-1</selectedIndex>
    </control>
    <control controlID="E2C70EE6-A5A1-4917-B577-7DE8CB765B99" controlTypeID="StatusBar(Android)" x="0" y="0" w="360" h="20" zOrder="2"/>
    <control controlID="2F619A56-F852-4ABC-9C42-F00BC8ADF539" controlTypeID="Shape" x="137" y="33" w="51" h="43" zOrder="3">
      <font family="Segoe+UI" displayName="Segoe+UI+It%C3%A1lico" postScript="" weightStyle="It%C3%A1lico" weight="400" isBold="False" isItalic="True"/>
      <textSize>14</textSize>
      <textStyles>[fsItalic]</textStyles>
      <selectedIndex>-1</selectedIndex>
      <radius>4</radius>
    </control>
    <control controlID="2D797D9F-5026-40AB-A0FF-8A225ABD3F3B" controlTypeID="Label" x="190" y="43" w="26" h="22" zOrder="4">
      <isAutoSize>False</isAutoSize>
      <font family="Segoe+UI" displayName="Segoe+UI_%26_Bold" postScript="" weightStyle="Bold" weight="700" isBold="True" isItalic="False"/>
      <text>H+%3A</text>
      <textColor>4294967295</textColor>
      <textSize>16</textSize>
      <textVAlign>VaTop</textVAlign>
      <lineSpacing>0</lineSpacing>
      <textStyles>[fsBold]</textStyles>
      <useDefaultTextSize>False</useDefaultTextSize>
      <selectedIndex>-1</selectedIndex>
    </control>
    <control controlID="EC38C21F-BEC4-4851-A9D9-A7B5BF838605" controlTypeID="Label" x="270" y="43" w="26" h="22" zOrder="5">
      <isAutoSize>False</isAutoSize>
      <font family="Segoe+UI" displayName="Segoe+UI_%26_Bold" postScript="" weightStyle="Bold" weight="700" isBold="True" isItalic="False"/>
      <text>M</text>
      <textColor>4294967295</textColor>
      <textSize>16</textSize>
      <textVAlign>VaTop</textVAlign>
      <lineSpacing>0</lineSpacing>
      <textStyles>[fsBold]</textStyles>
      <useDefaultTextSize>False</useDefaultTextSize>
      <selectedIndex>-1</selectedIndex>
    </control>
    <control controlID="1E36C1E5-E42E-44E0-A931-B21ECF7A6555" controlTypeID="Label" x="147" y="34" w="32" h="38" zOrder="6">
      <font family="Segoe+UI" displayName="Segoe+UI_%26_Bold" postScript="" weightStyle="Bold" weight="700" isBold="True" isItalic="False"/>
      <text>00</text>
      <textSize>28</textSize>
      <textVAlign>VaTop</textVAlign>
      <lineSpacing>0</lineSpacing>
      <textStyles>[fsBold]</textStyles>
      <useDefaultTextSize>False</useDefaultTextSize>
      <selectedIndex>-1</selectedIndex>
    </control>
    <control controlID="F84C1892-B403-47DA-8B90-85418F1DF33C" controlTypeID="Shape" x="216" y="33" w="51" h="43" zOrder="7">
      <font family="Segoe+UI" displayName="Segoe+UI+It%C3%A1lico" postScript="" weightStyle="It%C3%A1lico" weight="400" isBold="False" isItalic="True"/>
      <textSize>14</textSize>
      <textStyles>[fsItalic]</textStyles>
      <selectedIndex>-1</selectedIndex>
      <radius>4</radius>
    </control>
    <control controlID="547A7911-69E7-489F-AF09-AA79ABFD85C9" controlTypeID="Label" x="226" y="34" w="32" h="38" zOrder="8">
      <font family="Segoe+UI" displayName="Segoe+UI_%26_Bold" postScript="" weightStyle="Bold" weight="700" isBold="True" isItalic="False"/>
      <text>00</text>
      <textSize>28</textSize>
      <textVAlign>VaTop</textVAlign>
      <lineSpacing>0</lineSpacing>
      <textStyles>[fsBold]</textStyles>
      <useDefaultTextSize>False</useDefaultTextSize>
      <selectedIndex>-1</selectedIndex>
    </control>
    <control controlID="A70EB62F-E3D2-4B6D-A01C-4A24F6BC9A3F" controlTypeID="Label" x="63" y="42" w="26" h="22" zOrder="9">
      <isAutoSize>False</isAutoSize>
      <font family="Segoe+UI" displayName="Segoe+UI_%26_Bold" postScript="" weightStyle="Bold" weight="700" isBold="True" isItalic="False"/>
      <text>Km</text>
      <textColor>4294967295</textColor>
      <textSize>16</textSize>
      <textVAlign>VaTop</textVAlign>
      <lineSpacing>0</lineSpacing>
      <textStyles>[fsBold]</textStyles>
      <useDefaultTextSize>False</useDefaultTextSize>
      <selectedIndex>-1</selectedIndex>
    </control>
    <control controlID="1043AD21-258D-4E57-9CFB-8A9ACFD547EC" controlTypeID="Label" x="21" y="34" w="40" h="38" zOrder="10">
      <font family="Segoe+UI" displayName="Segoe+UI_%26_Bold" postScript="" weightStyle="Bold" weight="700" isBold="True" isItalic="False"/>
      <text>0%2C0</text>
      <textColor>4294967295</textColor>
      <textSize>28</textSize>
      <textVAlign>VaTop</textVAlign>
      <lineSpacing>0</lineSpacing>
      <textStyles>[fsBold]</textStyles>
      <useDefaultTextSize>False</useDefaultTextSize>
      <selectedIndex>-1</selectedIndex>
    </control>
    <control controlID="585BA1C1-C1F0-40CB-B15B-6DFCE1CC0393" controlTypeID="Shape" x="291" y="33" w="51" h="43" zOrder="11">
      <font family="Segoe+UI" displayName="Segoe+UI+It%C3%A1lico" postScript="" weightStyle="It%C3%A1lico" weight="400" isBold="False" isItalic="True"/>
      <textSize>14</textSize>
      <textStyles>[fsItalic]</textStyles>
      <selectedIndex>-1</selectedIndex>
      <radius>4</radius>
    </control>
    <control controlID="97129A3B-CC26-46D4-81E4-AAB4211A91C4" controlTypeID="Label" x="301" y="34" w="32" h="38" zOrder="12">
      <font family="Segoe+UI" displayName="Segoe+UI_%26_Bold" postScript="" weightStyle="Bold" weight="700" isBold="True" isItalic="False"/>
      <text>00</text>
      <textSize>28</textSize>
      <textVAlign>VaTop</textVAlign>
      <lineSpacing>0</lineSpacing>
      <textStyles>[fsBold]</textStyles>
      <useDefaultTextSize>False</useDefaultTextSize>
      <selectedIndex>-1</selectedIndex>
    </control>
    <control controlID="ED3B32A5-AA95-45D2-A580-EC1CFA4FA188" controlTypeID="Shape" x="0" y="580" w="360" h="60" zOrder="13">
      <color>4278878072</color>
      <borderColor>4281558732</borderColor>
      <font family="Segoe+UI" displayName="Segoe+UI" postScript="" weightStyle="Normal" weight="400" isBold="False" isItalic="False"/>
      <textSize>14</textSize>
      <selectedIndex>-1</selectedIndex>
    </control>
    <control controlID="8CFA8AB8-D4A9-4C6A-A9BD-DDDD77F5CF1F" controlTypeID="Icon" x="44" y="589" w="24" h="24" zOrder="14">
      <color>4294967295</color>
      <icon>
        <ID/>
        <iconFontName>jdIonicons</iconFontName>
        <iconCode>62344</iconCode>
      </icon>
      <URL>9DA58F6FCBD77A56BA4CDD80AFFCE333.svg</URL>
    </control>
    <control controlID="21D6E6F2-5DB4-4A33-AE8C-83349B0D0B0D" controlTypeID="Label" x="310" y="599" w="20" h="19" zOrder="15">
      <font family="Segoe+UI" displayName="Segoe+UI_%26_Bold" postScript="" weightStyle="Bold" weight="700" isBold="True" isItalic="False"/>
      <text>0%25</text>
      <textColor>4294967295</textColor>
      <lineSpacing>0</lineSpacing>
      <textStyles>[fsBold]</textStyles>
      <selectedIndex>-1</selectedIndex>
    </control>
    <control controlID="BA776D4F-85FA-4CAE-8787-A0E61B10A5DD" controlTypeID="Label" x="23" y="596" w="16" h="19" zOrder="16">
      <font family="Segoe+UI" displayName="Segoe+UI_%26_Bold" postScript="" weightStyle="Bold" weight="700" isBold="True" isItalic="False"/>
      <text>90</text>
      <textColor>4294967295</textColor>
      <lineSpacing>0</lineSpacing>
      <textStyles>[fsBold]</textStyles>
      <selectedIndex>-1</selectedIndex>
    </control>
    <control controlID="DA6E6E1A-2FC5-44FC-A772-D3474A6CD176" controlTypeID="Label" x="147" y="611" w="72" h="19" zOrder="17">
      <font family="Segoe+UI" displayName="Segoe+UI_%26_Bold" postScript="" weightStyle="Bold" weight="700" isBold="True" isItalic="False"/>
      <text>0%2C0km%2Fmin</text>
      <textColor>4294967295</textColor>
      <lineSpacing>0</lineSpacing>
      <textStyles>[fsBold]</textStyles>
      <selectedIndex>-1</selectedIndex>
    </control>
    <control controlID="6C40AE3B-570D-44A5-B19B-0B59816C99F1" controlTypeID="Icon" x="171" y="588" w="24" h="24" zOrder="18">
      <color>4294967295</color>
      <icon>
        <ID/>
        <iconFontName>jdIcoFont</iconFontName>
        <iconCode>58986</iconCode>
      </icon>
      <URL>2119E1032635B58A9627C98AB304CEE8.svg</URL>
    </control>
    <control controlID="668AF20A-1C8A-44DC-9BDB-CF6EAE882F74" controlTypeID="Icon" x="281" y="589" w="24" h="24" zOrder="19">
      <color>4294967295</color>
      <icon>
        <ID/>
        <iconFontName>jdFontCustom</iconFontName>
        <iconCode>61818</iconCode>
      </icon>
      <URL>268E16FD592DA2C630668940E11A82CC.svg</URL>
    </control>
    <control controlID="CEA85175-C4CB-4639-A1A5-20E1AEB72371" controlTypeID="Label" x="14" y="88" w="157" h="22" zOrder="20">
      <font family="Segoe+UI" displayName="Segoe+UI_%26_Bold" postScript="" weightStyle="Bold" weight="700" isBold="True" isItalic="False"/>
      <text>Pr%C3%B3ximas+Indica%C3%A7%C3%B5es%3A</text>
      <textSize>16</textSize>
      <lineSpacing>0</lineSpacing>
      <textStyles>[fsBold]</textStyles>
      <useDefaultTextSize>False</useDefaultTextSize>
      <selectedIndex>-1</selectedIndex>
    </control>
    <control controlID="CAE77E6D-F3F3-4123-B0B2-5A9A0E4B25E3" controlTypeID="Label" x="36" y="116" w="141" h="19" zOrder="21">
      <font family="Segoe+UI" displayName="Segoe+UI_%26_Bold" postScript="" weightStyle="Bold" weight="700" isBold="True" isItalic="False"/>
      <text>Passagem+de+Estrada%3A</text>
      <lineSpacing>0</lineSpacing>
      <textStyles>[fsBold]</textStyles>
      <selectedIndex>-1</selectedIndex>
    </control>
    <control controlID="F6AD113B-FD8B-4A35-9C5F-24E22263D15D" controlTypeID="Label" x="205" y="116" w="35" h="19" zOrder="22">
      <font family="Segoe+UI" displayName="Segoe+UI" postScript="" weightStyle="Normal" weight="400" isBold="False" isItalic="False"/>
      <text>500m</text>
      <lineSpacing>0</lineSpacing>
      <selectedIndex>-1</selectedIndex>
    </control>
    <control controlID="57340952-00F8-4C61-9ECA-7DCC4FA8FAD8" controlTypeID="Label" x="37" y="141" w="155" h="19" zOrder="23">
      <font family="Segoe+UI" displayName="Segoe+UI_%26_Bold" postScript="" weightStyle="Bold" weight="700" isBold="True" isItalic="False"/>
      <text>Cruzamento+%C3%A0+Esquerda</text>
      <lineSpacing>0</lineSpacing>
      <textStyles>[fsBold]</textStyles>
      <selectedIndex>-1</selectedIndex>
    </control>
    <control controlID="00CB1BFF-B780-4C0F-9F71-9B59BC83C8BD" controlTypeID="Label" x="206" y="141" w="35" h="19" zOrder="24">
      <font family="Segoe+UI" displayName="Segoe+UI" postScript="" weightStyle="Normal" weight="400" isBold="False" isItalic="False"/>
      <text>600m</text>
      <lineSpacing>0</lineSpacing>
      <selectedIndex>-1</selectedIndex>
    </control>
    <control controlID="BD109263-A761-4C85-98C8-3BA343ED3577" controlTypeID="Shape" x="0" y="21" w="360" h="619" zOrder="25">
      <color>16777215</color>
      <links eventType="AtClick" animate="AmNone" animateAutoDelay="0" animateDuration="500">
        <link targetPageID="56BFE1C2-2E1E-4E2E-8F59-42D46A0843D9" linkType="ltPageLink" isApplyIncludePage="False" title="2km">
          <area shape="0" alt="" ID="{6E692F09-04F8-433C-8E4D-2881723A65C5}" coords="(0,0,360,619)"/>
        </link>
      </links>
      <font family="Segoe+UI" displayName="Segoe+UI" postScript="" weightStyle="Normal" weight="400" isBold="False" isItalic="False"/>
      <textSize>14</textSize>
      <selectedIndex>-1</selectedIndex>
    </control>
  </controls>
  <param>
    <backgroundColor>4294967295</backgroundColor>
    <fontSize>14</fontSize>
    <fontFamily>Segoe+UI</fontFamily>
    <guideLines/>
  </param>
</mockup>