﻿<mockup version="5.3" minAllowVersion="5.3" ID="0CD01DE1-6CBF-4CFA-86A6-3DCA15FE03D6" platform="MtMobile" defaultW="360" defaultH="640" screenOrientation="MoPortrait" mobileScreenScale="1.77777779102325" measureW="360" measureH="640" clipArea="(0,0,0,0)">
  <controls controlCount="52">
    <control controlID="F82202BE-8176-44FE-9EDD-0121E7842BE7" controlTypeID="ScrollView" x="0" y="68" w="360" h="527" zOrder="0">
      <color>16777215</color>
      <borderVisible>False</borderVisible>
      <groupChildrenDescriptors>
        <control controlID="8A53A4F4-BC64-4EEF-A2CE-7D0C2561DED3" controlTypeID="ScrollViewContentPanel" x="0" y="0" w="366" h="789" zOrder="0">
          <alias>contentPanel</alias>
          <groupChildrenDescriptors>
            <control controlID="BD976178-560C-40C9-BF4E-66E02D7B2172" controlTypeID="Panel" x="0" y="75" w="360" h="714" zOrder="0">
              <color>16777215</color>
              <borderVisible>False</borderVisible>
              <groupChildrenDescriptors>
                <control controlID="18B27438-85AF-4235-A1A8-420AAFCA265C" controlTypeID="Image" x="0" y="0" w="360" h="225" zOrder="0">
                  <links eventType="AtClick" animate="AmNone" animateAutoDelay="0" animateDuration="500">
                    <link targetPageID="C74CE230-9210-4E90-A8B1-B6A9A5ED7209" linkType="ltPageLink" isApplyIncludePage="False" title="Guias+Turisticos">
                      <area shape="0" alt="" ID="{BE5221E5-9B81-48F2-9ECA-A37A96ACAAAE}" coords="(0,0,360,225)"/>
                    </link>
                  </links>
                  <URL>F3224463A9D5AE29D90522DBA0DA2B61.jpg</URL>
                </control>
                <control controlID="96ADB35C-16AA-40DA-A7B0-7406F759F71B" controlTypeID="Label" x="67" y="83" w="230" h="54" zOrder="1">
                  <opacity>0.800000011920929</opacity>
                  <links eventType="AtClick" animate="AmFade" animateAutoDelay="0" animateDuration="100">
                    <link targetPageID="C74CE230-9210-4E90-A8B1-B6A9A5ED7209" linkType="ltPageLink" isApplyIncludePage="False" title="Guias+Turisticos">
                      <area shape="0" alt="" ID="{79129E2C-2D40-4908-9705-0B80C7C6559C}" coords="(0,0,230,54)"/>
                    </link>
                  </links>
                  <font family="Segoe+UI" displayName="Segoe+UI_%26_Bold" postScript="" weightStyle="Bold" weight="700" isBold="True" isItalic="False"/>
                  <text>Parque+P%C3%B3lis</text>
                  <textColor>4294967295</textColor>
                  <textSize>40</textSize>
                  <textVAlign>VaTop</textVAlign>
                  <lineSpacing>0</lineSpacing>
                  <textStyles>[fsBold]</textStyles>
                  <useDefaultTextSize>False</useDefaultTextSize>
                  <selectedIndex>-1</selectedIndex>
                </control>
                <control controlID="65CEABD4-9620-4DC1-B92D-3A66C12FB83D" controlTypeID="Image" x="0" y="225" w="360" h="254" zOrder="2">
                  <links eventType="AtClick" animate="AmNone" animateAutoDelay="0" animateDuration="500">
                    <link targetPageID="C74CE230-9210-4E90-A8B1-B6A9A5ED7209" linkType="ltPageLink" isApplyIncludePage="False" title="Guias+Turisticos">
                      <area shape="0" alt="" ID="{BE5221E5-9B81-48F2-9ECA-A37A96ACAAAE}" coords="(0,0,360,254)"/>
                    </link>
                  </links>
                  <URL>C0ABA9FB9C03C6A909FEF27802D87FBC.jpg</URL>
                </control>
                <control controlID="CAFB7E93-13C9-4EC9-8262-B6B7ED843021" controlTypeID="Label" x="13" y="330" w="334" h="54" zOrder="3">
                  <opacity>0.800000011920929</opacity>
                  <links eventType="AtClick" animate="AmNone" animateAutoDelay="0" animateDuration="500">
                    <link targetPageID="C74CE230-9210-4E90-A8B1-B6A9A5ED7209" linkType="ltPageLink" isApplyIncludePage="False" title="Guias+Turisticos">
                      <area shape="0" alt="" ID="{CD9F6C3E-FF3A-4EFF-887E-BFC0E9986DCC}" coords="(0,0,334,54)"/>
                    </link>
                  </links>
                  <font family="Segoe+UI" displayName="Segoe+UI_%26_Bold" postScript="" weightStyle="Bold" weight="700" isBold="True" isItalic="False"/>
                  <text>Est%C3%A1dio+Municipal</text>
                  <textColor>4294967295</textColor>
                  <textSize>40</textSize>
                  <textVAlign>VaTop</textVAlign>
                  <lineSpacing>0</lineSpacing>
                  <textStyles>[fsBold]</textStyles>
                  <useDefaultTextSize>False</useDefaultTextSize>
                  <selectedIndex>-1</selectedIndex>
                </control>
                <control controlID="6DCBE0FA-2A8C-4709-939B-8F830696E111" controlTypeID="Label" x="24" y="565" w="311" h="54" zOrder="4">
                  <opacity>0.800000011920929</opacity>
                  <font family="Segoe+UI" displayName="Segoe+UI" postScript="" weightStyle="Normal" weight="400" isBold="False" isItalic="False"/>
                  <text>Parque+da+Cidade</text>
                  <textColor>4294967295</textColor>
                  <textSize>40</textSize>
                  <textVAlign>VaTop</textVAlign>
                  <lineSpacing>0</lineSpacing>
                  <useDefaultTextSize>False</useDefaultTextSize>
                  <selectedIndex>-1</selectedIndex>
                </control>
                <control controlID="2871E227-9A3F-461C-BF48-38E04230ABF2" controlTypeID="Image" x="0" y="479" w="360" h="225" zOrder="5">
                  <links eventType="AtClick" animate="AmNone" animateAutoDelay="0" animateDuration="500">
                    <link targetPageID="C74CE230-9210-4E90-A8B1-B6A9A5ED7209" linkType="ltPageLink" isApplyIncludePage="False" title="Guias+Turisticos">
                      <area shape="0" alt="" ID="{BE5221E5-9B81-48F2-9ECA-A37A96ACAAAE}" coords="(0,0,360,225)"/>
                    </link>
                  </links>
                  <URL>C0868D7436842EC6FDCE5347CAEDDCB9.jpg</URL>
                </control>
                <control controlID="1B2B5410-8672-403F-8982-F3939FC88A9C" controlTypeID="Label" x="18" y="556" w="329" h="54" zOrder="6">
                  <opacity>0.800000011920929</opacity>
                  <links eventType="AtClick" animate="AmNone" animateAutoDelay="0" animateDuration="500">
                    <link targetPageID="C74CE230-9210-4E90-A8B1-B6A9A5ED7209" linkType="ltPageLink" isApplyIncludePage="False" title="Guias+Turisticos">
                      <area shape="0" alt="" ID="{4CCF5DA7-901A-4B28-8C27-6DECF4BA2618}" coords="(0,0,329,54)"/>
                    </link>
                  </links>
                  <font family="Segoe+UI" displayName="Segoe+UI_%26_Bold" postScript="" weightStyle="Bold" weight="700" isBold="True" isItalic="False"/>
                  <text>Parque+da+Cidade</text>
                  <textColor>4294967295</textColor>
                  <textSize>40</textSize>
                  <textVAlign>VaTop</textVAlign>
                  <lineSpacing>0</lineSpacing>
                  <textStyles>[fsBold]</textStyles>
                  <useDefaultTextSize>False</useDefaultTextSize>
                  <selectedIndex>-1</selectedIndex>
                </control>
                <control controlID="D4DC93C9-8A47-4800-B3DB-31740E61706D" controlTypeID="Circle" x="296" y="13" w="44" h="44" zOrder="7">
                  <color>3388997631</color>
                  <font family="Segoe+UI" displayName="Segoe+UI" postScript="" weightStyle="Normal" weight="400" isBold="False" isItalic="False"/>
                  <textSize>14</textSize>
                  <selectedIndex>-1</selectedIndex>
                  <shapeBorderType>SbEllipse</shapeBorderType>
                </control>
                <control controlID="FAF33AE3-2711-41DB-AB21-1FD2EBF46E9E" controlTypeID="Label" x="302" y="20" w="12" h="27" zOrder="8">
                  <font family="Segoe+UI" displayName="Segoe+UI_%26_Bold" postScript="" weightStyle="Bold" weight="700" isBold="True" isItalic="False"/>
                  <text>3</text>
                  <textColor>4278878072</textColor>
                  <textSize>20</textSize>
                  <lineSpacing>0</lineSpacing>
                  <textStyles>[fsBold]</textStyles>
                  <useDefaultTextSize>False</useDefaultTextSize>
                  <selectedIndex>-1</selectedIndex>
                </control>
                <control controlID="31166308-CD17-4B76-AD09-919B1ED4A0F4" controlTypeID="Icon" x="313" y="22" w="24" h="24" zOrder="9">
                  <color>4278878072</color>
                  <icon>
                    <ID/>
                    <iconFontName>jdIonicons</iconFontName>
                    <iconCode>62436</iconCode>
                  </icon>
                  <URL>8148FCB12E1C8A2FF3D927B7EAC250C8.svg</URL>
                </control>
                <control controlID="5AA782AC-CFAC-4A77-8F46-4DA4AFA4E4F4" controlTypeID="Circle" x="293" y="235" w="44" h="44" zOrder="10">
                  <color>2885681151</color>
                  <font family="Segoe+UI" displayName="Segoe+UI" postScript="" weightStyle="Normal" weight="400" isBold="False" isItalic="False"/>
                  <textSize>14</textSize>
                  <selectedIndex>-1</selectedIndex>
                  <shapeBorderType>SbEllipse</shapeBorderType>
                </control>
                <control controlID="AC180D29-6A67-4B0F-9D88-FF45888ECCCC" controlTypeID="Label" x="295" y="242" w="23" h="27" zOrder="11">
                  <isAutoSize>False</isAutoSize>
                  <font family="Segoe+UI" displayName="Segoe+UI_%26_Bold" postScript="" weightStyle="Bold" weight="700" isBold="True" isItalic="False"/>
                  <text>10</text>
                  <textColor>4291101700</textColor>
                  <textSize>18</textSize>
                  <lineSpacing>0</lineSpacing>
                  <textStyles>[fsBold]</textStyles>
                  <useDefaultTextSize>False</useDefaultTextSize>
                  <selectedIndex>-1</selectedIndex>
                </control>
                <control controlID="965D7F1E-0293-4FE6-8D0B-3ACCA667E60D" controlTypeID="Icon" x="314" y="246" w="20" h="20" zOrder="12">
                  <color>4291101700</color>
                  <icon>
                    <ID/>
                    <iconFontName>jdIonicons</iconFontName>
                    <iconCode>62436</iconCode>
                  </icon>
                  <URL>8148FCB12E1C8A2FF3D927B7EAC250C8.svg</URL>
                </control>
                <control controlID="A0824C8A-04BA-49C6-AC11-144523882050" controlTypeID="Circle" x="290" y="502" w="44" h="44" zOrder="13">
                  <color>3388997631</color>
                  <font family="Segoe+UI" displayName="Segoe+UI" postScript="" weightStyle="Normal" weight="400" isBold="False" isItalic="False"/>
                  <textSize>14</textSize>
                  <selectedIndex>-1</selectedIndex>
                  <shapeBorderType>SbEllipse</shapeBorderType>
                </control>
                <control controlID="5C2F27CF-3751-428C-BA1B-591F545E4C27" controlTypeID="Label" x="296" y="509" w="12" h="27" zOrder="14">
                  <font family="Segoe+UI" displayName="Segoe+UI_%26_Bold" postScript="" weightStyle="Bold" weight="700" isBold="True" isItalic="False"/>
                  <text>7</text>
                  <textColor>4294927923</textColor>
                  <textSize>20</textSize>
                  <lineSpacing>0</lineSpacing>
                  <textStyles>[fsBold]</textStyles>
                  <useDefaultTextSize>False</useDefaultTextSize>
                  <selectedIndex>-1</selectedIndex>
                </control>
                <control controlID="D514D6B4-ABB3-43CD-BCE2-77E53FBB3521" controlTypeID="Icon" x="307" y="511" w="24" h="24" zOrder="15">
                  <color>4294927923</color>
                  <icon>
                    <ID/>
                    <iconFontName>jdIonicons</iconFontName>
                    <iconCode>62436</iconCode>
                  </icon>
                  <URL>8148FCB12E1C8A2FF3D927B7EAC250C8.svg</URL>
                </control>
                <control controlID="4F8BFEE3-00AF-45AA-BAD3-EE4DCD9AF16A" controlTypeID="Border" x="0" y="0" w="360" h="714" zOrder="16">
                  <borderVisible>False</borderVisible>
                  <alias>borderLayer</alias>
                </control>
              </groupChildrenDescriptors>
              <thinkness>1</thinkness>
            </control>
            <control controlID="0A604DD5-3B27-4D4A-A33D-AC0C706FEDF3" controlTypeID="Panel" x="0" y="0" w="360" h="75" zOrder="1">
              <color>4278878072</color>
              <links eventType="AtClick" animate="AmNone" animateAutoDelay="0" animateDuration="500">
                <link targetPageID="2A69B7C8-2231-4DCA-B8B2-F5857C0A3B6C" linkType="ltPageLink" isApplyIncludePage="False" title="Codigo+QR">
                  <area shape="0" alt="" ID="{C480FCF2-E4AA-4399-B00F-FCAD73A12EA4}" coords="(0,0,360,75)"/>
                </link>
              </links>
              <groupChildrenDescriptors>
                <control controlID="511A8EB9-8286-45C8-958A-AE684F19F7E8" controlTypeID="QRCode" x="277" y="6" w="63" h="63" zOrder="0">
                  <links eventType="AtClick" animate="AmNone" animateAutoDelay="0" animateDuration="500">
                    <link targetPageID="2A69B7C8-2231-4DCA-B8B2-F5857C0A3B6C" linkType="ltPageLink" isApplyIncludePage="False" title="Codigo+QR">
                      <area shape="0" alt="" ID="{1ED56E25-1222-4E2F-BAB7-91D10B48EDC0}" coords="(0,0,63,63)"/>
                    </link>
                  </links>
                </control>
                <control controlID="21BF94A8-BC71-430B-A6A4-365B72F6D12F" controlTypeID="Label" x="25" y="15" w="206" h="43" zOrder="1">
                  <links eventType="AtClick" animate="AmNone" animateAutoDelay="0" animateDuration="500">
                    <link targetPageID="2A69B7C8-2231-4DCA-B8B2-F5857C0A3B6C" linkType="ltPageLink" isApplyIncludePage="False" title="Codigo+QR">
                      <area shape="0" alt="" ID="{DAFAECBE-6028-4CED-B5DD-6BF40E70820B}" coords="(0,0,206,43)"/>
                    </link>
                  </links>
                  <font family="Segoe+UI" displayName="Segoe+UI" postScript="" weightStyle="Normal" weight="400" isBold="False" isItalic="False"/>
                  <text>Ler+C%C3%B3digo+QR</text>
                  <textColor>4294967295</textColor>
                  <textSize>32</textSize>
                  <lineSpacing>0</lineSpacing>
                  <useDefaultTextSize>False</useDefaultTextSize>
                  <selectedIndex>-1</selectedIndex>
                </control>
                <control controlID="9832212F-07BC-44EF-8FD7-19A808617234" controlTypeID="Border" x="0" y="0" w="360" h="75" zOrder="2">
                  <alias>borderLayer</alias>
                </control>
              </groupChildrenDescriptors>
              <thinkness>1</thinkness>
            </control>
          </groupChildrenDescriptors>
        </control>
        <control controlID="6A9928D2-2D9E-4E2A-8EBA-2A8D85AB59B2" controlTypeID="Border" x="0" y="0" w="360" h="527" zOrder="1">
          <color>4284900966</color>
          <borderColor>4278190080</borderColor>
          <borderVisible>False</borderVisible>
          <alias>borderLayer</alias>
        </control>
      </groupChildrenDescriptors>
    </control>
    <control controlID="D180CEBC-856E-4E29-B609-1A3AE06B330D" controlTypeID="StatusBar(Android)" x="0" y="0" w="360" h="20" zOrder="1">
      <color>4281353047</color>
    </control>
    <control controlID="85841660-F174-4B16-95D2-6F82AEDAE716" controlTypeID="Shape" x="0" y="21" w="360" h="45" zOrder="2">
      <color>4281743437</color>
      <borderVisible>False</borderVisible>
      <font family="Segoe+UI" displayName="Segoe+UI" postScript="" weightStyle="Normal" weight="400" isBold="False" isItalic="False"/>
      <text>Guarda</text>
      <textColor>4294967295</textColor>
      <textSize>16</textSize>
      <useDefaultTextSize>False</useDefaultTextSize>
      <selectedIndex>-1</selectedIndex>
    </control>
    <control controlID="2A6F6E80-3A97-4A4E-8264-486CF7624A32" controlTypeID="Icon" x="13" y="31" w="24" h="24" zOrder="3">
      <color>4294967295</color>
      <links eventType="AtClick" animate="AmSlideRight" animateAutoDelay="0" animateDuration="100">
        <link targetPageID="command:back" linkType="ltPageLink" isApplyIncludePage="False" title="">
          <area shape="0" alt="" ID="{B251E206-A495-E611-8EEA-3C15C2C1D112}" coords="(0,0,24,24)"/>
        </link>
      </links>
      <icon>
        <ID/>
        <iconFontName>jdIonicons</iconFontName>
        <iconCode>62154</iconCode>
      </icon>
      <URL>D95E480717200F895E41DB6E5B869596.svg</URL>
    </control>
    <control controlID="30B57730-02C0-4FDA-AC8B-9002BD019D47" controlTypeID="Icon" x="320" y="32" w="26" h="26" zOrder="4">
      <color>4294967295</color>
      <interactiveData>
        <entry title="">
          <area shape="0" alt="" ID="{058FFC7C-2CD5-42CB-A2A4-3708B3E102F5}" coords="(0,0,26,26)"/>
          <events title="">
            <event eventType="atClick" isChecked="True">
              <behaviour title="" isChecked="True" isWait="False" isLoop="False" execMode="emParallel">
                <target targetID="53D419EA-417D-48E9-A4C2-D52B505F8E8F" isChecked="True" isAutoRecovery="False" isLoop="False" execMode="emSequence">
                  <command name="Change Visibility" isChecked="True" descrition="">
                    <param name="AniInterpolation" value="1" varType="3" description=""/>
                    <param name="AniDuration" value="200" varType="3" description=""/>
                    <param name="AniAutoReverse" value="False" varType="11" description=""/>
                    <param name="AniLoop" value="False" varType="11" description=""/>
                    <param name="AniInterpolationTypeOut" value="False" varType="11" description=""/>
                    <param name="Delay" value="0" varType="3" description=""/>
                    <param name="ValueFromCurrent" value="True" varType="11" description=""/>
                    <param name="ForceFromInitValue" value="False" varType="11" description=""/>
                    <param name="ForceSetVisible" value="False" varType="11" description=""/>
                    <param name="Value" value="2" varType="3" description=""/>
                    <param name="TerminateLoopByClick" value="True" varType="11" description=""/>
                  </command>
                </target>
              </behaviour>
            </event>
          </events>
        </entry>
      </interactiveData>
      <icon>
        <ID/>
        <iconFontName>jdIonicons</iconFontName>
        <iconCode>62197</iconCode>
      </icon>
      <URL>3A3CD3DB2FAE85FFEF2A8996E634645D.svg</URL>
    </control>
    <control controlID="53D419EA-417D-48E9-A4C2-D52B505F8E8F" controlTypeID="Keyboard" x="0" y="340" w="360" h="253" zOrder="5">
      <isShow>False</isShow>
    </control>
    <control controlID="160A8994-B27B-4945-AFE5-772A6AB9436F" controlTypeID="__group__" x="0" y="593" w="360" h="47" zOrder="6">
      <groupChildrenDescriptors>
        <control controlID="63BC7124-D722-4AF5-ABFA-8D7A73C62FC3" controlTypeID="Shape" x="0" y="0" w="360" h="47" zOrder="0">
          <borderColor>4293190884</borderColor>
          <font family="Arial" displayName="Arial" postScript="" weightStyle="Normal" weight="400" isBold="False" isItalic="False"/>
          <textSize>14</textSize>
          <selectedIndex>-1</selectedIndex>
          <borderMode>[bmTop]</borderMode>
        </control>
        <control controlID="53867B65-51F2-4ABD-BC16-3B5567A1B86A" controlTypeID="IconLabel2" x="39" y="6" w="29" h="37" zOrder="1">
          <links eventType="AtClick" animate="AmNone" animateAutoDelay="0" animateDuration="500">
            <link targetPageID="47DF6902-A4A6-40A5-AD54-ABDE4E8ABF98" linkType="ltPageLink" isApplyIncludePage="False" title="Dados+Pessoais">
              <area shape="0" alt="" ID="{71CC6B0E-EEC5-4B07-ADEB-B12570829D7A}" coords="(0,0,29,37)"/>
            </link>
          </links>
          <groupChildrenDescriptors>
            <control controlID="F2D12FE7-0B04-4AE9-A960-6AB45AF2622C" controlTypeID="Shape" x="4" y="0" w="20" h="20" zOrder="0">
              <canMove>False</canMove>
              <alias>shape</alias>
              <font family="Arial" displayName="Arial" postScript="" weightStyle="Normal" weight="400" isBold="False" isItalic="False"/>
              <textSize>14</textSize>
              <selectedIndex>-1</selectedIndex>
            </control>
            <control controlID="B086C017-1812-4469-B801-4B67B003B318" controlTypeID="Icon" x="4" y="0" w="20" h="20" zOrder="1">
              <color>4288256409</color>
              <canMove>False</canMove>
              <alias>icon</alias>
              <icon>
                <ID/>
                <iconFontName>jdIonicons</iconFontName>
                <iconCode>62368</iconCode>
              </icon>
              <URL>B91434690C5B5224D1CC6B1998F1178A.svg</URL>
            </control>
            <control controlID="ECDF6481-FD8A-4BDB-8EAB-FEB36E3D090E" controlTypeID="Label" x="2" y="24" w="25" h="13" zOrder="2">
              <canMove>False</canMove>
              <alias>label</alias>
              <font family="Arial" displayName="Arial" postScript="" weightStyle="Normal" weight="400" isBold="False" isItalic="False"/>
              <text>Perfil</text>
              <textColor>4284900966</textColor>
              <textSize>11</textSize>
              <textAlign>HaCenter</textAlign>
              <lineSpacing>0</lineSpacing>
              <useDefaultTextSize>False</useDefaultTextSize>
              <selectedIndex>-1</selectedIndex>
            </control>
            <control controlID="A43C50E2-C91E-4520-AF20-B8942B7174B7" controlTypeID="Shape" x="16" y="0" w="13" h="12" zOrder="3">
              <color>4294901760</color>
              <borderVisible>False</borderVisible>
              <canMove>False</canMove>
              <alias>alarm</alias>
              <font family="Arial" displayName="Arial" postScript="" weightStyle="Normal" weight="400" isBold="False" isItalic="False"/>
              <text>2</text>
              <textColor>4294967295</textColor>
              <textSize>7</textSize>
              <selectedIndex>-1</selectedIndex>
              <radius>100</radius>
              <radiusIsPercent>True</radiusIsPercent>
            </control>
          </groupChildrenDescriptors>
          <iconSize>20</iconSize>
        </control>
        <control controlID="98326D0B-EFC6-4E7D-95F0-21475773EE9F" controlTypeID="IconLabel2" x="119" y="6" w="43" h="37" zOrder="2">
          <links eventType="AtClick" animate="AmNone" animateAutoDelay="0" animateDuration="500">
            <link targetPageID="0CD01DE1-6CBF-4CFA-86A6-3DCA15FE03D6" linkType="ltPageLink" isApplyIncludePage="False" title="Cidades+de+Portugal">
              <area shape="0" alt="" ID="{7CCF5DE8-A19A-482A-9CA0-E89D7947A342}" coords="(0,0,43,37)"/>
            </link>
          </links>
          <groupChildrenDescriptors>
            <control controlID="9B71B1EE-7058-4F2B-9711-D78589761317" controlTypeID="Shape" x="12" y="0" w="20" h="20" zOrder="0">
              <canMove>False</canMove>
              <alias>shape</alias>
              <font family="Arial" displayName="Arial" postScript="" weightStyle="Normal" weight="400" isBold="False" isItalic="False"/>
              <textSize>14</textSize>
              <selectedIndex>-1</selectedIndex>
            </control>
            <control controlID="127385E5-A3BA-40C7-AF8E-43E551006AAF" controlTypeID="Icon" x="12" y="0" w="20" h="20" zOrder="1">
              <color>4278190080</color>
              <canMove>False</canMove>
              <alias>icon</alias>
              <icon>
                <ID/>
                <iconFontName>jdIcoMoonFree</iconFontName>
                <iconCode>59826</iconCode>
              </icon>
              <URL>9971C54B10DB4FB36C582D891537A230.svg</URL>
            </control>
            <control controlID="7CD2B5AC-B738-4E76-8A8A-5E9EB55FBCB9" controlTypeID="Label" x="2" y="24" w="39" h="13" zOrder="2">
              <canMove>False</canMove>
              <alias>label</alias>
              <font family="Arial" displayName="Arial_%26_Bold" postScript="" weightStyle="Bold" weight="700" isBold="True" isItalic="False"/>
              <text>Treinos</text>
              <textSize>11</textSize>
              <textAlign>HaCenter</textAlign>
              <lineSpacing>0</lineSpacing>
              <textStyles>[fsBold]</textStyles>
              <useDefaultTextSize>False</useDefaultTextSize>
              <selectedIndex>-1</selectedIndex>
            </control>
            <control controlID="765D23B3-7903-42E7-B417-13C8D710A5A4" controlTypeID="Shape" x="30" y="0" w="13" h="12" zOrder="3">
              <color>4294901760</color>
              <borderVisible>False</borderVisible>
              <canMove>False</canMove>
              <alias>alarm</alias>
              <font family="Arial" displayName="Arial" postScript="" weightStyle="Normal" weight="400" isBold="False" isItalic="False"/>
              <text>2</text>
              <textColor>4294967295</textColor>
              <textSize>7</textSize>
              <selectedIndex>-1</selectedIndex>
              <radius>100</radius>
              <radiusIsPercent>True</radiusIsPercent>
            </control>
          </groupChildrenDescriptors>
          <iconSize>20</iconSize>
        </control>
        <control controlID="CC16BE24-C7E8-493B-B9D3-B7F3CCE740FD" controlTypeID="IconLabel2" x="205" y="6" w="38" h="37" zOrder="3">
          <links eventType="AtClick" animate="AmNone" animateAutoDelay="0" animateDuration="500">
            <link targetPageID="E3A6CF55-D116-4715-B043-FC13DFD1E647" linkType="ltPageLink" isApplyIncludePage="False" title="Provas">
              <area shape="0" alt="" ID="{74B95BEC-644D-4076-9466-DA6658226A01}" coords="(0,0,38,37)"/>
            </link>
          </links>
          <groupChildrenDescriptors>
            <control controlID="D4250543-CECC-45D1-997F-97BF4110D8C5" controlTypeID="Shape" x="9" y="0" w="20" h="20" zOrder="0">
              <canMove>False</canMove>
              <alias>shape</alias>
              <font family="Arial" displayName="Arial" postScript="" weightStyle="Normal" weight="400" isBold="False" isItalic="False"/>
              <textSize>14</textSize>
              <selectedIndex>-1</selectedIndex>
            </control>
            <control controlID="1CB253FD-5B0E-470E-9F26-25A29DDF4257" controlTypeID="Icon" x="9" y="0" w="20" h="20" zOrder="1">
              <color>4288256409</color>
              <canMove>False</canMove>
              <alias>icon</alias>
              <icon>
                <ID/>
                <iconFontName>jdIcoFont</iconFontName>
                <iconCode>58986</iconCode>
              </icon>
              <URL>2119E1032635B58A9627C98AB304CEE8.svg</URL>
            </control>
            <control controlID="A1331B9F-A5A3-4038-89DC-E02260CF676B" controlTypeID="Label" x="2" y="24" w="34" h="13" zOrder="2">
              <canMove>False</canMove>
              <alias>label</alias>
              <font family="Arial" displayName="Arial" postScript="" weightStyle="Normal" weight="400" isBold="False" isItalic="False"/>
              <text>Provas</text>
              <textColor>4288256409</textColor>
              <textSize>11</textSize>
              <textAlign>HaCenter</textAlign>
              <lineSpacing>0</lineSpacing>
              <useDefaultTextSize>False</useDefaultTextSize>
              <selectedIndex>-1</selectedIndex>
            </control>
            <control controlID="9E190B71-46F1-4029-B3F5-E6680D4AD5C1" controlTypeID="Shape" x="25" y="0" w="13" h="12" zOrder="3">
              <color>4294901760</color>
              <borderVisible>False</borderVisible>
              <canMove>False</canMove>
              <alias>alarm</alias>
              <font family="Arial" displayName="Arial" postScript="" weightStyle="Normal" weight="400" isBold="False" isItalic="False"/>
              <text>2</text>
              <textColor>4294967295</textColor>
              <textSize>7</textSize>
              <selectedIndex>-1</selectedIndex>
              <radius>100</radius>
              <radiusIsPercent>True</radiusIsPercent>
            </control>
          </groupChildrenDescriptors>
          <iconSize>20</iconSize>
        </control>
        <control controlID="9CA8C7EB-AD24-4F4E-8750-E1078BDD152D" controlTypeID="IconLabel2" x="281" y="6" w="47" h="37" zOrder="4">
          <links eventType="AtClick" animate="AmNone" animateAutoDelay="0" animateDuration="500">
            <link targetPageID="7AF88CE8-E1DF-4DBA-8762-50C026F1B446" linkType="ltPageLink" isApplyIncludePage="False" title="Hist%C3%B3rico+Atividades">
              <area shape="0" alt="" ID="{F31C76AA-3229-4CB2-AE09-CFB13D443951}" coords="(0,0,47,37)"/>
            </link>
          </links>
          <groupChildrenDescriptors>
            <control controlID="990F6836-0703-4683-9EFC-AF6A4E58477D" controlTypeID="Shape" x="14" y="0" w="20" h="20" zOrder="0">
              <canMove>False</canMove>
              <alias>shape</alias>
              <font family="Arial" displayName="Arial" postScript="" weightStyle="Normal" weight="400" isBold="False" isItalic="False"/>
              <textSize>14</textSize>
              <selectedIndex>-1</selectedIndex>
            </control>
            <control controlID="A5BA4A40-D51B-4FC0-BE49-321D3BFFAA4E" controlTypeID="Icon" x="14" y="0" w="20" h="20" zOrder="1">
              <color>4288256409</color>
              <canMove>False</canMove>
              <alias>icon</alias>
              <icon>
                <ID/>
                <iconFontName>jdIonicons</iconFontName>
                <iconCode>62548</iconCode>
              </icon>
              <URL>7D4E13552F08995905B7F39F0FCA3415.svg</URL>
            </control>
            <control controlID="885A6088-DC8B-4982-BCE3-0A1585F577F4" controlTypeID="Label" x="2" y="24" w="43" h="13" zOrder="2">
              <canMove>False</canMove>
              <alias>label</alias>
              <font family="Arial" displayName="Arial" postScript="" weightStyle="Normal" weight="400" isBold="False" isItalic="False"/>
              <text>Hist%C3%B3rico</text>
              <textColor>4288256409</textColor>
              <textSize>11</textSize>
              <textAlign>HaCenter</textAlign>
              <lineSpacing>0</lineSpacing>
              <useDefaultTextSize>False</useDefaultTextSize>
              <selectedIndex>-1</selectedIndex>
            </control>
            <control controlID="24556AF7-F02A-465F-8880-FB298A7FD6E6" controlTypeID="Shape" x="34" y="0" w="13" h="12" zOrder="3">
              <color>4294901760</color>
              <borderVisible>False</borderVisible>
              <canMove>False</canMove>
              <alias>alarm</alias>
              <font family="Arial" displayName="Arial" postScript="" weightStyle="Normal" weight="400" isBold="False" isItalic="False"/>
              <text>2</text>
              <textColor>4294967295</textColor>
              <textSize>7</textSize>
              <selectedIndex>-1</selectedIndex>
              <radius>100</radius>
              <radiusIsPercent>True</radiusIsPercent>
            </control>
          </groupChildrenDescriptors>
          <iconSize>20</iconSize>
        </control>
      </groupChildrenDescriptors>
    </control>
  </controls>
  <param>
    <backgroundColor>4288256409</backgroundColor>
    <fontSize>14</fontSize>
    <fontFamily>Segoe+UI</fontFamily>
    <guideLines/>
  </param>
</mockup>