﻿<mockup version="5.3" minAllowVersion="5.3" ID="121A7F69-2A43-45A9-B47E-AEA2ECE036AD" platform="MtMobile" defaultW="360" defaultH="640" screenOrientation="MoPortrait" mobileScreenScale="1.77777779102325" measureW="360" measureH="640" clipArea="(0,0,0,0)">
  <controls controlCount="26">
    <control controlID="38717032-9E99-40A0-8961-FCD948B5859B" controlTypeID="StatusBar(Android)" x="0" y="0" w="360" h="20" zOrder="0"/>
    <control controlID="52CB7A88-0EC2-4CAC-961C-01C1AF4781F9" controlTypeID="Button" x="38" y="461" w="293" h="41" zOrder="1">
      <color>4278878072</color>
      <borderVisible>False</borderVisible>
      <links eventType="AtClick" animate="AmNone" animateAutoDelay="0" animateDuration="500">
        <link targetPageID="1DC50E78-B3B7-4A7B-A664-CE1069AE8447" linkType="ltPageLink" isApplyIncludePage="False" title="Login">
          <area shape="0" alt="" ID="{038A8A92-293A-4962-BEA7-D4C86BD50EF9}" coords="(0,0,293,41)"/>
        </link>
      </links>
      <font family="Segoe+UI" displayName="Segoe+UI" postScript="" weightStyle="Normal" weight="400" isBold="False" isItalic="False"/>
      <text>Entrar</text>
      <textColor>4294967295</textColor>
      <lineSpacing>0</lineSpacing>
      <selectedIndex>-1</selectedIndex>
      <radius>20</radius>
    </control>
    <control controlID="FEB2D437-0157-43EB-AFB1-D3242FE2B23C" controlTypeID="Button" x="38" y="510" w="293" h="41" zOrder="2">
      <color>4278878072</color>
      <borderVisible>False</borderVisible>
      <links eventType="AtClick" animate="AmPushLeft" animateAutoDelay="0" animateDuration="500">
        <link targetPageID="4FD0044F-72B2-49CD-8204-F0E29161E0BD" linkType="ltPageLink" isApplyIncludePage="False" title="Registo">
          <area shape="0" alt="" ID="{1A8AA5E5-47E5-E711-89EF-787B8ABCE684}" coords="(0,0,293,41)"/>
        </link>
      </links>
      <font family="Segoe+UI" displayName="Segoe+UI" postScript="" weightStyle="Normal" weight="400" isBold="False" isItalic="False"/>
      <text>Registar</text>
      <textColor>4294967295</textColor>
      <lineSpacing>0</lineSpacing>
      <selectedIndex>-1</selectedIndex>
      <radius>20</radius>
    </control>
    <control controlID="2D803545-D53E-4BB8-92D7-A82AE7FAC63A" controlTypeID="__group__" x="0" y="592" w="360" h="47" zOrder="3">
      <groupChildrenDescriptors>
        <control controlID="CAA796BA-2A9B-4FED-B227-F58DCA1CEAE9" controlTypeID="Shape" x="0" y="0" w="360" h="47" zOrder="0">
          <borderColor>4293190884</borderColor>
          <font family="Segoe+UI" displayName="Segoe+UI" postScript="" weightStyle="Normal" weight="400" isBold="False" isItalic="False"/>
          <textSize>14</textSize>
          <selectedIndex>-1</selectedIndex>
          <borderMode>[bmTop]</borderMode>
        </control>
        <control controlID="6502ECFC-F98D-419E-9FE6-E80C15F53C0B" controlTypeID="IconLabel2" x="39" y="6" w="28" h="39" zOrder="1">
          <links eventType="AtClick" animate="AmNone" animateAutoDelay="0" animateDuration="500">
            <link targetPageID="47DF6902-A4A6-40A5-AD54-ABDE4E8ABF98" linkType="ltPageLink" isApplyIncludePage="False" title="Dados+Pessoais">
              <area shape="0" alt="" ID="{71CC6B0E-EEC5-4B07-ADEB-B12570829D7A}" coords="(0,0,28,39)"/>
            </link>
          </links>
          <groupChildrenDescriptors>
            <control controlID="66E4C459-BE28-4956-B954-1BF75E8DF9C7" controlTypeID="Shape" x="4" y="0" w="20" h="20" zOrder="0">
              <canMove>False</canMove>
              <alias>shape</alias>
              <font family="Segoe+UI" displayName="Segoe+UI" postScript="" weightStyle="Normal" weight="400" isBold="False" isItalic="False"/>
              <textSize>14</textSize>
              <selectedIndex>-1</selectedIndex>
            </control>
            <control controlID="59EEA569-6CA9-4425-854D-05321F250FE7" controlTypeID="Icon" x="4" y="0" w="20" h="20" zOrder="1">
              <color>4288256409</color>
              <canMove>False</canMove>
              <alias>icon</alias>
              <icon>
                <ID/>
                <iconFontName>jdIonicons</iconFontName>
                <iconCode>62368</iconCode>
              </icon>
              <URL>B91434690C5B5224D1CC6B1998F1178A.svg</URL>
            </control>
            <control controlID="E22E456B-C286-4EEF-8907-1ACE5EC539AF" controlTypeID="Label" x="2" y="24" w="24" h="15" zOrder="2">
              <canMove>False</canMove>
              <alias>label</alias>
              <font family="Segoe+UI" displayName="Segoe+UI" postScript="" weightStyle="Normal" weight="400" isBold="False" isItalic="False"/>
              <text>Perfil</text>
              <textColor>4284900966</textColor>
              <textSize>11</textSize>
              <textAlign>HaCenter</textAlign>
              <lineSpacing>0</lineSpacing>
              <useDefaultTextSize>False</useDefaultTextSize>
              <selectedIndex>-1</selectedIndex>
            </control>
            <control controlID="FFBBD2BB-5BF7-4286-99C8-DFEA6E97A89A" controlTypeID="Shape" x="15" y="0" w="13" h="12" zOrder="3">
              <color>4294901760</color>
              <borderVisible>False</borderVisible>
              <canMove>False</canMove>
              <alias>alarm</alias>
              <font family="Segoe+UI" displayName="Segoe+UI" postScript="" weightStyle="Normal" weight="400" isBold="False" isItalic="False"/>
              <text>2</text>
              <textColor>4294967295</textColor>
              <textSize>7</textSize>
              <selectedIndex>-1</selectedIndex>
              <radius>100</radius>
              <radiusIsPercent>True</radiusIsPercent>
            </control>
          </groupChildrenDescriptors>
          <iconSize>20</iconSize>
        </control>
        <control controlID="ABD37171-0316-496A-B57B-023B194E5CDA" controlTypeID="IconLabel2" x="119" y="6" w="34" h="39" zOrder="2">
          <links eventType="AtClick" animate="AmNone" animateAutoDelay="0" animateDuration="500">
            <link targetPageID="0CD01DE1-6CBF-4CFA-86A6-3DCA15FE03D6" linkType="ltPageLink" isApplyIncludePage="False" title="Cidades+de+Portugal">
              <area shape="0" alt="" ID="{7CCF5DE8-A19A-482A-9CA0-E89D7947A342}" coords="(0,0,34,39)"/>
            </link>
          </links>
          <groupChildrenDescriptors>
            <control controlID="6EC3DB40-36B1-42C0-92CD-659A8BD106ED" controlTypeID="Shape" x="7" y="0" w="20" h="20" zOrder="0">
              <canMove>False</canMove>
              <alias>shape</alias>
              <font family="Segoe+UI" displayName="Segoe+UI" postScript="" weightStyle="Normal" weight="400" isBold="False" isItalic="False"/>
              <textSize>14</textSize>
              <selectedIndex>-1</selectedIndex>
            </control>
            <control controlID="7988185C-D3A0-4EBE-A2F6-D5D41B9F684E" controlTypeID="Icon" x="7" y="0" w="20" h="20" zOrder="1">
              <color>4288256409</color>
              <canMove>False</canMove>
              <alias>icon</alias>
              <icon>
                <ID/>
                <iconFontName>jdIcoMoonFree</iconFontName>
                <iconCode>59826</iconCode>
              </icon>
              <URL>9971C54B10DB4FB36C582D891537A230.svg</URL>
            </control>
            <control controlID="2673B0D9-EAAB-4852-965F-1A40070D5FC2" controlTypeID="Label" x="2" y="24" w="30" h="15" zOrder="2">
              <canMove>False</canMove>
              <alias>label</alias>
              <font family="Segoe+UI" displayName="Segoe+UI" postScript="" weightStyle="Normal" weight="400" isBold="False" isItalic="False"/>
              <text>Treino</text>
              <textColor>4288256409</textColor>
              <textSize>11</textSize>
              <textAlign>HaCenter</textAlign>
              <lineSpacing>0</lineSpacing>
              <useDefaultTextSize>False</useDefaultTextSize>
              <selectedIndex>-1</selectedIndex>
            </control>
            <control controlID="500B881A-C97C-4279-86AE-7AF3E6D40D6B" controlTypeID="Shape" x="21" y="0" w="13" h="12" zOrder="3">
              <color>4294901760</color>
              <borderVisible>False</borderVisible>
              <canMove>False</canMove>
              <alias>alarm</alias>
              <font family="Segoe+UI" displayName="Segoe+UI" postScript="" weightStyle="Normal" weight="400" isBold="False" isItalic="False"/>
              <text>2</text>
              <textColor>4294967295</textColor>
              <textSize>7</textSize>
              <selectedIndex>-1</selectedIndex>
              <radius>100</radius>
              <radiusIsPercent>True</radiusIsPercent>
            </control>
          </groupChildrenDescriptors>
          <iconSize>20</iconSize>
        </control>
        <control controlID="2C55F5D9-A943-46C8-AF93-A6AD0FBAA1A4" controlTypeID="IconLabel2" x="205" y="6" w="36" h="39" zOrder="3">
          <links eventType="AtClick" animate="AmNone" animateAutoDelay="0" animateDuration="500">
            <link targetPageID="E3A6CF55-D116-4715-B043-FC13DFD1E647" linkType="ltPageLink" isApplyIncludePage="False" title="Provas">
              <area shape="0" alt="" ID="{74B95BEC-644D-4076-9466-DA6658226A01}" coords="(0,0,36,39)"/>
            </link>
          </links>
          <groupChildrenDescriptors>
            <control controlID="FD3BB919-F3ED-4961-A420-6BC71201B16F" controlTypeID="Shape" x="8" y="0" w="20" h="20" zOrder="0">
              <canMove>False</canMove>
              <alias>shape</alias>
              <font family="Segoe+UI" displayName="Segoe+UI" postScript="" weightStyle="Normal" weight="400" isBold="False" isItalic="False"/>
              <textSize>14</textSize>
              <selectedIndex>-1</selectedIndex>
            </control>
            <control controlID="7ED747B5-34D9-4CD3-8F01-9837A2099144" controlTypeID="Icon" x="8" y="0" w="20" h="20" zOrder="1">
              <color>4288256409</color>
              <canMove>False</canMove>
              <alias>icon</alias>
              <icon>
                <ID/>
                <iconFontName>jdIcoFont</iconFontName>
                <iconCode>58986</iconCode>
              </icon>
              <URL>2119E1032635B58A9627C98AB304CEE8.svg</URL>
            </control>
            <control controlID="8ECBC9FE-CB79-44C1-AF8A-E5094D34D9C2" controlTypeID="Label" x="2" y="24" w="32" h="15" zOrder="2">
              <canMove>False</canMove>
              <alias>label</alias>
              <font family="Segoe+UI" displayName="Segoe+UI" postScript="" weightStyle="Normal" weight="400" isBold="False" isItalic="False"/>
              <text>Provas</text>
              <textColor>4288256409</textColor>
              <textSize>11</textSize>
              <textAlign>HaCenter</textAlign>
              <lineSpacing>0</lineSpacing>
              <useDefaultTextSize>False</useDefaultTextSize>
              <selectedIndex>-1</selectedIndex>
            </control>
            <control controlID="3E3FCF8F-D6D0-44AE-94AC-DBC97F9CC5BD" controlTypeID="Shape" x="23" y="0" w="13" h="12" zOrder="3">
              <color>4294901760</color>
              <borderVisible>False</borderVisible>
              <canMove>False</canMove>
              <alias>alarm</alias>
              <font family="Segoe+UI" displayName="Segoe+UI" postScript="" weightStyle="Normal" weight="400" isBold="False" isItalic="False"/>
              <text>2</text>
              <textColor>4294967295</textColor>
              <textSize>7</textSize>
              <selectedIndex>-1</selectedIndex>
              <radius>100</radius>
              <radiusIsPercent>True</radiusIsPercent>
            </control>
          </groupChildrenDescriptors>
          <iconSize>20</iconSize>
        </control>
        <control controlID="DE997E17-92A6-43FC-A6E0-B4FD668D372D" controlTypeID="IconLabel2" x="281" y="6" w="47" h="39" zOrder="4">
          <links eventType="AtClick" animate="AmNone" animateAutoDelay="0" animateDuration="500">
            <link targetPageID="7AF88CE8-E1DF-4DBA-8762-50C026F1B446" linkType="ltPageLink" isApplyIncludePage="False" title="Hist%C3%B3rico+Atividades">
              <area shape="0" alt="" ID="{F31C76AA-3229-4CB2-AE09-CFB13D443951}" coords="(0,0,47,39)"/>
            </link>
          </links>
          <groupChildrenDescriptors>
            <control controlID="4C6FC0FF-007F-4EFC-AE58-F118AFAA7561" controlTypeID="Shape" x="14" y="0" w="20" h="20" zOrder="0">
              <canMove>False</canMove>
              <alias>shape</alias>
              <font family="Segoe+UI" displayName="Segoe+UI" postScript="" weightStyle="Normal" weight="400" isBold="False" isItalic="False"/>
              <textSize>14</textSize>
              <selectedIndex>-1</selectedIndex>
            </control>
            <control controlID="C9C63186-FB23-47C3-ABA4-28B3617AE3B5" controlTypeID="Icon" x="14" y="0" w="20" h="20" zOrder="1">
              <color>4288256409</color>
              <canMove>False</canMove>
              <alias>icon</alias>
              <icon>
                <ID/>
                <iconFontName>jdIonicons</iconFontName>
                <iconCode>62548</iconCode>
              </icon>
              <URL>7D4E13552F08995905B7F39F0FCA3415.svg</URL>
            </control>
            <control controlID="9E204394-AC26-4807-AC56-46D63F71CD34" controlTypeID="Label" x="2" y="24" w="43" h="15" zOrder="2">
              <canMove>False</canMove>
              <alias>label</alias>
              <font family="Segoe+UI" displayName="Segoe+UI" postScript="" weightStyle="Normal" weight="400" isBold="False" isItalic="False"/>
              <text>Hist%C3%B3rico</text>
              <textColor>4288256409</textColor>
              <textSize>11</textSize>
              <textAlign>HaCenter</textAlign>
              <lineSpacing>0</lineSpacing>
              <useDefaultTextSize>False</useDefaultTextSize>
              <selectedIndex>-1</selectedIndex>
            </control>
            <control controlID="3E8B1FB2-BE5D-434B-A6B1-F0B081104EDF" controlTypeID="Shape" x="34" y="0" w="13" h="12" zOrder="3">
              <color>4294901760</color>
              <borderVisible>False</borderVisible>
              <canMove>False</canMove>
              <alias>alarm</alias>
              <font family="Segoe+UI" displayName="Segoe+UI" postScript="" weightStyle="Normal" weight="400" isBold="False" isItalic="False"/>
              <text>2</text>
              <textColor>4294967295</textColor>
              <textSize>7</textSize>
              <selectedIndex>-1</selectedIndex>
              <radius>100</radius>
              <radiusIsPercent>True</radiusIsPercent>
            </control>
          </groupChildrenDescriptors>
          <iconSize>20</iconSize>
        </control>
      </groupChildrenDescriptors>
    </control>
    <control controlID="8CF57EC1-14A8-4B70-95FE-31F8F6CD2A63" controlTypeID="Image" x="80" y="118" w="200" h="199" zOrder="4">
      <URL>E5C2EC97BA4E402905681E104F6A04D2.jpeg</URL>
    </control>
  </controls>
  <param>
    <backgroundColor>4294967295</backgroundColor>
    <fontSize>14</fontSize>
    <fontFamily>Segoe+UI</fontFamily>
    <guideLines/>
  </param>
</mockup>