﻿<mockup version="5.3" minAllowVersion="5.3" ID="EE9A58A0-24ED-4B5C-972B-76455EEB4BF6" platform="MtMobile" defaultW="360" defaultH="640" measureW="360" measureH="640" screenOrientation="MoPortrait" mobileScreenScale="1.77777779102325">
  <controls controlCount="26">
    <control controlID="C6628700-E0C1-4363-89DF-E786A40D5BB9" controlTypeID="StatusBar(Android)" x="0" y="0" w="360" h="20" zOrder="0"/>
    <control controlID="202C21FA-C9E0-45A3-A8C2-896618925EA1" controlTypeID="Image" x="0" y="181" w="360" h="400" zOrder="1">
      <URL>703AAF20837833BA02B20D42035CBAD2.jpeg</URL>
    </control>
    <control controlID="229A0816-B6B3-4583-AC47-A00172860D72" controlTypeID="Icon" x="93" y="31" w="34" h="34" zOrder="2">
      <color>4294967295</color>
      <icon>
        <ID/>
        <iconFontName>jdIonicons</iconFontName>
        <iconCode>62062</iconCode>
      </icon>
      <URL>8D87F0B6E067D29DE1E9AC9BADB84F13.svg</URL>
    </control>
    <control controlID="A39929EE-829F-4AE0-9945-111976392D5D" controlTypeID="Label" x="184" y="37" w="26" h="22" zOrder="3">
      <isAutoSize>False</isAutoSize>
      <font family="Segoe+UI" displayName="Segoe+UI_%26_Bold" postScript="" weightStyle="Bold" weight="700" isBold="True" isItalic="False"/>
      <text>H+%3A</text>
      <textColor>4294967295</textColor>
      <textSize>16</textSize>
      <textVAlign>VaTop</textVAlign>
      <lineSpacing>0</lineSpacing>
      <textStyles>[fsBold]</textStyles>
      <useDefaultTextSize>False</useDefaultTextSize>
      <selectedIndex>-1</selectedIndex>
    </control>
    <control controlID="13EE4E95-27A8-46CA-882C-D2767CA040CA" controlTypeID="Label" x="264" y="37" w="26" h="22" zOrder="4">
      <isAutoSize>False</isAutoSize>
      <font family="Segoe+UI" displayName="Segoe+UI_%26_Bold" postScript="" weightStyle="Bold" weight="700" isBold="True" isItalic="False"/>
      <text>M</text>
      <textColor>4294967295</textColor>
      <textSize>16</textSize>
      <textVAlign>VaTop</textVAlign>
      <lineSpacing>0</lineSpacing>
      <textStyles>[fsBold]</textStyles>
      <useDefaultTextSize>False</useDefaultTextSize>
      <selectedIndex>-1</selectedIndex>
    </control>
    <control controlID="694D6EC0-D8EC-4C7E-BEFF-13362AEB7649" controlTypeID="Label" x="57" y="36" w="26" h="22" zOrder="5">
      <isAutoSize>False</isAutoSize>
      <font family="Segoe+UI" displayName="Segoe+UI_%26_Bold" postScript="" weightStyle="Bold" weight="700" isBold="True" isItalic="False"/>
      <text>Km</text>
      <textColor>4294967295</textColor>
      <textSize>16</textSize>
      <textVAlign>VaTop</textVAlign>
      <lineSpacing>0</lineSpacing>
      <textStyles>[fsBold]</textStyles>
      <useDefaultTextSize>False</useDefaultTextSize>
      <selectedIndex>-1</selectedIndex>
    </control>
    <control controlID="52B8297D-0E8B-42C6-B66E-17C696CBB105" controlTypeID="Label" x="339" y="37" w="26" h="22" zOrder="6">
      <isAutoSize>False</isAutoSize>
      <font family="Segoe+UI" displayName="Segoe+UI_%26_Bold" postScript="" weightStyle="Bold" weight="700" isBold="True" isItalic="False"/>
      <text>s</text>
      <textColor>4294967295</textColor>
      <textSize>16</textSize>
      <textVAlign>VaTop</textVAlign>
      <lineSpacing>0</lineSpacing>
      <textStyles>[fsBold]</textStyles>
      <useDefaultTextSize>False</useDefaultTextSize>
      <selectedIndex>-1</selectedIndex>
    </control>
    <control controlID="339B5EE4-58EC-4F08-883E-C968331590D9" controlTypeID="Shape" x="0" y="20" w="360" h="62" zOrder="7">
      <color>4281743437</color>
      <borderVisible>False</borderVisible>
      <font family="Segoe+UI" displayName="Segoe+UI" postScript="" weightStyle="Normal" weight="400" isBold="False" isItalic="False"/>
      <textSize>14</textSize>
      <selectedIndex>-1</selectedIndex>
    </control>
    <control controlID="27C19889-9B7A-4D33-B809-06A261DF99B8" controlTypeID="Icon" x="99" y="37" w="34" h="34" zOrder="8">
      <color>4294967295</color>
      <icon>
        <ID/>
        <iconFontName>jdIonicons</iconFontName>
        <iconCode>62062</iconCode>
      </icon>
      <URL>8D87F0B6E067D29DE1E9AC9BADB84F13.svg</URL>
    </control>
    <control controlID="0101741A-2D71-48B8-B4BA-D23FD779F2A2" controlTypeID="Shape" x="137" y="33" w="51" h="43" zOrder="9">
      <font family="Segoe+UI" displayName="Segoe+UI+It%C3%A1lico" postScript="" weightStyle="It%C3%A1lico" weight="400" isBold="False" isItalic="True"/>
      <textSize>14</textSize>
      <textStyles>[fsItalic]</textStyles>
      <selectedIndex>-1</selectedIndex>
      <radius>4</radius>
    </control>
    <control controlID="171AD54D-4628-45A0-82F4-59F8202024F5" controlTypeID="Label" x="190" y="43" w="26" h="22" zOrder="10">
      <isAutoSize>False</isAutoSize>
      <font family="Segoe+UI" displayName="Segoe+UI_%26_Bold" postScript="" weightStyle="Bold" weight="700" isBold="True" isItalic="False"/>
      <text>H+%3A</text>
      <textColor>4294967295</textColor>
      <textSize>16</textSize>
      <textVAlign>VaTop</textVAlign>
      <lineSpacing>0</lineSpacing>
      <textStyles>[fsBold]</textStyles>
      <useDefaultTextSize>False</useDefaultTextSize>
      <selectedIndex>-1</selectedIndex>
    </control>
    <control controlID="625B88AC-EE1D-430F-AC00-100183D723B1" controlTypeID="Label" x="270" y="43" w="26" h="22" zOrder="11">
      <isAutoSize>False</isAutoSize>
      <font family="Segoe+UI" displayName="Segoe+UI_%26_Bold" postScript="" weightStyle="Bold" weight="700" isBold="True" isItalic="False"/>
      <text>M</text>
      <textColor>4294967295</textColor>
      <textSize>16</textSize>
      <textVAlign>VaTop</textVAlign>
      <lineSpacing>0</lineSpacing>
      <textStyles>[fsBold]</textStyles>
      <useDefaultTextSize>False</useDefaultTextSize>
      <selectedIndex>-1</selectedIndex>
    </control>
    <control controlID="78F48DB3-B6AC-40E4-88C3-5E93E5ABDF5D" controlTypeID="Label" x="147" y="34" w="32" h="38" zOrder="12">
      <font family="Segoe+UI" displayName="Segoe+UI_%26_Bold" postScript="" weightStyle="Bold" weight="700" isBold="True" isItalic="False"/>
      <text>00</text>
      <textSize>28</textSize>
      <textVAlign>VaTop</textVAlign>
      <lineSpacing>0</lineSpacing>
      <textStyles>[fsBold]</textStyles>
      <useDefaultTextSize>False</useDefaultTextSize>
      <selectedIndex>-1</selectedIndex>
    </control>
    <control controlID="5D8C13C6-CED5-4725-983E-77AA479B0A8A" controlTypeID="Shape" x="216" y="33" w="51" h="43" zOrder="13">
      <font family="Segoe+UI" displayName="Segoe+UI+It%C3%A1lico" postScript="" weightStyle="It%C3%A1lico" weight="400" isBold="False" isItalic="True"/>
      <textSize>14</textSize>
      <textStyles>[fsItalic]</textStyles>
      <selectedIndex>-1</selectedIndex>
      <radius>4</radius>
    </control>
    <control controlID="60C31D49-A709-47FA-9788-9DB7D1FF47F6" controlTypeID="Label" x="226" y="34" w="32" h="38" zOrder="14">
      <font family="Segoe+UI" displayName="Segoe+UI_%26_Bold" postScript="" weightStyle="Bold" weight="700" isBold="True" isItalic="False"/>
      <text>42</text>
      <textSize>28</textSize>
      <textVAlign>VaTop</textVAlign>
      <lineSpacing>0</lineSpacing>
      <textStyles>[fsBold]</textStyles>
      <useDefaultTextSize>False</useDefaultTextSize>
      <selectedIndex>-1</selectedIndex>
    </control>
    <control controlID="EB9414DB-AB8D-4409-9224-31097E22952D" controlTypeID="Label" x="63" y="42" w="26" h="22" zOrder="15">
      <isAutoSize>False</isAutoSize>
      <font family="Segoe+UI" displayName="Segoe+UI_%26_Bold" postScript="" weightStyle="Bold" weight="700" isBold="True" isItalic="False"/>
      <text>Km</text>
      <textColor>4294967295</textColor>
      <textSize>16</textSize>
      <textVAlign>VaTop</textVAlign>
      <lineSpacing>0</lineSpacing>
      <textStyles>[fsBold]</textStyles>
      <useDefaultTextSize>False</useDefaultTextSize>
      <selectedIndex>-1</selectedIndex>
    </control>
    <control controlID="D79D885A-62F9-4C1E-9902-61A315C41C68" controlTypeID="Label" x="21" y="34" w="40" h="38" zOrder="16">
      <font family="Segoe+UI" displayName="Segoe+UI_%26_Bold" postScript="" weightStyle="Bold" weight="700" isBold="True" isItalic="False"/>
      <text>9%2C7</text>
      <textColor>4294967295</textColor>
      <textSize>28</textSize>
      <textVAlign>VaTop</textVAlign>
      <lineSpacing>0</lineSpacing>
      <textStyles>[fsBold]</textStyles>
      <useDefaultTextSize>False</useDefaultTextSize>
      <selectedIndex>-1</selectedIndex>
    </control>
    <control controlID="2D2CCAC2-996C-4A82-A390-4D612B4B7230" controlTypeID="Shape" x="291" y="33" w="51" h="43" zOrder="17">
      <font family="Segoe+UI" displayName="Segoe+UI+It%C3%A1lico" postScript="" weightStyle="It%C3%A1lico" weight="400" isBold="False" isItalic="True"/>
      <textSize>14</textSize>
      <textStyles>[fsItalic]</textStyles>
      <selectedIndex>-1</selectedIndex>
      <radius>4</radius>
    </control>
    <control controlID="EDB68685-D4D8-483D-88A7-5D4B84C73A53" controlTypeID="Label" x="301" y="34" w="32" h="38" zOrder="18">
      <font family="Segoe+UI" displayName="Segoe+UI_%26_Bold" postScript="" weightStyle="Bold" weight="700" isBold="True" isItalic="False"/>
      <text>10</text>
      <textSize>28</textSize>
      <textVAlign>VaTop</textVAlign>
      <lineSpacing>0</lineSpacing>
      <textStyles>[fsBold]</textStyles>
      <useDefaultTextSize>False</useDefaultTextSize>
      <selectedIndex>-1</selectedIndex>
    </control>
    <control controlID="DE91AFD6-A0C5-48FB-B675-8E1C08397A5E" controlTypeID="Shape" x="0" y="580" w="360" h="60" zOrder="19">
      <color>4278216345</color>
      <borderColor>4281558732</borderColor>
      <font family="Segoe+UI" displayName="Segoe+UI" postScript="" weightStyle="Normal" weight="400" isBold="False" isItalic="False"/>
      <textSize>14</textSize>
      <selectedIndex>-1</selectedIndex>
    </control>
    <control controlID="060A878B-28F2-47C0-857E-B4FED40E2293" controlTypeID="Icon" x="44" y="589" w="24" h="24" zOrder="20">
      <color>4294967295</color>
      <icon>
        <ID/>
        <iconFontName>jdIonicons</iconFontName>
        <iconCode>62344</iconCode>
      </icon>
      <URL>9DA58F6FCBD77A56BA4CDD80AFFCE333.svg</URL>
    </control>
    <control controlID="BC731CEB-DBFF-45DC-84B1-17DB7BB8BDF1" controlTypeID="Label" x="310" y="599" w="20" h="19" zOrder="21">
      <font family="Segoe+UI" displayName="Segoe+UI_%26_Bold" postScript="" weightStyle="Bold" weight="700" isBold="True" isItalic="False"/>
      <text>0%25</text>
      <textColor>4294967295</textColor>
      <lineSpacing>0</lineSpacing>
      <textStyles>[fsBold]</textStyles>
      <selectedIndex>-1</selectedIndex>
    </control>
    <control controlID="652D1C3B-ADE1-4447-8CE2-C4214854436C" controlTypeID="Label" x="23" y="596" w="16" h="19" zOrder="22">
      <font family="Segoe+UI" displayName="Segoe+UI_%26_Bold" postScript="" weightStyle="Bold" weight="700" isBold="True" isItalic="False"/>
      <text>90</text>
      <textColor>4294967295</textColor>
      <lineSpacing>0</lineSpacing>
      <textStyles>[fsBold]</textStyles>
      <selectedIndex>-1</selectedIndex>
    </control>
    <control controlID="E53C6B77-D879-490D-9C53-F12F59417B4B" controlTypeID="Label" x="147" y="611" w="72" h="19" zOrder="23">
      <font family="Segoe+UI" displayName="Segoe+UI_%26_Bold" postScript="" weightStyle="Bold" weight="700" isBold="True" isItalic="False"/>
      <text>4%2C3min%2Fkm</text>
      <textColor>4294967295</textColor>
      <lineSpacing>0</lineSpacing>
      <textStyles>[fsBold]</textStyles>
      <selectedIndex>-1</selectedIndex>
    </control>
    <control controlID="0014D4DE-644E-4060-8459-D76579D991E5" controlTypeID="Icon" x="171" y="588" w="24" h="24" zOrder="24">
      <color>4294967295</color>
      <icon>
        <ID/>
        <iconFontName>jdIcoFont</iconFontName>
        <iconCode>58986</iconCode>
      </icon>
      <URL>2119E1032635B58A9627C98AB304CEE8.svg</URL>
    </control>
    <control controlID="4DC5AFE0-5C00-4461-BD2C-194E73551596" controlTypeID="Icon" x="281" y="589" w="24" h="24" zOrder="25">
      <color>4294967295</color>
      <icon>
        <ID/>
        <iconFontName>jdFontCustom</iconFontName>
        <iconCode>61818</iconCode>
      </icon>
      <URL>268E16FD592DA2C630668940E11A82CC.svg</URL>
    </control>
  </controls>
  <param>
    <backgroundColor>4291611852</backgroundColor>
    <fontSize>14</fontSize>
    <fontFamily>Segoe+UI</fontFamily>
    <guideLines/>
  </param>
</mockup>