﻿<mockup version="5.3" minAllowVersion="5.3" ID="1DC50E78-B3B7-4A7B-A664-CE1069AE8447" platform="MtMobile" defaultW="360" defaultH="640" measureW="360" measureH="640" screenOrientation="MoPortrait" mobileScreenScale="1.77777779102325" clipArea="(0,0,0,0)">
  <controls controlCount="17">
    <control controlID="71B4E26C-E8C4-4A52-9228-CD7FA4566301" controlTypeID="TextInput" x="35" y="271" w="303" h="40" zOrder="0">
      <borderColor>4292335575</borderColor>
      <font family="Segoe+UI" displayName="Segoe+UI" postScript="" weightStyle="Normal" weight="400" isBold="False" isItalic="False"/>
      <lineSpacing>0</lineSpacing>
      <selectedIndex>-1</selectedIndex>
      <placeHolder>Email</placeHolder>
      <radius>4</radius>
    </control>
    <control controlID="3346C86E-C5EB-44E7-A96A-0FDC36CE5257" controlTypeID="TextInput" x="35" y="321" w="303" h="40" zOrder="1">
      <borderColor>4292335575</borderColor>
      <font family="Segoe+UI" displayName="Segoe+UI" postScript="" weightStyle="Normal" weight="400" isBold="False" isItalic="False"/>
      <lineSpacing>0</lineSpacing>
      <selectedIndex>-1</selectedIndex>
      <placeHolder>Password+(min.+6+characters)</placeHolder>
      <radius>4</radius>
    </control>
    <control controlID="1FEF9A27-B0C1-44A6-BC18-E4C6EDF2E9EC" controlTypeID="Button" x="35" y="378" w="303" h="42" zOrder="2">
      <color>4278878072</color>
      <borderVisible>False</borderVisible>
      <links eventType="AtClick" animate="AmNone" animateAutoDelay="0" animateDuration="500">
        <link targetPageID="0CD01DE1-6CBF-4CFA-86A6-3DCA15FE03D6" linkType="ltPageLink" isApplyIncludePage="False" title="Cidades+de+Portugal">
          <area shape="0" alt="" ID="{1CDF0AA6-2640-471F-9684-DA5AAA371EAA}" coords="(0,0,303,42)"/>
        </link>
      </links>
      <font family="Segoe+UI" displayName="Segoe+UI" postScript="" weightStyle="Normal" weight="400" isBold="False" isItalic="False"/>
      <text>Entrar</text>
      <textColor>4294967295</textColor>
      <textSize>18</textSize>
      <lineSpacing>0</lineSpacing>
      <useDefaultTextSize>False</useDefaultTextSize>
      <selectedIndex>-1</selectedIndex>
      <radius>10</radius>
    </control>
    <control controlID="75FC8527-DB19-407F-8D4E-F245E4FA5EEC" controlTypeID="Label" x="107" y="451" w="165" h="19" zOrder="3">
      <font family="Segoe+UI" displayName="Segoe+UI" postScript="" weightStyle="Normal" weight="400" isBold="False" isItalic="False"/>
      <text>Esqueceu-se+da+password%3F</text>
      <textColor>4281545523</textColor>
      <lineSpacing>0</lineSpacing>
      <selectedIndex>-1</selectedIndex>
    </control>
    <control controlID="56BF468C-0F1F-42AF-9D47-89F91C55E896" controlTypeID="Label" x="97" y="504" w="176" h="19" zOrder="4">
      <font family="Segoe+UI" displayName="Segoe+UI" postScript="" weightStyle="Normal" weight="400" isBold="False" isItalic="False"/>
      <text>Ainda+n%C3%A3o+tem+conta+criada%3F</text>
      <textColor>4281545523</textColor>
      <lineSpacing>0</lineSpacing>
      <selectedIndex>-1</selectedIndex>
    </control>
    <control controlID="CBFB2DF9-46B4-4158-9787-E18460788B2B" controlTypeID="Label" x="157" y="535" w="50" h="19" zOrder="5">
      <links eventType="AtClick" animate="AmNone" animateAutoDelay="0" animateDuration="500">
        <link targetPageID="4FD0044F-72B2-49CD-8204-F0E29161E0BD" linkType="ltPageLink" isApplyIncludePage="False" title="Registo">
          <area shape="0" alt="" ID="{1FCA2D2E-2F0B-46BD-8211-FE313FC61F32}" coords="(0,0,50,19)"/>
        </link>
      </links>
      <font family="Segoe+UI" displayName="Segoe+UI" postScript="" weightStyle="Normal" weight="400" isBold="False" isItalic="False"/>
      <text>Registar</text>
      <textColor>4278878072</textColor>
      <lineSpacing>0</lineSpacing>
      <selectedIndex>-1</selectedIndex>
    </control>
    <control controlID="90C05EDC-8C1B-4201-A958-392AF053AC59" controlTypeID="Line" x="36" y="234" w="123" h="2" zOrder="6">
      <font family="Segoe+UI" displayName="Segoe+UI" postScript="" weightStyle="Normal" weight="400" isBold="False" isItalic="False"/>
      <textSize>14</textSize>
      <lineSpacing>0</lineSpacing>
      <selectedIndex>-1</selectedIndex>
      <controlPoint>(62,1)</controlPoint>
      <startPoint>(1,1)</startPoint>
      <endPoint>(123,1)</endPoint>
    </control>
    <control controlID="57D195C9-DE08-425C-AF0D-28056D01A18A" controlTypeID="Line" x="202" y="234" w="138" h="2" zOrder="7">
      <font family="Segoe+UI" displayName="Segoe+UI" postScript="" weightStyle="Normal" weight="400" isBold="False" isItalic="False"/>
      <textSize>14</textSize>
      <lineSpacing>0</lineSpacing>
      <selectedIndex>-1</selectedIndex>
      <controlPoint>(70,1)</controlPoint>
      <startPoint>(1,1)</startPoint>
      <endPoint>(138,1)</endPoint>
    </control>
    <control controlID="9F55DFAD-DDC9-405B-9493-4EEBD1DCDAC6" controlTypeID="Line" x="37" y="485" w="299" h="1" zOrder="8">
      <font family="Segoe+UI" displayName="Segoe+UI" postScript="" weightStyle="Normal" weight="400" isBold="False" isItalic="False"/>
      <textSize>14</textSize>
      <lineSpacing>0</lineSpacing>
      <selectedIndex>-1</selectedIndex>
      <controlPoint>(150,0)</controlPoint>
      <startPoint>(0,0)</startPoint>
      <endPoint>(299,0)</endPoint>
    </control>
    <control controlID="7D39F13F-C716-42C7-BB1A-BE70C5CEA816" controlTypeID="Label" x="172" y="222" w="16" h="19" zOrder="9">
      <font family="Segoe+UI" displayName="Segoe+UI" postScript="" weightStyle="Normal" weight="400" isBold="False" isItalic="False"/>
      <text>ou</text>
      <lineSpacing>0</lineSpacing>
      <selectedIndex>-1</selectedIndex>
    </control>
    <control controlID="31ADBD4F-4F57-4C09-BA6E-953894D1CEF7" controlTypeID="Button" x="28" y="98" w="308" h="51" zOrder="10">
      <color>4282079640</color>
      <borderVisible>False</borderVisible>
      <links eventType="AtClick" animate="AmNone" animateAutoDelay="0" animateDuration="500">
        <link targetPageID="0CD01DE1-6CBF-4CFA-86A6-3DCA15FE03D6" linkType="ltPageLink" isApplyIncludePage="False" title="Cidades+de+Portugal">
          <area shape="0" alt="" ID="{8406A1B7-63BA-4658-9091-090180B6640A}" coords="(0,0,308,51)"/>
        </link>
      </links>
      <font family="Segoe+UI" displayName="Segoe+UI" postScript="" weightStyle="Normal" weight="400" isBold="False" isItalic="False" useDefaultFontFamily="False"/>
      <text>Facebook</text>
      <textColor>4294967295</textColor>
      <textSize>16</textSize>
      <lineSpacing>0</lineSpacing>
      <useDefaultTextSize>False</useDefaultTextSize>
      <selectedIndex>-1</selectedIndex>
      <radius>100</radius>
      <radiusIsPercent>True</radiusIsPercent>
    </control>
    <control controlID="4FC2B436-A91F-4F09-B075-FD096D0E0D68" controlTypeID="Button" x="28" y="161" w="308" h="51" zOrder="11">
      <color>4292893030</color>
      <borderVisible>False</borderVisible>
      <links eventType="AtClick" animate="AmNone" animateAutoDelay="0" animateDuration="500">
        <link targetPageID="0CD01DE1-6CBF-4CFA-86A6-3DCA15FE03D6" linkType="ltPageLink" isApplyIncludePage="False" title="Cidades+de+Portugal">
          <area shape="0" alt="" ID="{F0B771A2-C093-474C-9BF0-01B9B67FF3FF}" coords="(0,0,308,51)"/>
        </link>
      </links>
      <font family="Segoe+UI" displayName="Segoe+UI" postScript="" weightStyle="Normal" weight="400" isBold="False" isItalic="False"/>
      <text>+++Continue+with+Google%2B</text>
      <textColor>4294967295</textColor>
      <textSize>16</textSize>
      <lineSpacing>0</lineSpacing>
      <useDefaultTextSize>False</useDefaultTextSize>
      <selectedIndex>-1</selectedIndex>
      <radius>100</radius>
      <radiusIsPercent>True</radiusIsPercent>
    </control>
    <control controlID="D5CD5870-B1E0-460E-B749-7AC688A0A20C" controlTypeID="Shape" x="0" y="19" w="360" h="44" zOrder="12">
      <borderColor>4291611852</borderColor>
      <font family="Segoe+UI" displayName="Segoe+UI_%26_Bold" postScript="" weightStyle="Bold" weight="700" isBold="True" isItalic="False"/>
      <text>Registo</text>
      <textColor>4281545523</textColor>
      <textSize>16</textSize>
      <textStyles>[fsBold]</textStyles>
      <useDefaultTextSize>False</useDefaultTextSize>
      <selectedIndex>-1</selectedIndex>
      <borderMode>[bmBottom]</borderMode>
    </control>
    <control controlID="855645A8-D3EE-4A05-A24A-E59A23E1A85E" controlTypeID="Icon" x="10" y="30" w="18" h="18" zOrder="13">
      <color>4278878072</color>
      <links eventType="AtClick" animate="AmPushLeft" animateAutoDelay="0" animateDuration="500">
        <link targetPageID="command:back" linkType="ltPageLink" isApplyIncludePage="False" title="">
          <area shape="0" alt="" ID="{14B636ED-47E5-E711-89EF-787B8ABCE684}" coords="(0,0,18,18)"/>
        </link>
      </links>
      <icon>
        <ID/>
        <iconFontName>jdIonicons</iconFontName>
        <iconCode>62418</iconCode>
      </icon>
      <URL>91852B86E51F760894554368302F9800.svg</URL>
    </control>
    <control controlID="DE39CF57-2F69-4BF6-8118-70E4BF10B9F6" controlTypeID="StatusBar(Android)" x="0" y="0" w="360" h="20" zOrder="14"/>
    <control controlID="C585C581-F571-4756-9FF1-EBDA7D328B17" controlTypeID="Shape" x="0" y="20" w="360" h="44" zOrder="15">
      <borderColor>4291611852</borderColor>
      <font family="Segoe+UI" displayName="Segoe+UI_%26_Bold" postScript="" weightStyle="Bold" weight="700" isBold="True" isItalic="False"/>
      <text>Entrar</text>
      <textColor>4281545523</textColor>
      <textSize>16</textSize>
      <textStyles>[fsBold]</textStyles>
      <useDefaultTextSize>False</useDefaultTextSize>
      <selectedIndex>-1</selectedIndex>
      <borderMode>[bmBottom]</borderMode>
    </control>
    <control controlID="8F322DC2-BD38-4C94-9203-59EF0A5B5FF5" controlTypeID="Icon" x="10" y="33" w="18" h="18" zOrder="16">
      <color>4278878072</color>
      <links eventType="AtClick" animate="AmPushLeft" animateAutoDelay="0" animateDuration="500">
        <link targetPageID="command:back" linkType="ltPageLink" isApplyIncludePage="False" title="">
          <area shape="0" alt="" ID="{14B636ED-47E5-E711-89EF-787B8ABCE684}" coords="(0,0,18,18)"/>
        </link>
      </links>
      <icon>
        <ID/>
        <iconFontName>jdIonicons</iconFontName>
        <iconCode>62418</iconCode>
      </icon>
      <URL>91852B86E51F760894554368302F9800.svg</URL>
    </control>
  </controls>
  <param>
    <backgroundColor>4294967295</backgroundColor>
    <fontSize>14</fontSize>
    <fontFamily>Segoe+UI</fontFamily>
    <guideLines/>
  </param>
</mockup>