﻿<mockup version="5.3" minAllowVersion="5.3" ID="56BFE1C2-2E1E-4E2E-8F59-42D46A0843D9" platform="MtMobile" defaultW="360" defaultH="640" measureW="360" measureH="640" screenOrientation="MoPortrait" mobileScreenScale="1.77777779102325" clipArea="(0,0,0,0)">
  <controls controlCount="38">
    <control controlID="198FFCF9-FB5C-407E-8925-95F19A0EED6B" controlTypeID="Image" x="0" y="180" w="360" h="400" zOrder="0">
      <URL>3B429136206B14BA2CB18CABD09E7498.jpeg</URL>
    </control>
    <control controlID="09652195-2879-493D-950B-5C9C92737500" controlTypeID="Icon" x="93" y="31" w="34" h="34" zOrder="1">
      <color>4294967295</color>
      <icon>
        <ID/>
        <iconFontName>jdIonicons</iconFontName>
        <iconCode>62062</iconCode>
      </icon>
      <URL>8D87F0B6E067D29DE1E9AC9BADB84F13.svg</URL>
    </control>
    <control controlID="8AAE5BF3-CAE7-464B-99AB-77AD1FBE269C" controlTypeID="Shape" x="131" y="27" w="51" h="43" zOrder="2">
      <font family="Segoe+UI" displayName="Segoe+UI+It%C3%A1lico" postScript="" weightStyle="It%C3%A1lico" weight="400" isBold="False" isItalic="True"/>
      <textSize>14</textSize>
      <textStyles>[fsItalic]</textStyles>
      <selectedIndex>-1</selectedIndex>
      <radius>4</radius>
    </control>
    <control controlID="A90FD135-2696-4CF0-99D4-22D7891C7387" controlTypeID="Label" x="184" y="37" w="26" h="22" zOrder="3">
      <isAutoSize>False</isAutoSize>
      <font family="Segoe+UI" displayName="Segoe+UI_%26_Bold" postScript="" weightStyle="Bold" weight="700" isBold="True" isItalic="False"/>
      <text>H+%3A</text>
      <textColor>4294967295</textColor>
      <textSize>16</textSize>
      <textVAlign>VaTop</textVAlign>
      <lineSpacing>0</lineSpacing>
      <textStyles>[fsBold]</textStyles>
      <useDefaultTextSize>False</useDefaultTextSize>
      <selectedIndex>-1</selectedIndex>
    </control>
    <control controlID="31B3F053-DA3C-48C5-AAAA-9CDDF251507F" controlTypeID="Label" x="264" y="37" w="26" h="22" zOrder="4">
      <isAutoSize>False</isAutoSize>
      <font family="Segoe+UI" displayName="Segoe+UI_%26_Bold" postScript="" weightStyle="Bold" weight="700" isBold="True" isItalic="False"/>
      <text>M</text>
      <textColor>4294967295</textColor>
      <textSize>16</textSize>
      <textVAlign>VaTop</textVAlign>
      <lineSpacing>0</lineSpacing>
      <textStyles>[fsBold]</textStyles>
      <useDefaultTextSize>False</useDefaultTextSize>
      <selectedIndex>-1</selectedIndex>
    </control>
    <control controlID="CF687B8A-EC6F-46DF-8AF7-26A9AE6AE2E0" controlTypeID="Label" x="141" y="28" w="32" h="38" zOrder="5">
      <font family="Segoe+UI" displayName="Segoe+UI_%26_Bold" postScript="" weightStyle="Bold" weight="700" isBold="True" isItalic="False"/>
      <text>00</text>
      <textSize>28</textSize>
      <textVAlign>VaTop</textVAlign>
      <lineSpacing>0</lineSpacing>
      <textStyles>[fsBold]</textStyles>
      <useDefaultTextSize>False</useDefaultTextSize>
      <selectedIndex>-1</selectedIndex>
    </control>
    <control controlID="7A519117-0F3E-4597-B3D8-4DADEA50A620" controlTypeID="Shape" x="210" y="27" w="51" h="43" zOrder="6">
      <font family="Segoe+UI" displayName="Segoe+UI+It%C3%A1lico" postScript="" weightStyle="It%C3%A1lico" weight="400" isBold="False" isItalic="True"/>
      <textSize>14</textSize>
      <textStyles>[fsItalic]</textStyles>
      <selectedIndex>-1</selectedIndex>
      <radius>4</radius>
    </control>
    <control controlID="E295167B-1BF8-418E-966C-6CF80E2FE03F" controlTypeID="Label" x="220" y="28" w="32" h="38" zOrder="7">
      <font family="Segoe+UI" displayName="Segoe+UI_%26_Bold" postScript="" weightStyle="Bold" weight="700" isBold="True" isItalic="False"/>
      <text>07</text>
      <textSize>28</textSize>
      <textVAlign>VaTop</textVAlign>
      <lineSpacing>0</lineSpacing>
      <textStyles>[fsBold]</textStyles>
      <useDefaultTextSize>False</useDefaultTextSize>
      <selectedIndex>-1</selectedIndex>
    </control>
    <control controlID="48208485-16C3-40F9-A2C9-42F7368F1E98" controlTypeID="Label" x="57" y="36" w="26" h="22" zOrder="8">
      <isAutoSize>False</isAutoSize>
      <font family="Segoe+UI" displayName="Segoe+UI_%26_Bold" postScript="" weightStyle="Bold" weight="700" isBold="True" isItalic="False"/>
      <text>Km</text>
      <textColor>4294967295</textColor>
      <textSize>16</textSize>
      <textVAlign>VaTop</textVAlign>
      <lineSpacing>0</lineSpacing>
      <textStyles>[fsBold]</textStyles>
      <useDefaultTextSize>False</useDefaultTextSize>
      <selectedIndex>-1</selectedIndex>
    </control>
    <control controlID="A593B5AE-70AB-4070-AF16-AB5C3878C5D2" controlTypeID="Label" x="15" y="28" w="40" h="38" zOrder="9">
      <font family="Segoe+UI" displayName="Segoe+UI_%26_Bold" postScript="" weightStyle="Bold" weight="700" isBold="True" isItalic="False"/>
      <text>2%2C1</text>
      <textColor>4294967295</textColor>
      <textSize>28</textSize>
      <textVAlign>VaTop</textVAlign>
      <lineSpacing>0</lineSpacing>
      <textStyles>[fsBold]</textStyles>
      <useDefaultTextSize>False</useDefaultTextSize>
      <selectedIndex>-1</selectedIndex>
    </control>
    <control controlID="2B2C745C-9126-470F-A931-EAD7D7F88CCC" controlTypeID="StatusBar(Android)" x="0" y="0" w="360" h="20" zOrder="10"/>
    <control controlID="B5E240D6-9BDB-43A4-9E09-69E39DFA8BCB" controlTypeID="Label" x="339" y="37" w="26" h="22" zOrder="11">
      <isAutoSize>False</isAutoSize>
      <font family="Segoe+UI" displayName="Segoe+UI_%26_Bold" postScript="" weightStyle="Bold" weight="700" isBold="True" isItalic="False"/>
      <text>s</text>
      <textColor>4294967295</textColor>
      <textSize>16</textSize>
      <textVAlign>VaTop</textVAlign>
      <lineSpacing>0</lineSpacing>
      <textStyles>[fsBold]</textStyles>
      <useDefaultTextSize>False</useDefaultTextSize>
      <selectedIndex>-1</selectedIndex>
    </control>
    <control controlID="3B344642-BC13-4199-83F7-26CABC4E7D2C" controlTypeID="Shape" x="285" y="27" w="51" h="43" zOrder="12">
      <font family="Segoe+UI" displayName="Segoe+UI+It%C3%A1lico" postScript="" weightStyle="It%C3%A1lico" weight="400" isBold="False" isItalic="True"/>
      <textSize>14</textSize>
      <textStyles>[fsItalic]</textStyles>
      <selectedIndex>-1</selectedIndex>
      <radius>4</radius>
    </control>
    <control controlID="09B4D09D-9FE2-4CA9-A863-36433433BA9F" controlTypeID="Label" x="295" y="28" w="32" h="38" zOrder="13">
      <font family="Segoe+UI" displayName="Segoe+UI_%26_Bold" postScript="" weightStyle="Bold" weight="700" isBold="True" isItalic="False"/>
      <text>10</text>
      <textSize>28</textSize>
      <textVAlign>VaTop</textVAlign>
      <lineSpacing>0</lineSpacing>
      <textStyles>[fsBold]</textStyles>
      <useDefaultTextSize>False</useDefaultTextSize>
      <selectedIndex>-1</selectedIndex>
    </control>
    <control controlID="A683DE4F-043B-40F3-9F41-9A762AFE77E4" controlTypeID="Shape" x="0" y="20" w="360" h="62" zOrder="14">
      <color>4281743437</color>
      <borderVisible>False</borderVisible>
      <font family="Segoe+UI" displayName="Segoe+UI" postScript="" weightStyle="Normal" weight="400" isBold="False" isItalic="False"/>
      <textSize>14</textSize>
      <selectedIndex>-1</selectedIndex>
    </control>
    <control controlID="79F9EAA3-3EF7-4BAD-BBB6-ACE319379AA3" controlTypeID="Icon" x="99" y="37" w="34" h="34" zOrder="15">
      <color>4294967295</color>
      <icon>
        <ID/>
        <iconFontName>jdIonicons</iconFontName>
        <iconCode>62062</iconCode>
      </icon>
      <URL>8D87F0B6E067D29DE1E9AC9BADB84F13.svg</URL>
    </control>
    <control controlID="7CD2B8E5-E2AC-4B11-9F24-D49581CDE189" controlTypeID="Shape" x="137" y="33" w="51" h="43" zOrder="16">
      <font family="Segoe+UI" displayName="Segoe+UI+It%C3%A1lico" postScript="" weightStyle="It%C3%A1lico" weight="400" isBold="False" isItalic="True"/>
      <textSize>14</textSize>
      <textStyles>[fsItalic]</textStyles>
      <selectedIndex>-1</selectedIndex>
      <radius>4</radius>
    </control>
    <control controlID="349A954A-ACA3-4389-A5B6-41A0BABF0078" controlTypeID="Label" x="190" y="43" w="26" h="22" zOrder="17">
      <isAutoSize>False</isAutoSize>
      <font family="Segoe+UI" displayName="Segoe+UI_%26_Bold" postScript="" weightStyle="Bold" weight="700" isBold="True" isItalic="False"/>
      <text>H+%3A</text>
      <textColor>4294967295</textColor>
      <textSize>16</textSize>
      <textVAlign>VaTop</textVAlign>
      <lineSpacing>0</lineSpacing>
      <textStyles>[fsBold]</textStyles>
      <useDefaultTextSize>False</useDefaultTextSize>
      <selectedIndex>-1</selectedIndex>
    </control>
    <control controlID="B7E41F01-94CB-4E78-BCB3-FBDE85DC2CB6" controlTypeID="Label" x="270" y="43" w="26" h="22" zOrder="18">
      <isAutoSize>False</isAutoSize>
      <font family="Segoe+UI" displayName="Segoe+UI_%26_Bold" postScript="" weightStyle="Bold" weight="700" isBold="True" isItalic="False"/>
      <text>M</text>
      <textColor>4294967295</textColor>
      <textSize>16</textSize>
      <textVAlign>VaTop</textVAlign>
      <lineSpacing>0</lineSpacing>
      <textStyles>[fsBold]</textStyles>
      <useDefaultTextSize>False</useDefaultTextSize>
      <selectedIndex>-1</selectedIndex>
    </control>
    <control controlID="9FFCBE89-165E-4493-A3AC-D6379078DD7D" controlTypeID="Label" x="147" y="34" w="32" h="38" zOrder="19">
      <font family="Segoe+UI" displayName="Segoe+UI_%26_Bold" postScript="" weightStyle="Bold" weight="700" isBold="True" isItalic="False"/>
      <text>00</text>
      <textSize>28</textSize>
      <textVAlign>VaTop</textVAlign>
      <lineSpacing>0</lineSpacing>
      <textStyles>[fsBold]</textStyles>
      <useDefaultTextSize>False</useDefaultTextSize>
      <selectedIndex>-1</selectedIndex>
    </control>
    <control controlID="DA0C1627-5A5F-46F5-B269-DE7C79FD7435" controlTypeID="Shape" x="216" y="33" w="51" h="43" zOrder="20">
      <font family="Segoe+UI" displayName="Segoe+UI+It%C3%A1lico" postScript="" weightStyle="It%C3%A1lico" weight="400" isBold="False" isItalic="True"/>
      <textSize>14</textSize>
      <textStyles>[fsItalic]</textStyles>
      <selectedIndex>-1</selectedIndex>
      <radius>4</radius>
    </control>
    <control controlID="F0864B8F-ECDF-418D-80FC-B7951CBF1676" controlTypeID="Label" x="226" y="34" w="32" h="38" zOrder="21">
      <font family="Segoe+UI" displayName="Segoe+UI_%26_Bold" postScript="" weightStyle="Bold" weight="700" isBold="True" isItalic="False"/>
      <text>06</text>
      <textSize>28</textSize>
      <textVAlign>VaTop</textVAlign>
      <lineSpacing>0</lineSpacing>
      <textStyles>[fsBold]</textStyles>
      <useDefaultTextSize>False</useDefaultTextSize>
      <selectedIndex>-1</selectedIndex>
    </control>
    <control controlID="1D0884E3-56C6-4BA5-9C8A-1A4BF20A9D7F" controlTypeID="Label" x="63" y="42" w="26" h="22" zOrder="22">
      <isAutoSize>False</isAutoSize>
      <font family="Segoe+UI" displayName="Segoe+UI_%26_Bold" postScript="" weightStyle="Bold" weight="700" isBold="True" isItalic="False"/>
      <text>Km</text>
      <textColor>4294967295</textColor>
      <textSize>16</textSize>
      <textVAlign>VaTop</textVAlign>
      <lineSpacing>0</lineSpacing>
      <textStyles>[fsBold]</textStyles>
      <useDefaultTextSize>False</useDefaultTextSize>
      <selectedIndex>-1</selectedIndex>
    </control>
    <control controlID="02FD1262-C19B-4153-B6A1-3ED55622A355" controlTypeID="Label" x="21" y="34" w="40" h="38" zOrder="23">
      <font family="Segoe+UI" displayName="Segoe+UI_%26_Bold" postScript="" weightStyle="Bold" weight="700" isBold="True" isItalic="False"/>
      <text>2%2C2</text>
      <textColor>4294967295</textColor>
      <textSize>28</textSize>
      <textVAlign>VaTop</textVAlign>
      <lineSpacing>0</lineSpacing>
      <textStyles>[fsBold]</textStyles>
      <useDefaultTextSize>False</useDefaultTextSize>
      <selectedIndex>-1</selectedIndex>
    </control>
    <control controlID="B47BC314-A97A-4C6F-B693-B6C661A64A45" controlTypeID="Shape" x="291" y="33" w="51" h="43" zOrder="24">
      <font family="Segoe+UI" displayName="Segoe+UI+It%C3%A1lico" postScript="" weightStyle="It%C3%A1lico" weight="400" isBold="False" isItalic="True"/>
      <textSize>14</textSize>
      <textStyles>[fsItalic]</textStyles>
      <selectedIndex>-1</selectedIndex>
      <radius>4</radius>
    </control>
    <control controlID="C39EA83D-D312-4C5E-90B8-3D65E18E41D3" controlTypeID="Label" x="301" y="34" w="32" h="38" zOrder="25">
      <font family="Segoe+UI" displayName="Segoe+UI_%26_Bold" postScript="" weightStyle="Bold" weight="700" isBold="True" isItalic="False"/>
      <text>20</text>
      <textSize>28</textSize>
      <textVAlign>VaTop</textVAlign>
      <lineSpacing>0</lineSpacing>
      <textStyles>[fsBold]</textStyles>
      <useDefaultTextSize>False</useDefaultTextSize>
      <selectedIndex>-1</selectedIndex>
    </control>
    <control controlID="D0019195-979E-4F62-A0F5-39741A6D350D" controlTypeID="Shape" x="0" y="580" w="360" h="60" zOrder="26">
      <color>4278216345</color>
      <borderColor>4281558732</borderColor>
      <font family="Segoe+UI" displayName="Segoe+UI" postScript="" weightStyle="Normal" weight="400" isBold="False" isItalic="False"/>
      <textSize>14</textSize>
      <selectedIndex>-1</selectedIndex>
    </control>
    <control controlID="8499818B-BCCD-4EFE-8863-5B8B058C96AE" controlTypeID="Icon" x="44" y="589" w="24" h="24" zOrder="27">
      <color>4294967295</color>
      <icon>
        <ID/>
        <iconFontName>jdIonicons</iconFontName>
        <iconCode>62344</iconCode>
      </icon>
      <URL>9DA58F6FCBD77A56BA4CDD80AFFCE333.svg</URL>
    </control>
    <control controlID="36B67DE2-E737-44D6-A921-0250E786AB00" controlTypeID="Label" x="310" y="599" w="20" h="19" zOrder="28">
      <font family="Segoe+UI" displayName="Segoe+UI_%26_Bold" postScript="" weightStyle="Bold" weight="700" isBold="True" isItalic="False"/>
      <text>0%25</text>
      <textColor>4294967295</textColor>
      <lineSpacing>0</lineSpacing>
      <textStyles>[fsBold]</textStyles>
      <selectedIndex>-1</selectedIndex>
    </control>
    <control controlID="354F6221-B174-43BF-8294-1F963F17B735" controlTypeID="Label" x="23" y="596" w="16" h="19" zOrder="29">
      <font family="Segoe+UI" displayName="Segoe+UI_%26_Bold" postScript="" weightStyle="Bold" weight="700" isBold="True" isItalic="False"/>
      <text>90</text>
      <textColor>4294967295</textColor>
      <lineSpacing>0</lineSpacing>
      <textStyles>[fsBold]</textStyles>
      <selectedIndex>-1</selectedIndex>
    </control>
    <control controlID="E921F2C3-08FE-4C8B-921B-02FC12078FE2" controlTypeID="Label" x="147" y="611" w="72" h="19" zOrder="30">
      <font family="Segoe+UI" displayName="Segoe+UI_%26_Bold" postScript="" weightStyle="Bold" weight="700" isBold="True" isItalic="False"/>
      <text>3%2C0min%2Fkm</text>
      <textColor>4294967295</textColor>
      <lineSpacing>0</lineSpacing>
      <textStyles>[fsBold]</textStyles>
      <selectedIndex>-1</selectedIndex>
    </control>
    <control controlID="E79BF4D7-7F1E-4112-8407-B137B01E1823" controlTypeID="Icon" x="171" y="588" w="24" h="24" zOrder="31">
      <color>4294967295</color>
      <icon>
        <ID/>
        <iconFontName>jdIcoFont</iconFontName>
        <iconCode>58986</iconCode>
      </icon>
      <URL>2119E1032635B58A9627C98AB304CEE8.svg</URL>
    </control>
    <control controlID="7E8F3C42-3B62-4060-82F3-D2D07FCE97CE" controlTypeID="Icon" x="281" y="589" w="24" h="24" zOrder="32">
      <color>4294967295</color>
      <icon>
        <ID/>
        <iconFontName>jdFontCustom</iconFontName>
        <iconCode>61818</iconCode>
      </icon>
      <URL>268E16FD592DA2C630668940E11A82CC.svg</URL>
    </control>
    <control controlID="B7CFC55A-49E9-4ED5-9038-2EBEBC7FC642" controlTypeID="Label" x="38" y="116" w="135" h="19" zOrder="33">
      <font family="Segoe+UI" displayName="Segoe+UI_%26_Bold" postScript="" weightStyle="Bold" weight="700" isBold="True" isItalic="False"/>
      <text>Ponto+de+Fotografia%3A</text>
      <lineSpacing>0</lineSpacing>
      <textStyles>[fsBold]</textStyles>
      <selectedIndex>-1</selectedIndex>
    </control>
    <control controlID="5EC6824A-7CEC-4AF4-B1F2-83BEABC756FF" controlTypeID="Label" x="221" y="117" w="35" h="19" zOrder="34">
      <font family="Segoe+UI" displayName="Segoe+UI" postScript="" weightStyle="Normal" weight="400" isBold="False" isItalic="False"/>
      <text>100m</text>
      <lineSpacing>0</lineSpacing>
      <selectedIndex>-1</selectedIndex>
    </control>
    <control controlID="5AD8F426-B718-469B-9602-FC896C9E3F7D" controlTypeID="Label" x="39" y="143" w="101" h="19" zOrder="35">
      <font family="Segoe+UI" displayName="Segoe+UI_%26_Bold" postScript="" weightStyle="Bold" weight="700" isBold="True" isItalic="False"/>
      <text>Ponto+de+%C3%81gua%3A</text>
      <lineSpacing>0</lineSpacing>
      <textStyles>[fsBold]</textStyles>
      <selectedIndex>-1</selectedIndex>
    </control>
    <control controlID="828A262E-4204-4B16-B052-2D0A7ADA9812" controlTypeID="Label" x="223" y="145" w="35" h="19" zOrder="36">
      <font family="Segoe+UI" displayName="Segoe+UI" postScript="" weightStyle="Normal" weight="400" isBold="False" isItalic="False"/>
      <text>300m</text>
      <lineSpacing>0</lineSpacing>
      <selectedIndex>-1</selectedIndex>
    </control>
    <control controlID="BF101391-E8B8-41E2-9E71-902C5890C6A0" controlTypeID="Label" x="14" y="88" w="157" h="22" zOrder="37">
      <font family="Segoe+UI" displayName="Segoe+UI_%26_Bold" postScript="" weightStyle="Bold" weight="700" isBold="True" isItalic="False"/>
      <text>Pr%C3%B3ximas+Indica%C3%A7%C3%B5es%3A</text>
      <textSize>16</textSize>
      <lineSpacing>0</lineSpacing>
      <textStyles>[fsBold]</textStyles>
      <useDefaultTextSize>False</useDefaultTextSize>
      <selectedIndex>-1</selectedIndex>
    </control>
  </controls>
  <param>
    <backgroundColor>4291611852</backgroundColor>
    <fontSize>14</fontSize>
    <fontFamily>Segoe+UI</fontFamily>
    <guideLines/>
  </param>
</mockup>