﻿<mockup version="5.3" minAllowVersion="5.3" ID="2A69B7C8-2231-4DCA-B8B2-F5857C0A3B6C" platform="MtMobile" defaultW="360" defaultH="640" measureW="360" measureH="640" screenOrientation="MoPortrait" mobileScreenScale="1.77777779102325" clipArea="(0,0,0,0)">
  <controls controlCount="4">
    <control controlID="CE42FB4B-CFDC-4EEC-9183-7E58A1C69E84" controlTypeID="Image" x="28" y="0" w="308" h="640" zOrder="0">
      <links eventType="AtClick" animate="AmNone" animateAutoDelay="0" animateDuration="500">
        <link targetPageID="C74CE230-9210-4E90-A8B1-B6A9A5ED7209" linkType="ltPageLink" isApplyIncludePage="False" title="Guias+Turisticos">
          <area shape="0" alt="" ID="{9420D5A0-8F01-4424-8137-18EE7CCEDE45}" coords="(0,0,308,640)"/>
        </link>
      </links>
      <URL>B16CFADD373923AB2F8327FCDB7285ED.jpeg</URL>
    </control>
    <control controlID="BFD638E6-F8FC-4E9E-8D81-C45335FCABA3" controlTypeID="QRCode" x="104" y="132" w="157" h="163" zOrder="1"/>
    <control controlID="53A0AE73-396E-45B3-A266-7AA798C93894" controlTypeID="Icon" x="159" y="32" w="41" h="41" zOrder="2">
      <links eventType="AtClick" animate="AmNone" animateAutoDelay="0" animateDuration="500">
        <link targetPageID="0CD01DE1-6CBF-4CFA-86A6-3DCA15FE03D6" linkType="ltPageLink" isApplyIncludePage="False" title="Cidades+de+Portugal">
          <area shape="0" alt="" ID="{AE227059-B402-4502-B832-98AC8B754B47}" coords="(0,0,41,41)"/>
        </link>
      </links>
      <icon>
        <ID/>
        <iconFontName>jdIonicons</iconFontName>
        <iconCode>62318</iconCode>
      </icon>
      <URL>DB7FC814F441C17601BBA7EA29C0CC4C.svg</URL>
    </control>
    <control controlID="F338928E-9C01-4232-8488-BC0C312F4698" controlTypeID="StatusBar(Android)" x="0" y="0" w="360" h="20" zOrder="3"/>
  </controls>
  <param>
    <backgroundColor>4278190080</backgroundColor>
    <fontSize>14</fontSize>
    <fontFamily>Segoe+UI</fontFamily>
    <guideLines/>
  </param>
</mockup>