﻿<mockup version="5.3" minAllowVersion="5.3" ID="2DAC718F-3564-4087-B11B-477AC862E848" platform="MtMobile" defaultW="360" defaultH="640" screenOrientation="MoPortrait" mobileScreenScale="1.77777779102325" measureW="360" measureH="640">
  <controls controlCount="3">
    <control controlID="09EAD137-D965-4A15-803E-D1DD13E73E86" controlTypeID="Image" x="0" y="20" w="360" h="572" zOrder="0">
      <links eventType="AtClick" animate="AmFade" animateAutoDelay="0" animateDuration="300">
        <link targetPageID="6999A056-9EC0-419C-964A-BAC2E1520B9B" linkType="ltPageLink" isApplyIncludePage="False" title="Mapa+Guia">
          <area shape="0" alt="" ID="{27FF8A0E-F7E5-467D-895A-3E0657CB09B5}" coords="(0,0,360,572)"/>
        </link>
      </links>
      <URL>82D5F0C1816E1EF92E7A351387E1BECD.png</URL>
    </control>
    <control controlID="CA5A59DD-9C7A-47DF-8929-EA6A9A29E139" controlTypeID="StatusBar(Android)" x="0" y="0" w="360" h="20" zOrder="1"/>
    <control controlID="F5F35614-AF71-4B49-9F13-A6C7C6ED205B" controlTypeID="NavigationBar" x="0" y="592" w="360" h="48" zOrder="2"/>
  </controls>
  <param>
    <backgroundColor>4294967295</backgroundColor>
    <fontSize>0</fontSize>
    <fontFamily/>
    <guideLines/>
  </param>
</mockup>