﻿<mockup version="5.3" minAllowVersion="5.3" ID="306606D6-33D3-4C30-A019-1E2D44D1BFA3" platform="MtMobile" defaultW="360" defaultH="640" measureW="360" measureH="640" screenOrientation="MoPortrait" mobileScreenScale="1.77777779102325" clipArea="(0,0,0,0)">
  <controls controlCount="4">
    <control controlID="C3AF4ED2-520E-4F8E-A96D-8BD0CA01965F" controlTypeID="Label" x="52" y="448" w="267" h="80" zOrder="0">
      <font family="Segoe+UI" displayName="Segoe+UI_%26_Bold" postScript="" weightStyle="Bold" weight="700" isBold="True" isItalic="False"/>
      <text>Obrigado</text>
      <textColor>4278878072</textColor>
      <textSize>60</textSize>
      <lineSpacing>0</lineSpacing>
      <textStyles>[fsBold]</textStyles>
      <useDefaultTextSize>False</useDefaultTextSize>
      <selectedIndex>-1</selectedIndex>
    </control>
    <control controlID="083BC743-7610-472D-AABC-F7EE7D7666A6" controlTypeID="Image" x="80" y="202" w="200" h="199" zOrder="1">
      <URL>E5C2EC97BA4E402905681E104F6A04D2.jpeg</URL>
    </control>
    <control controlID="19189748-851A-4444-946A-6B4BEA1A8820" controlTypeID="TextArea" x="17" y="20" w="326" h="168" zOrder="2">
      <font family="Segoe+UI" displayName="Segoe+UI" postScript="" weightStyle="Normal" weight="400" isBold="False" isItalic="False"/>
      <text>Para+um+estilo+%0D%0Ade%0D%0A+vida+saud%C3%A1vel</text>
      <textSize>32</textSize>
      <textAlign>HaCenter</textAlign>
      <useDefaultTextSize>False</useDefaultTextSize>
      <selectedIndex>-1</selectedIndex>
    </control>
    <control controlID="A07BF6B4-4E71-44CB-BA19-7B224888B74A" controlTypeID="Shape" x="0" y="0" w="360" h="640" zOrder="3">
      <color>16777215</color>
      <links eventType="AtClick" animate="AmNone" animateAutoDelay="0" animateDuration="500">
        <link targetPageID="121A7F69-2A43-45A9-B47E-AEA2ECE036AD" linkType="ltPageLink" isApplyIncludePage="False" title="Inicial">
          <area shape="0" alt="" ID="{7F21F997-7988-4BEE-B008-CCEB23C120BF}" coords="(0,0,360,640)"/>
        </link>
      </links>
      <font family="Segoe+UI" displayName="Segoe+UI" postScript="" weightStyle="Normal" weight="400" isBold="False" isItalic="False"/>
      <textSize>14</textSize>
      <selectedIndex>-1</selectedIndex>
    </control>
  </controls>
  <param>
    <backgroundColor>4294967295</backgroundColor>
    <fontSize>0</fontSize>
    <fontFamily/>
    <guideLines/>
  </param>
</mockup>