﻿<mockup version="5.3" minAllowVersion="5.3" ID="47DF6902-A4A6-40A5-AD54-ABDE4E8ABF98" platform="MtMobile" defaultW="360" defaultH="640" measureW="360" measureH="640" screenOrientation="MoPortrait" mobileScreenScale="1.77777779102325" clipArea="(0,0,0,0)">
  <controls controlCount="51">
    <control controlID="72D74F76-FE25-43AD-88CD-94EEBD8DCDB2" controlTypeID="Shape" x="0" y="20" w="360" h="44" zOrder="0">
      <borderColor>4293190884</borderColor>
      <font family="Segoe+UI" displayName="Segoe+UI" postScript="" weightStyle="Normal" weight="400" isBold="False" isItalic="False"/>
      <text>Dados+Pessoais</text>
      <textSize>16</textSize>
      <useDefaultTextSize>False</useDefaultTextSize>
      <selectedIndex>-1</selectedIndex>
      <borderMode>[bmBottom]</borderMode>
    </control>
    <control controlID="A7DEF655-B731-4C94-8557-D77EA56ED6C9" controlTypeID="Icon" x="10" y="35" w="17" h="17" zOrder="1">
      <color>4278190080</color>
      <links eventType="AtClick" animate="AmNone" animateAutoDelay="0" animateDuration="500">
        <link targetPageID="command:back" linkType="ltPageLink" isApplyIncludePage="False" title="">
          <area shape="0" alt="" ID="{AA552F5B-BB21-4D80-AA35-23BBD9E304FC}" coords="(0,0,17,17)"/>
        </link>
      </links>
      <icon>
        <ID/>
        <iconFontName>jdIonicons</iconFontName>
        <iconCode>62418</iconCode>
      </icon>
      <URL>91852B86E51F760894554368302F9800.svg</URL>
    </control>
    <control controlID="0A3D0E8A-AC3D-4DBA-88E2-C1A806922CD4" controlTypeID="__group__" x="0" y="592" w="360" h="47" zOrder="2">
      <groupChildrenDescriptors>
        <control controlID="D2C36713-250F-424C-8FE0-F03D1CFEE761" controlTypeID="Shape" x="0" y="0" w="360" h="47" zOrder="0">
          <borderColor>4293190884</borderColor>
          <font family="Segoe+UI" displayName="Segoe+UI" postScript="" weightStyle="Normal" weight="400" isBold="False" isItalic="False"/>
          <textSize>14</textSize>
          <selectedIndex>-1</selectedIndex>
          <borderMode>[bmTop]</borderMode>
        </control>
        <control controlID="5426B8DB-7AD9-460F-AD33-C73EBC976520" controlTypeID="IconLabel2" x="39" y="6" w="32" h="39" zOrder="1">
          <links eventType="AtClick" animate="AmNone" animateAutoDelay="0" animateDuration="500">
            <link targetPageID="47DF6902-A4A6-40A5-AD54-ABDE4E8ABF98" linkType="ltPageLink" isApplyIncludePage="False" title="Dados+Pessoais">
              <area shape="0" alt="" ID="{71CC6B0E-EEC5-4B07-ADEB-B12570829D7A}" coords="(0,0,32,39)"/>
            </link>
          </links>
          <groupChildrenDescriptors>
            <control controlID="B20BC061-24DB-42EA-BB9C-E4D5D9426072" controlTypeID="Shape" x="6" y="0" w="20" h="20" zOrder="0">
              <canMove>False</canMove>
              <alias>shape</alias>
              <font family="Segoe+UI" displayName="Segoe+UI" postScript="" weightStyle="Normal" weight="400" isBold="False" isItalic="False"/>
              <textSize>14</textSize>
              <selectedIndex>-1</selectedIndex>
            </control>
            <control controlID="0F94BA9A-0DBD-4475-AFFC-76F04F08690B" controlTypeID="Icon" x="6" y="0" w="20" h="20" zOrder="1">
              <color>4278190080</color>
              <canMove>False</canMove>
              <alias>icon</alias>
              <icon>
                <ID/>
                <iconFontName>jdIonicons</iconFontName>
                <iconCode>62368</iconCode>
              </icon>
              <URL>B91434690C5B5224D1CC6B1998F1178A.svg</URL>
            </control>
            <control controlID="0C6BDBC4-2C2D-4712-ABEC-C763B379FDD2" controlTypeID="Label" x="2" y="24" w="28" h="15" zOrder="2">
              <canMove>False</canMove>
              <alias>label</alias>
              <font family="Segoe+UI" displayName="Segoe+UI_%26_Bold" postScript="" weightStyle="Bold" weight="700" isBold="True" isItalic="False"/>
              <text>Perfil</text>
              <textSize>11</textSize>
              <textAlign>HaCenter</textAlign>
              <lineSpacing>0</lineSpacing>
              <textStyles>[fsBold]</textStyles>
              <useDefaultTextSize>False</useDefaultTextSize>
              <selectedIndex>-1</selectedIndex>
            </control>
            <control controlID="2EAACDF4-4673-4D06-91D6-9E05B18FB1DD" controlTypeID="Shape" x="19" y="0" w="13" h="12" zOrder="3">
              <color>4294901760</color>
              <borderVisible>False</borderVisible>
              <canMove>False</canMove>
              <alias>alarm</alias>
              <font family="Segoe+UI" displayName="Segoe+UI" postScript="" weightStyle="Normal" weight="400" isBold="False" isItalic="False"/>
              <text>2</text>
              <textColor>4294967295</textColor>
              <textSize>7</textSize>
              <selectedIndex>-1</selectedIndex>
              <radius>100</radius>
              <radiusIsPercent>True</radiusIsPercent>
            </control>
          </groupChildrenDescriptors>
          <iconSize>20</iconSize>
        </control>
        <control controlID="C43EE5B3-9078-4D6A-8BB2-155BD7E0A4A0" controlTypeID="IconLabel2" x="119" y="6" w="38" h="39" zOrder="2">
          <links eventType="AtClick" animate="AmNone" animateAutoDelay="0" animateDuration="500">
            <link targetPageID="0CD01DE1-6CBF-4CFA-86A6-3DCA15FE03D6" linkType="ltPageLink" isApplyIncludePage="False" title="Cidades+de+Portugal">
              <area shape="0" alt="" ID="{7CCF5DE8-A19A-482A-9CA0-E89D7947A342}" coords="(0,0,38,39)"/>
            </link>
          </links>
          <groupChildrenDescriptors>
            <control controlID="352A9C19-A9F0-481E-99EA-CCAE581D1775" controlTypeID="Shape" x="9" y="0" w="20" h="20" zOrder="0">
              <canMove>False</canMove>
              <alias>shape</alias>
              <font family="Segoe+UI" displayName="Segoe+UI" postScript="" weightStyle="Normal" weight="400" isBold="False" isItalic="False"/>
              <textSize>14</textSize>
              <selectedIndex>-1</selectedIndex>
            </control>
            <control controlID="1D000A82-DC9C-472D-9427-EE73E705CE71" controlTypeID="Icon" x="9" y="0" w="20" h="20" zOrder="1">
              <canMove>False</canMove>
              <alias>icon</alias>
              <icon>
                <ID/>
                <iconFontName>jdIcoMoonFree</iconFontName>
                <iconCode>59826</iconCode>
              </icon>
              <URL>9971C54B10DB4FB36C582D891537A230.svg</URL>
            </control>
            <control controlID="7F503144-8274-4381-8EF8-692F9264C746" controlTypeID="Label" x="2" y="24" w="34" h="15" zOrder="2">
              <canMove>False</canMove>
              <alias>label</alias>
              <font family="Segoe+UI" displayName="Segoe+UI" postScript="" weightStyle="Normal" weight="400" isBold="False" isItalic="False"/>
              <text>Treinos</text>
              <textColor>4284900966</textColor>
              <textSize>11</textSize>
              <textAlign>HaCenter</textAlign>
              <lineSpacing>0</lineSpacing>
              <useDefaultTextSize>False</useDefaultTextSize>
              <selectedIndex>-1</selectedIndex>
            </control>
            <control controlID="B9A24763-FAF3-4C1B-9B78-7AD5650D1AFF" controlTypeID="Shape" x="25" y="0" w="13" h="12" zOrder="3">
              <color>4294901760</color>
              <borderVisible>False</borderVisible>
              <canMove>False</canMove>
              <alias>alarm</alias>
              <font family="Segoe+UI" displayName="Segoe+UI" postScript="" weightStyle="Normal" weight="400" isBold="False" isItalic="False"/>
              <text>2</text>
              <textColor>4294967295</textColor>
              <textSize>7</textSize>
              <selectedIndex>-1</selectedIndex>
              <radius>100</radius>
              <radiusIsPercent>True</radiusIsPercent>
            </control>
          </groupChildrenDescriptors>
          <iconSize>20</iconSize>
        </control>
        <control controlID="7228E369-6EE3-44A6-9F8B-7B0856A38F62" controlTypeID="IconLabel2" x="205" y="6" w="36" h="39" zOrder="3">
          <links eventType="AtClick" animate="AmNone" animateAutoDelay="0" animateDuration="500">
            <link targetPageID="E3A6CF55-D116-4715-B043-FC13DFD1E647" linkType="ltPageLink" isApplyIncludePage="False" title="Provas">
              <area shape="0" alt="" ID="{74B95BEC-644D-4076-9466-DA6658226A01}" coords="(0,0,36,39)"/>
            </link>
          </links>
          <groupChildrenDescriptors>
            <control controlID="F26EF550-580A-439A-AA5D-ADEE04356385" controlTypeID="Shape" x="8" y="0" w="20" h="20" zOrder="0">
              <canMove>False</canMove>
              <alias>shape</alias>
              <font family="Segoe+UI" displayName="Segoe+UI" postScript="" weightStyle="Normal" weight="400" isBold="False" isItalic="False"/>
              <textSize>14</textSize>
              <selectedIndex>-1</selectedIndex>
            </control>
            <control controlID="259E7CF8-7F8A-4CF1-86F7-4142E3B4D337" controlTypeID="Icon" x="8" y="0" w="20" h="20" zOrder="1">
              <color>4288256409</color>
              <canMove>False</canMove>
              <alias>icon</alias>
              <icon>
                <ID/>
                <iconFontName>jdIcoFont</iconFontName>
                <iconCode>58986</iconCode>
              </icon>
              <URL>2119E1032635B58A9627C98AB304CEE8.svg</URL>
            </control>
            <control controlID="E38451F1-8970-4D98-8A26-ECC04121E0F2" controlTypeID="Label" x="2" y="24" w="32" h="15" zOrder="2">
              <canMove>False</canMove>
              <alias>label</alias>
              <font family="Segoe+UI" displayName="Segoe+UI" postScript="" weightStyle="Normal" weight="400" isBold="False" isItalic="False"/>
              <text>Provas</text>
              <textColor>4288256409</textColor>
              <textSize>11</textSize>
              <textAlign>HaCenter</textAlign>
              <lineSpacing>0</lineSpacing>
              <useDefaultTextSize>False</useDefaultTextSize>
              <selectedIndex>-1</selectedIndex>
            </control>
            <control controlID="39747D5D-3B22-47D7-80EE-05DF674880F4" controlTypeID="Shape" x="23" y="0" w="13" h="12" zOrder="3">
              <color>4294901760</color>
              <borderVisible>False</borderVisible>
              <canMove>False</canMove>
              <alias>alarm</alias>
              <font family="Segoe+UI" displayName="Segoe+UI" postScript="" weightStyle="Normal" weight="400" isBold="False" isItalic="False"/>
              <text>2</text>
              <textColor>4294967295</textColor>
              <textSize>7</textSize>
              <selectedIndex>-1</selectedIndex>
              <radius>100</radius>
              <radiusIsPercent>True</radiusIsPercent>
            </control>
          </groupChildrenDescriptors>
          <iconSize>20</iconSize>
        </control>
        <control controlID="700540A8-8A6F-4938-AB8C-23EC0A9AB6CE" controlTypeID="IconLabel2" x="281" y="6" w="47" h="39" zOrder="4">
          <links eventType="AtClick" animate="AmNone" animateAutoDelay="0" animateDuration="500">
            <link targetPageID="7AF88CE8-E1DF-4DBA-8762-50C026F1B446" linkType="ltPageLink" isApplyIncludePage="False" title="Hist%C3%B3rico+Atividades">
              <area shape="0" alt="" ID="{F31C76AA-3229-4CB2-AE09-CFB13D443951}" coords="(0,0,47,39)"/>
            </link>
          </links>
          <groupChildrenDescriptors>
            <control controlID="FF67B506-3DEB-4E25-8638-43B108428853" controlTypeID="Shape" x="14" y="0" w="20" h="20" zOrder="0">
              <canMove>False</canMove>
              <alias>shape</alias>
              <font family="Segoe+UI" displayName="Segoe+UI" postScript="" weightStyle="Normal" weight="400" isBold="False" isItalic="False"/>
              <textSize>14</textSize>
              <selectedIndex>-1</selectedIndex>
            </control>
            <control controlID="29D8BE87-EC8C-401C-8710-05617400625B" controlTypeID="Icon" x="14" y="0" w="20" h="20" zOrder="1">
              <color>4288256409</color>
              <canMove>False</canMove>
              <alias>icon</alias>
              <icon>
                <ID/>
                <iconFontName>jdIonicons</iconFontName>
                <iconCode>62548</iconCode>
              </icon>
              <URL>7D4E13552F08995905B7F39F0FCA3415.svg</URL>
            </control>
            <control controlID="BAC8134A-5C34-4330-BD18-A4C5F6CB49CF" controlTypeID="Label" x="2" y="24" w="43" h="15" zOrder="2">
              <canMove>False</canMove>
              <alias>label</alias>
              <font family="Segoe+UI" displayName="Segoe+UI" postScript="" weightStyle="Normal" weight="400" isBold="False" isItalic="False"/>
              <text>Hist%C3%B3rico</text>
              <textColor>4288256409</textColor>
              <textSize>11</textSize>
              <textAlign>HaCenter</textAlign>
              <lineSpacing>0</lineSpacing>
              <useDefaultTextSize>False</useDefaultTextSize>
              <selectedIndex>-1</selectedIndex>
            </control>
            <control controlID="FE3ADCC6-FAD7-484C-AB1A-133620F033BA" controlTypeID="Shape" x="34" y="0" w="13" h="12" zOrder="3">
              <color>4294901760</color>
              <borderVisible>False</borderVisible>
              <canMove>False</canMove>
              <alias>alarm</alias>
              <font family="Segoe+UI" displayName="Segoe+UI" postScript="" weightStyle="Normal" weight="400" isBold="False" isItalic="False"/>
              <text>2</text>
              <textColor>4294967295</textColor>
              <textSize>7</textSize>
              <selectedIndex>-1</selectedIndex>
              <radius>100</radius>
              <radiusIsPercent>True</radiusIsPercent>
            </control>
          </groupChildrenDescriptors>
          <iconSize>20</iconSize>
        </control>
      </groupChildrenDescriptors>
    </control>
    <control controlID="2A9D45FC-2FD0-4FE7-9E05-845E53F0AD2D" controlTypeID="StatusBar(Android)" x="0" y="0" w="360" h="20" zOrder="3"/>
    <control controlID="BB9F1EF2-6B14-4D83-8C43-1592797889FE" controlTypeID="__group__" x="85" y="76" w="188" h="188" zOrder="4">
      <ShadowBlur>0</ShadowBlur>
      <groupChildrenDescriptors>
        <control controlID="C691AC7A-B4CB-4558-8431-45B11F7A375E" controlTypeID="CircleProgressBar" x="0" y="0" w="188" h="188" zOrder="0">
          <ShadowBlur>0</ShadowBlur>
          <font family="Segoe+UI" displayName="Segoe+UI" postScript="" weightStyle="Normal" weight="400" isBold="False" isItalic="False"/>
          <text>%E7%8E%AF%E5%BD%A2%E8%BF%9B%E5%BA%A6%E6%9D%A1</text>
          <textSize>14</textSize>
          <lineSpacing>0</lineSpacing>
          <selectedIndex>-1</selectedIndex>
          <value>5</value>
          <indicatorColor>4281545523</indicatorColor>
          <trackColor>14540253</trackColor>
        </control>
        <control controlID="630DD830-912D-4812-B0C8-898163A3C54E" controlTypeID="__group__" x="8" y="7" w="173" h="173" zOrder="1">
          <ShadowBlur>0</ShadowBlur>
          <groupChildrenDescriptors>
            <control controlID="7C0F6B06-A416-4FE6-AF2D-AE88642D9682" controlTypeID="Shape" x="0" y="0" w="173" h="173" zOrder="0">
              <color>4288256409</color>
              <ShadowBlur>0</ShadowBlur>
              <font family="Segoe+UI" displayName="Segoe+UI" postScript="" weightStyle="Normal" weight="400" isBold="False" isItalic="False"/>
              <textSize>14</textSize>
              <selectedIndex>-1</selectedIndex>
              <shapeBorderType>SbEllipse</shapeBorderType>
            </control>
            <control controlID="9051CDA8-E417-4197-BB80-AB6D09DD5240" controlTypeID="Icon" x="0" y="0" w="173" h="173" zOrder="1">
              <color>4291611852</color>
              <ShadowBlur>0</ShadowBlur>
              <icon>
                <ID/>
                <iconFontName>jdIonicons</iconFontName>
                <iconCode>62490</iconCode>
              </icon>
              <URL>13A6B3D854F2AB14928F0218C2866215.svg</URL>
            </control>
          </groupChildrenDescriptors>
        </control>
      </groupChildrenDescriptors>
    </control>
    <control controlID="7A910691-D7FE-4772-9029-733F006DCBF4" controlTypeID="TextInput" x="210" y="275" w="135" h="39" zOrder="5">
      <color>16777215</color>
      <borderColor>6710886</borderColor>
      <ShadowBlur>0</ShadowBlur>
      <font family="Segoe+UI" displayName="Segoe+UI_%26_Bold" postScript="" weightStyle="Bold" weight="700" isBold="True" isItalic="False"/>
      <text>Nome+Completo</text>
      <textColor>4281545523</textColor>
      <textSize>16</textSize>
      <textAlign>HaRight</textAlign>
      <lineSpacing>0</lineSpacing>
      <textStyles>[fsBold]</textStyles>
      <useDefaultTextSize>False</useDefaultTextSize>
      <selectedIndex>-1</selectedIndex>
    </control>
    <control controlID="B9D9AE3D-2F8C-4DA2-9854-668F95AFEE4C" controlTypeID="TextInput" x="114" y="409" w="261" h="39" zOrder="6">
      <color>16777215</color>
      <borderColor>6710886</borderColor>
      <ShadowBlur>0</ShadowBlur>
      <font family="Segoe+UI" displayName="Segoe+UI" postScript="" weightStyle="Normal" weight="400" isBold="False" isItalic="False"/>
      <textColor>4281545523</textColor>
      <textSize>16</textSize>
      <lineSpacing>0</lineSpacing>
      <useDefaultTextSize>False</useDefaultTextSize>
      <selectedIndex>-1</selectedIndex>
    </control>
    <control controlID="05EFCEC9-E81A-4884-8A8A-204A3E456662" controlTypeID="TextInput" x="114" y="477" w="261" h="39" zOrder="7">
      <color>16777215</color>
      <borderColor>6710886</borderColor>
      <ShadowBlur>0</ShadowBlur>
      <font family="Segoe+UI" displayName="Segoe+UI" postScript="" weightStyle="Normal" weight="400" isBold="False" isItalic="False"/>
      <textColor>4281545523</textColor>
      <textSize>16</textSize>
      <lineSpacing>0</lineSpacing>
      <useDefaultTextSize>False</useDefaultTextSize>
      <selectedIndex>-1</selectedIndex>
    </control>
    <control controlID="1AEBA78A-263B-4134-9489-618F6D562224" controlTypeID="Label" x="22" y="284" w="51" h="24" zOrder="8">
      <ShadowBlur>0</ShadowBlur>
      <font family="Segoe+UI" displayName="Segoe+UI_%26_Bold" postScript="" weightStyle="Bold" weight="700" isBold="True" isItalic="False"/>
      <text>Nome</text>
      <textColor>4288256409</textColor>
      <textSize>18</textSize>
      <textVAlign>VaTop</textVAlign>
      <lineSpacing>0</lineSpacing>
      <textStyles>[fsBold]</textStyles>
      <useDefaultTextSize>False</useDefaultTextSize>
      <selectedIndex>-1</selectedIndex>
    </control>
    <control controlID="220F5619-E0F5-4578-A39B-50C6CA38F159" controlTypeID="Line" x="22" y="323" w="340" h="1" zOrder="9">
      <color>4294243572</color>
      <ShadowBlur>0</ShadowBlur>
      <font family="Segoe+UI" displayName="Segoe+UI" postScript="" weightStyle="Normal" weight="400" isBold="False" isItalic="False"/>
      <textSize>14</textSize>
      <lineSpacing>0</lineSpacing>
      <selectedIndex>-1</selectedIndex>
      <controlPoint>(170,0)</controlPoint>
      <startPoint>(1,0)</startPoint>
      <endPoint>(340,0)</endPoint>
    </control>
    <control controlID="ED4607E4-FDDC-40FA-865D-4D1AE90A1C5B" controlTypeID="Label" x="22" y="334" w="145" h="24" zOrder="10">
      <ShadowBlur>0</ShadowBlur>
      <font family="Segoe+UI" displayName="Segoe+UI_%26_Bold" postScript="" weightStyle="Bold" weight="700" isBold="True" isItalic="False"/>
      <text>Data+Nascimento</text>
      <textColor>4288256409</textColor>
      <textSize>18</textSize>
      <textVAlign>VaTop</textVAlign>
      <lineSpacing>0</lineSpacing>
      <textStyles>[fsBold]</textStyles>
      <useDefaultTextSize>False</useDefaultTextSize>
      <selectedIndex>-1</selectedIndex>
    </control>
    <control controlID="8CF891FE-6C66-4EB2-B152-BAB8C2F773F9" controlTypeID="Line" x="22" y="373" w="340" h="1" zOrder="11">
      <color>4294243572</color>
      <ShadowBlur>0</ShadowBlur>
      <font family="Segoe+UI" displayName="Segoe+UI" postScript="" weightStyle="Normal" weight="400" isBold="False" isItalic="False"/>
      <textSize>14</textSize>
      <lineSpacing>0</lineSpacing>
      <selectedIndex>-1</selectedIndex>
      <controlPoint>(170,0)</controlPoint>
      <startPoint>(1,0)</startPoint>
      <endPoint>(340,0)</endPoint>
    </control>
    <control controlID="389FE0F8-B887-42D8-B054-6533DDB9EDAC" controlTypeID="Label" x="22" y="383" w="39" h="24" zOrder="12">
      <ShadowBlur>0</ShadowBlur>
      <font family="Segoe+UI" displayName="Segoe+UI_%26_Bold" postScript="" weightStyle="Bold" weight="700" isBold="True" isItalic="False"/>
      <text>Peso</text>
      <textColor>4288256409</textColor>
      <textSize>18</textSize>
      <textVAlign>VaTop</textVAlign>
      <lineSpacing>0</lineSpacing>
      <textStyles>[fsBold]</textStyles>
      <useDefaultTextSize>False</useDefaultTextSize>
      <selectedIndex>-1</selectedIndex>
    </control>
    <control controlID="ACE8D74E-92BC-40DE-B5EB-3436BF9C9AFD" controlTypeID="Line" x="22" y="422" w="340" h="1" zOrder="13">
      <color>4294243572</color>
      <ShadowBlur>0</ShadowBlur>
      <font family="Segoe+UI" displayName="Segoe+UI" postScript="" weightStyle="Normal" weight="400" isBold="False" isItalic="False"/>
      <textSize>14</textSize>
      <lineSpacing>0</lineSpacing>
      <selectedIndex>-1</selectedIndex>
      <controlPoint>(170,0)</controlPoint>
      <startPoint>(1,0)</startPoint>
      <endPoint>(340,0)</endPoint>
    </control>
    <control controlID="A61703D8-AA05-484A-BEB5-60B16B83BCC1" controlTypeID="TextInput" x="114" y="532" w="261" h="39" zOrder="14">
      <color>16777215</color>
      <borderColor>6710886</borderColor>
      <ShadowBlur>0</ShadowBlur>
      <font family="Segoe+UI" displayName="Segoe+UI" postScript="" weightStyle="Normal" weight="400" isBold="False" isItalic="False"/>
      <textColor>4281545523</textColor>
      <textSize>16</textSize>
      <lineSpacing>0</lineSpacing>
      <useDefaultTextSize>False</useDefaultTextSize>
      <selectedIndex>-1</selectedIndex>
    </control>
    <control controlID="D506096A-2D96-48BF-B14B-56DB3259C10F" controlTypeID="Label" x="22" y="434" w="53" h="24" zOrder="15">
      <ShadowBlur>0</ShadowBlur>
      <font family="Segoe+UI" displayName="Segoe+UI_%26_Bold" postScript="" weightStyle="Bold" weight="700" isBold="True" isItalic="False"/>
      <text>Altura</text>
      <textColor>4288256409</textColor>
      <textSize>18</textSize>
      <textVAlign>VaTop</textVAlign>
      <lineSpacing>0</lineSpacing>
      <textStyles>[fsBold]</textStyles>
      <useDefaultTextSize>False</useDefaultTextSize>
      <selectedIndex>-1</selectedIndex>
    </control>
    <control controlID="C6658588-CEA6-438E-91CD-DE013C41E04F" controlTypeID="Line" x="22" y="473" w="340" h="1" zOrder="16">
      <color>4294243572</color>
      <ShadowBlur>0</ShadowBlur>
      <font family="Segoe+UI" displayName="Segoe+UI" postScript="" weightStyle="Normal" weight="400" isBold="False" isItalic="False"/>
      <textSize>14</textSize>
      <lineSpacing>0</lineSpacing>
      <selectedIndex>-1</selectedIndex>
      <controlPoint>(170,0)</controlPoint>
      <startPoint>(1,0)</startPoint>
      <endPoint>(340,0)</endPoint>
    </control>
    <control controlID="C2E0B0A7-978B-47E5-82E3-0DBF3FF6CF34" controlTypeID="Label" x="22" y="484" w="164" h="24" zOrder="17">
      <ShadowBlur>0</ShadowBlur>
      <font family="Segoe+UI" displayName="Segoe+UI_%26_Bold" postScript="" weightStyle="Bold" weight="700" isBold="True" isItalic="False"/>
      <text>Pr%C3%A1tica+de+Exerc%C3%ADcio</text>
      <textColor>4288256409</textColor>
      <textSize>18</textSize>
      <textVAlign>VaTop</textVAlign>
      <lineSpacing>0</lineSpacing>
      <textStyles>[fsBold]</textStyles>
      <useDefaultTextSize>False</useDefaultTextSize>
      <selectedIndex>-1</selectedIndex>
    </control>
    <control controlID="B23B3D03-160A-45F9-A065-D96565B4F519" controlTypeID="Line" x="22" y="523" w="340" h="1" zOrder="18">
      <color>4294243572</color>
      <ShadowBlur>0</ShadowBlur>
      <font family="Segoe+UI" displayName="Segoe+UI" postScript="" weightStyle="Normal" weight="400" isBold="False" isItalic="False"/>
      <textSize>14</textSize>
      <lineSpacing>0</lineSpacing>
      <selectedIndex>-1</selectedIndex>
      <controlPoint>(170,0)</controlPoint>
      <startPoint>(1,0)</startPoint>
      <endPoint>(340,0)</endPoint>
    </control>
    <control controlID="031A78F6-2646-4724-BF72-10FF8A3C7B44" controlTypeID="Label" x="22" y="533" w="246" h="24" zOrder="19">
      <ShadowBlur>0</ShadowBlur>
      <font family="Segoe+UI" displayName="Segoe+UI_%26_Bold" postScript="" weightStyle="Bold" weight="700" isBold="True" isItalic="False"/>
      <text>N%C3%BAmero+de+Treinos+Semanais</text>
      <textColor>4288256409</textColor>
      <textSize>18</textSize>
      <textVAlign>VaTop</textVAlign>
      <lineSpacing>0</lineSpacing>
      <textStyles>[fsBold]</textStyles>
      <useDefaultTextSize>False</useDefaultTextSize>
      <selectedIndex>-1</selectedIndex>
    </control>
    <control controlID="3B79D1D9-0427-4519-8914-0EC9F462F170" controlTypeID="Line" x="22" y="572" w="340" h="1" zOrder="20">
      <color>4294243572</color>
      <ShadowBlur>0</ShadowBlur>
      <font family="Segoe+UI" displayName="Segoe+UI" postScript="" weightStyle="Normal" weight="400" isBold="False" isItalic="False"/>
      <textSize>14</textSize>
      <lineSpacing>0</lineSpacing>
      <selectedIndex>-1</selectedIndex>
      <controlPoint>(170,0)</controlPoint>
      <startPoint>(1,0)</startPoint>
      <endPoint>(340,0)</endPoint>
    </control>
    <control controlID="7ABC7CE3-F8D8-4D4D-AF29-5E11078CE029" controlTypeID="TextInput" x="210" y="328" w="135" h="39" zOrder="21">
      <color>16777215</color>
      <borderColor>6710886</borderColor>
      <ShadowBlur>0</ShadowBlur>
      <font family="Segoe+UI" displayName="Segoe+UI_%26_Bold" postScript="" weightStyle="Bold" weight="700" isBold="True" isItalic="False"/>
      <text>dd%2FMM%2FYYYY</text>
      <textColor>4281545523</textColor>
      <textSize>16</textSize>
      <textAlign>HaRight</textAlign>
      <lineSpacing>0</lineSpacing>
      <textStyles>[fsBold]</textStyles>
      <useDefaultTextSize>False</useDefaultTextSize>
      <selectedIndex>-1</selectedIndex>
    </control>
    <control controlID="37CE6348-ADB3-4E85-AE4E-7D112BD52F5A" controlTypeID="TextInput" x="167" y="379" w="178" h="39" zOrder="22">
      <color>16777215</color>
      <borderColor>6710886</borderColor>
      <ShadowBlur>0</ShadowBlur>
      <font family="Segoe+UI" displayName="Segoe+UI_%26_Bold" postScript="" weightStyle="Bold" weight="700" isBold="True" isItalic="False"/>
      <text>80+Kg</text>
      <textColor>4281545523</textColor>
      <textSize>16</textSize>
      <textAlign>HaRight</textAlign>
      <lineSpacing>0</lineSpacing>
      <textStyles>[fsBold]</textStyles>
      <useDefaultTextSize>False</useDefaultTextSize>
      <selectedIndex>-1</selectedIndex>
    </control>
    <control controlID="46E95C51-1C45-4BA2-8DA6-AB2D9A757C23" controlTypeID="TextInput" x="210" y="428" w="135" h="39" zOrder="23">
      <color>16777215</color>
      <borderColor>6710886</borderColor>
      <ShadowBlur>0</ShadowBlur>
      <font family="Segoe+UI" displayName="Segoe+UI_%26_Bold" postScript="" weightStyle="Bold" weight="700" isBold="True" isItalic="False"/>
      <text>1%2C85+m</text>
      <textColor>4281545523</textColor>
      <textSize>16</textSize>
      <textAlign>HaRight</textAlign>
      <lineSpacing>0</lineSpacing>
      <textStyles>[fsBold]</textStyles>
      <useDefaultTextSize>False</useDefaultTextSize>
      <selectedIndex>-1</selectedIndex>
    </control>
    <control controlID="057F6F8E-336E-4872-A863-E2512A47DC0D" controlTypeID="TextInput" x="210" y="478" w="135" h="39" zOrder="24">
      <color>16777215</color>
      <borderColor>6710886</borderColor>
      <ShadowBlur>0</ShadowBlur>
      <font family="Segoe+UI" displayName="Segoe+UI_%26_Bold" postScript="" weightStyle="Bold" weight="700" isBold="True" isItalic="False"/>
      <text>Moderada</text>
      <textColor>4281545523</textColor>
      <textSize>16</textSize>
      <textAlign>HaRight</textAlign>
      <lineSpacing>0</lineSpacing>
      <textStyles>[fsBold]</textStyles>
      <useDefaultTextSize>False</useDefaultTextSize>
      <selectedIndex>-1</selectedIndex>
    </control>
    <control controlID="F1ED0DA8-C160-433C-85AA-DA7CCB25AF78" controlTypeID="TextInput" x="77" y="526" w="268" h="39" zOrder="25">
      <color>16777215</color>
      <borderColor>6710886</borderColor>
      <ShadowBlur>0</ShadowBlur>
      <font family="Segoe+UI" displayName="Segoe+UI_%26_Bold" postScript="" weightStyle="Bold" weight="700" isBold="True" isItalic="False"/>
      <text>3</text>
      <textColor>4281545523</textColor>
      <textSize>16</textSize>
      <textAlign>HaRight</textAlign>
      <lineSpacing>0</lineSpacing>
      <textStyles>[fsBold]</textStyles>
      <useDefaultTextSize>False</useDefaultTextSize>
      <selectedIndex>-1</selectedIndex>
    </control>
  </controls>
  <param>
    <backgroundColor>4294967295</backgroundColor>
    <fontSize>14</fontSize>
    <fontFamily>Segoe+UI</fontFamily>
    <guideLines/>
  </param>
</mockup>