﻿<mockup version="5.3" minAllowVersion="5.3" ID="4FD0044F-72B2-49CD-8204-F0E29161E0BD" platform="MtMobile" defaultW="360" defaultH="640" measureW="360" measureH="640" screenOrientation="MoPortrait" mobileScreenScale="1.77777779102325" clipArea="(0,0,0,0)">
  <controls controlCount="9">
    <control controlID="5707C06A-4AC9-4514-BE2F-721B29D5F92D" controlTypeID="Shape" x="0" y="20" w="360" h="44" zOrder="0">
      <borderColor>4291611852</borderColor>
      <font family="Segoe+UI" displayName="Segoe+UI_%26_Bold" postScript="" weightStyle="Bold" weight="700" isBold="True" isItalic="False"/>
      <text>Registo</text>
      <textColor>4281545523</textColor>
      <textSize>16</textSize>
      <textStyles>[fsBold]</textStyles>
      <useDefaultTextSize>False</useDefaultTextSize>
      <selectedIndex>-1</selectedIndex>
      <borderMode>[bmBottom]</borderMode>
    </control>
    <control controlID="1DDB36A3-54D4-43D5-A15F-261B8A51E04C" controlTypeID="Icon" x="10" y="33" w="18" h="18" zOrder="1">
      <color>4278878072</color>
      <links eventType="AtClick" animate="AmPushLeft" animateAutoDelay="0" animateDuration="500">
        <link targetPageID="command:back" linkType="ltPageLink" isApplyIncludePage="False" title="">
          <area shape="0" alt="" ID="{14B636ED-47E5-E711-89EF-787B8ABCE684}" coords="(0,0,18,18)"/>
        </link>
      </links>
      <icon>
        <ID/>
        <iconFontName>jdIonicons</iconFontName>
        <iconCode>62418</iconCode>
      </icon>
      <URL>91852B86E51F760894554368302F9800.svg</URL>
    </control>
    <control controlID="D7611940-24C4-498B-B62A-6F570D48E6E6" controlTypeID="TextInput" x="37" y="170" w="303" h="40" zOrder="2">
      <borderColor>4292335575</borderColor>
      <font family="Segoe+UI" displayName="Segoe+UI" postScript="" weightStyle="Normal" weight="400" isBold="False" isItalic="False"/>
      <lineSpacing>0</lineSpacing>
      <selectedIndex>-1</selectedIndex>
      <placeHolder>Email</placeHolder>
      <radius>4</radius>
    </control>
    <control controlID="F0D58BF7-5990-4E95-83FB-5506E55B369F" controlTypeID="TextInput" x="37" y="220" w="303" h="40" zOrder="3">
      <borderColor>4292335575</borderColor>
      <font family="Segoe+UI" displayName="Segoe+UI" postScript="" weightStyle="Normal" weight="400" isBold="False" isItalic="False"/>
      <lineSpacing>0</lineSpacing>
      <selectedIndex>-1</selectedIndex>
      <placeHolder>Name</placeHolder>
      <radius>4</radius>
    </control>
    <control controlID="8A7C5DF2-C811-4F08-83BA-5C292C5B8E2D" controlTypeID="TextInput" x="37" y="270" w="303" h="40" zOrder="4">
      <borderColor>4292335575</borderColor>
      <font family="Segoe+UI" displayName="Segoe+UI" postScript="" weightStyle="Normal" weight="400" isBold="False" isItalic="False"/>
      <lineSpacing>0</lineSpacing>
      <selectedIndex>-1</selectedIndex>
      <placeHolder>Password+(min.+6+characters)</placeHolder>
      <radius>4</radius>
    </control>
    <control controlID="90E528D8-3075-493A-BCC1-8772DBD9A57E" controlTypeID="Button" x="37" y="330" w="303" h="42" zOrder="5">
      <color>4278878072</color>
      <borderVisible>False</borderVisible>
      <links eventType="AtClick" animate="AmNone" animateAutoDelay="0" animateDuration="500">
        <link targetPageID="71B76A5D-E30D-4052-AAC0-3CBB5C656BE9" linkType="ltPageLink" isApplyIncludePage="False" title="Inserir+Perfil">
          <area shape="0" alt="" ID="{871FCE9B-32AC-4E1D-A676-8119EB6EDBF4}" coords="(0,0,303,42)"/>
        </link>
      </links>
      <font family="Segoe+UI" displayName="Segoe+UI" postScript="" weightStyle="Normal" weight="400" isBold="False" isItalic="False"/>
      <text>Registo</text>
      <textColor>4294967295</textColor>
      <textSize>18</textSize>
      <lineSpacing>0</lineSpacing>
      <useDefaultTextSize>False</useDefaultTextSize>
      <selectedIndex>-1</selectedIndex>
      <radius>10</radius>
    </control>
    <control controlID="C45ED2F6-94EF-450D-8209-2EC7D49127F8" controlTypeID="Label" x="122" y="390" w="117" h="19" zOrder="6">
      <font family="Segoe+UI" displayName="Segoe+UI" postScript="" weightStyle="Normal" weight="400" isBold="False" isItalic="False"/>
      <text>J%C3%A1+tens+uma+conta%3F</text>
      <textColor>4281545523</textColor>
      <lineSpacing>0</lineSpacing>
      <selectedIndex>-1</selectedIndex>
    </control>
    <control controlID="BB2E7136-79A1-4E70-ADE1-3DA74D0F6697" controlTypeID="Label" x="146" y="419" w="68" h="19" zOrder="7">
      <font family="Segoe+UI" displayName="Segoe+UI" postScript="" weightStyle="Normal" weight="400" isBold="False" isItalic="False"/>
      <text>Entra+Aqui!</text>
      <textColor>4278878072</textColor>
      <lineSpacing>0</lineSpacing>
      <selectedIndex>-1</selectedIndex>
    </control>
    <control controlID="CFF4BC2B-3FC4-4B08-A1FD-B61CE4548B39" controlTypeID="StatusBar(Android)" x="0" y="0" w="360" h="20" zOrder="8"/>
  </controls>
  <param>
    <backgroundColor>4294967295</backgroundColor>
    <fontSize>0</fontSize>
    <fontFamily/>
    <guideLines/>
  </param>
</mockup>