﻿<mockup version="5.3" minAllowVersion="5.3" ID="52DC4A86-665A-488D-BAC0-92F4FFE10BA6" platform="MtMobile" defaultW="360" defaultH="640" screenOrientation="MoPortrait" mobileScreenScale="1.77777779102325" measureW="360" measureH="640" clipArea="(0,0,0,0)">
  <controls controlCount="2">
    <control controlID="4B282EC0-726F-4518-BE2E-D3AEEF8F0060" controlTypeID="Image" x="80" y="190" w="200" h="199" zOrder="0">
      <URL>E5C2EC97BA4E402905681E104F6A04D2.jpeg</URL>
    </control>
    <control controlID="48478899-656A-4C3F-A54B-2514C8B67865" controlTypeID="Shape" x="0" y="0" w="360" h="640" zOrder="1">
      <color>16777215</color>
      <links eventType="AtClick" animate="AmNone" animateAutoDelay="0" animateDuration="500">
        <link targetPageID="121A7F69-2A43-45A9-B47E-AEA2ECE036AD" linkType="ltPageLink" isApplyIncludePage="False" title="Inicial">
          <area shape="0" alt="" ID="{2F098A8B-CDBB-4715-8F05-25C336F90678}" coords="(0,0,360,640)"/>
        </link>
      </links>
      <font family="Segoe+UI" displayName="Segoe+UI" postScript="" weightStyle="Normal" weight="400" isBold="False" isItalic="False"/>
      <textSize>14</textSize>
      <selectedIndex>-1</selectedIndex>
    </control>
  </controls>
  <param>
    <backgroundColor>4294967295</backgroundColor>
    <fontSize>14</fontSize>
    <fontFamily>Segoe+UI</fontFamily>
    <guideLines/>
  </param>
</mockup>