﻿<mockup version="5.3" minAllowVersion="5.3" ID="6D0ED666-1A38-4B1E-98AB-40E80DE548DF" platform="MtMobile" defaultW="360" defaultH="640" measureW="360" measureH="640" screenOrientation="MoPortrait" mobileScreenScale="1.77777779102325" clipArea="(0,0,0,0)">
  <controls controlCount="36">
    <control controlID="AACE2772-B89F-4C94-BECE-717FEE307FBB" controlTypeID="Icon" x="129" y="111" w="100" h="100" zOrder="0">
      <color>4278878072</color>
      <links eventType="AtClick" animate="AmNone" animateAutoDelay="0" animateDuration="500">
        <link targetPageID="7AF88CE8-E1DF-4DBA-8762-50C026F1B446" linkType="ltPageLink" isApplyIncludePage="False" title="Hist%C3%B3rico+Atividades">
          <area shape="0" alt="" ID="{52C8CFFD-CD0D-4C7A-84C1-BCFBFDBCB9DC}" coords="(0,0,100,100)"/>
        </link>
      </links>
      <icon>
        <ID/>
        <iconFontName>jdIcoFont</iconFontName>
        <iconCode>58945</iconCode>
      </icon>
      <URL>CDA96A1E9F5A03484CC3C5E9796C89B3.svg</URL>
    </control>
    <control controlID="C350C167-BC4E-4AFA-BBCB-A2B4AF2A0E4F" controlTypeID="Label" x="20" y="245" w="77" h="28" zOrder="1">
      <font family="Arial" displayName="Arial_%26_Bold" postScript="" weightStyle="Bold" weight="700" isBold="True" isItalic="False" useDefaultFontFamily="False"/>
      <text>Tempo</text>
      <textSize>24</textSize>
      <textVAlign>VaTop</textVAlign>
      <lineSpacing>0</lineSpacing>
      <textStyles>[fsBold]</textStyles>
      <useDefaultTextSize>False</useDefaultTextSize>
      <selectedIndex>-1</selectedIndex>
    </control>
    <control controlID="F985286D-19A8-4C19-A083-DE71F9D88873" controlTypeID="Label" x="125" y="277" w="107" h="28" zOrder="2">
      <font family="Arial" displayName="Arial_%26_Bold" postScript="" weightStyle="Bold" weight="700" isBold="True" isItalic="False" useDefaultFontFamily="False"/>
      <text>Dist%C3%A2ncia</text>
      <textSize>24</textSize>
      <textVAlign>VaTop</textVAlign>
      <lineSpacing>0</lineSpacing>
      <textStyles>[fsBold]</textStyles>
      <useDefaultTextSize>False</useDefaultTextSize>
      <selectedIndex>-1</selectedIndex>
    </control>
    <control controlID="E68CEAFA-C86F-4502-A926-C061AE086EE5" controlTypeID="Label" x="252" y="249" w="95" h="28" zOrder="3">
      <font family="Arial" displayName="Arial_%26_Bold" postScript="" weightStyle="Bold" weight="700" isBold="True" isItalic="False" useDefaultFontFamily="False"/>
      <text>Calorias</text>
      <textSize>24</textSize>
      <textVAlign>VaTop</textVAlign>
      <lineSpacing>0</lineSpacing>
      <textStyles>[fsBold]</textStyles>
      <useDefaultTextSize>False</useDefaultTextSize>
      <selectedIndex>-1</selectedIndex>
    </control>
    <control controlID="F3E6D6F5-AF10-4B0C-9AFF-4E0372C762B3" controlTypeID="Label" x="53" y="392" w="68" h="28" zOrder="4">
      <font family="Arial" displayName="Arial_%26_Bold" postScript="" weightStyle="Bold" weight="700" isBold="True" isItalic="False" useDefaultFontFamily="False"/>
      <text>Ritmo</text>
      <textSize>24</textSize>
      <textVAlign>VaTop</textVAlign>
      <lineSpacing>0</lineSpacing>
      <textStyles>[fsBold]</textStyles>
      <useDefaultTextSize>False</useDefaultTextSize>
      <selectedIndex>-1</selectedIndex>
    </control>
    <control controlID="9D4AE129-A101-4EDA-AF7B-D78A395E82BE" controlTypeID="Label" x="20" y="216" w="74" h="19" zOrder="5">
      <font family="Segoe+UI" displayName="Segoe+UI_%26_Bold" postScript="" weightStyle="Bold" weight="700" isBold="True" isItalic="False"/>
      <text>45+minutos</text>
      <textColor>4278878072</textColor>
      <lineSpacing>0</lineSpacing>
      <textStyles>[fsBold]</textStyles>
      <selectedIndex>-1</selectedIndex>
    </control>
    <control controlID="A365D6C3-0489-4338-ACE3-D7AEE029D7D9" controlTypeID="Label" x="160" y="243" w="37" h="19" zOrder="6">
      <font family="Segoe+UI" displayName="Segoe+UI_%26_Bold" postScript="" weightStyle="Bold" weight="700" isBold="True" isItalic="False"/>
      <text>10km</text>
      <textColor>4278878072</textColor>
      <lineSpacing>0</lineSpacing>
      <textStyles>[fsBold]</textStyles>
      <selectedIndex>-1</selectedIndex>
    </control>
    <control controlID="6FADA059-7333-42AA-B58C-0E75A0C3508C" controlTypeID="Label" x="284" y="218" w="32" h="19" zOrder="7">
      <font family="Segoe+UI" displayName="Segoe+UI_%26_Bold" postScript="" weightStyle="Bold" weight="700" isBold="True" isItalic="False"/>
      <text>1300</text>
      <textColor>4278878072</textColor>
      <lineSpacing>0</lineSpacing>
      <textStyles>[fsBold]</textStyles>
      <selectedIndex>-1</selectedIndex>
    </control>
    <control controlID="14828087-A969-4F62-8268-FA08858E1647" controlTypeID="Label" x="37" y="508" w="297" h="43" zOrder="8">
      <font family="Segoe+UI" displayName="Segoe+UI_%26_Bold" postScript="" weightStyle="Bold" weight="700" isBold="True" isItalic="False"/>
      <text>Tempo+Total%3A+30min</text>
      <textColor>4278878072</textColor>
      <textSize>32</textSize>
      <lineSpacing>0</lineSpacing>
      <textStyles>[fsBold]</textStyles>
      <useDefaultTextSize>False</useDefaultTextSize>
      <selectedIndex>-1</selectedIndex>
    </control>
    <control controlID="8DB734FA-728C-410D-A44B-0EF3FA24EB30" controlTypeID="Label" x="238" y="395" w="76" h="28" zOrder="9">
      <font family="Arial" displayName="Arial_%26_Bold" postScript="" weightStyle="Bold" weight="700" isBold="True" isItalic="False" useDefaultFontFamily="False"/>
      <text>Ganho</text>
      <textSize>24</textSize>
      <textVAlign>VaTop</textVAlign>
      <lineSpacing>0</lineSpacing>
      <textStyles>[fsBold]</textStyles>
      <useDefaultTextSize>False</useDefaultTextSize>
      <selectedIndex>-1</selectedIndex>
    </control>
    <control controlID="A8BEF5EA-CB3B-471A-80E1-91EB141681DE" controlTypeID="Label" x="44" y="364" w="94" h="19" zOrder="10">
      <font family="Segoe+UI" displayName="Segoe+UI_%26_Bold" postScript="" weightStyle="Bold" weight="700" isBold="True" isItalic="False"/>
      <text>4%3A50+(min%2Fkm)</text>
      <textColor>4278878072</textColor>
      <lineSpacing>0</lineSpacing>
      <textStyles>[fsBold]</textStyles>
      <selectedIndex>-1</selectedIndex>
    </control>
    <control controlID="754B8F25-8038-478D-B12E-EBDFCBC393F9" controlTypeID="Label" x="245" y="363" w="63" h="19" zOrder="11">
      <font family="Segoe+UI" displayName="Segoe+UI_%26_Bold" postScript="" weightStyle="Bold" weight="700" isBold="True" isItalic="False"/>
      <text>500%2C3+(m)</text>
      <textColor>4278878072</textColor>
      <lineSpacing>0</lineSpacing>
      <textStyles>[fsBold]</textStyles>
      <selectedIndex>-1</selectedIndex>
    </control>
    <control controlID="559F1188-01B3-4C87-BF60-87C57ABDF446" controlTypeID="__group__" x="0" y="593" w="360" h="47" zOrder="12">
      <groupChildrenDescriptors>
        <control controlID="2030F190-6D06-4A25-A757-3FE2E9127CE6" controlTypeID="Shape" x="0" y="0" w="360" h="47" zOrder="0">
          <borderColor>4293190884</borderColor>
          <font family="Segoe+UI" displayName="Segoe+UI" postScript="" weightStyle="Normal" weight="400" isBold="False" isItalic="False"/>
          <textSize>14</textSize>
          <selectedIndex>-1</selectedIndex>
          <borderMode>[bmTop]</borderMode>
        </control>
        <control controlID="9532060F-BB97-4013-A220-4409D072D43B" controlTypeID="IconLabel2" x="39" y="6" w="28" h="39" zOrder="1">
          <links eventType="AtClick" animate="AmNone" animateAutoDelay="0" animateDuration="500">
            <link targetPageID="47DF6902-A4A6-40A5-AD54-ABDE4E8ABF98" linkType="ltPageLink" isApplyIncludePage="False" title="Dados+Pessoais">
              <area shape="0" alt="" ID="{71CC6B0E-EEC5-4B07-ADEB-B12570829D7A}" coords="(0,0,28,39)"/>
            </link>
          </links>
          <groupChildrenDescriptors>
            <control controlID="95D6985B-EF6F-4799-8365-71CCDE9AE192" controlTypeID="Shape" x="4" y="0" w="20" h="20" zOrder="0">
              <canMove>False</canMove>
              <alias>shape</alias>
              <font family="Segoe+UI" displayName="Segoe+UI" postScript="" weightStyle="Normal" weight="400" isBold="False" isItalic="False"/>
              <textSize>14</textSize>
              <selectedIndex>-1</selectedIndex>
            </control>
            <control controlID="B82EC317-4B56-438E-8E66-5574379A4DC0" controlTypeID="Icon" x="4" y="0" w="20" h="20" zOrder="1">
              <color>4288256409</color>
              <canMove>False</canMove>
              <alias>icon</alias>
              <icon>
                <ID/>
                <iconFontName>jdIonicons</iconFontName>
                <iconCode>62368</iconCode>
              </icon>
              <URL>B91434690C5B5224D1CC6B1998F1178A.svg</URL>
            </control>
            <control controlID="DDD3C0B6-AE94-4D15-80B0-D0118CF225AD" controlTypeID="Label" x="2" y="24" w="24" h="15" zOrder="2">
              <canMove>False</canMove>
              <alias>label</alias>
              <font family="Segoe+UI" displayName="Segoe+UI" postScript="" weightStyle="Normal" weight="400" isBold="False" isItalic="False"/>
              <text>Perfil</text>
              <textColor>4284900966</textColor>
              <textSize>11</textSize>
              <textAlign>HaCenter</textAlign>
              <lineSpacing>0</lineSpacing>
              <useDefaultTextSize>False</useDefaultTextSize>
              <selectedIndex>-1</selectedIndex>
            </control>
            <control controlID="C73C6718-946F-443F-8601-DD8C3C599359" controlTypeID="Shape" x="15" y="0" w="13" h="12" zOrder="3">
              <color>4294901760</color>
              <borderVisible>False</borderVisible>
              <canMove>False</canMove>
              <alias>alarm</alias>
              <font family="Segoe+UI" displayName="Segoe+UI" postScript="" weightStyle="Normal" weight="400" isBold="False" isItalic="False"/>
              <text>2</text>
              <textColor>4294967295</textColor>
              <textSize>7</textSize>
              <selectedIndex>-1</selectedIndex>
              <radius>100</radius>
              <radiusIsPercent>True</radiusIsPercent>
            </control>
          </groupChildrenDescriptors>
          <iconSize>20</iconSize>
        </control>
        <control controlID="AD0AA51D-1810-4739-B466-B9E6E41C4039" controlTypeID="IconLabel2" x="119" y="6" w="38" h="39" zOrder="2">
          <links eventType="AtClick" animate="AmNone" animateAutoDelay="0" animateDuration="500">
            <link targetPageID="0CD01DE1-6CBF-4CFA-86A6-3DCA15FE03D6" linkType="ltPageLink" isApplyIncludePage="False" title="Cidades+de+Portugal">
              <area shape="0" alt="" ID="{7CCF5DE8-A19A-482A-9CA0-E89D7947A342}" coords="(0,0,38,39)"/>
            </link>
          </links>
          <groupChildrenDescriptors>
            <control controlID="AD121A79-C644-44C8-8CAC-E007125897B5" controlTypeID="Shape" x="9" y="0" w="20" h="20" zOrder="0">
              <canMove>False</canMove>
              <alias>shape</alias>
              <font family="Segoe+UI" displayName="Segoe+UI" postScript="" weightStyle="Normal" weight="400" isBold="False" isItalic="False"/>
              <textSize>14</textSize>
              <selectedIndex>-1</selectedIndex>
            </control>
            <control controlID="4F132571-9BBB-4755-8175-F8DA3CFEBF5D" controlTypeID="Icon" x="9" y="0" w="20" h="20" zOrder="1">
              <canMove>False</canMove>
              <alias>icon</alias>
              <icon>
                <ID/>
                <iconFontName>jdIcoMoonFree</iconFontName>
                <iconCode>59826</iconCode>
              </icon>
              <URL>9971C54B10DB4FB36C582D891537A230.svg</URL>
            </control>
            <control controlID="802C33BF-175F-484D-8D56-51A120814EA7" controlTypeID="Label" x="2" y="24" w="34" h="15" zOrder="2">
              <canMove>False</canMove>
              <alias>label</alias>
              <font family="Segoe+UI" displayName="Segoe+UI" postScript="" weightStyle="Normal" weight="400" isBold="False" isItalic="False"/>
              <text>Treinos</text>
              <textColor>4284900966</textColor>
              <textSize>11</textSize>
              <textAlign>HaCenter</textAlign>
              <lineSpacing>0</lineSpacing>
              <useDefaultTextSize>False</useDefaultTextSize>
              <selectedIndex>-1</selectedIndex>
            </control>
            <control controlID="973AB607-DB84-4161-B57D-F538A6D5A191" controlTypeID="Shape" x="25" y="0" w="13" h="12" zOrder="3">
              <color>4294901760</color>
              <borderVisible>False</borderVisible>
              <canMove>False</canMove>
              <alias>alarm</alias>
              <font family="Segoe+UI" displayName="Segoe+UI" postScript="" weightStyle="Normal" weight="400" isBold="False" isItalic="False"/>
              <text>2</text>
              <textColor>4294967295</textColor>
              <textSize>7</textSize>
              <selectedIndex>-1</selectedIndex>
              <radius>100</radius>
              <radiusIsPercent>True</radiusIsPercent>
            </control>
          </groupChildrenDescriptors>
          <iconSize>20</iconSize>
        </control>
        <control controlID="8D70101D-5C7F-4AE2-A084-790BE2AE507F" controlTypeID="IconLabel2" x="205" y="6" w="38" h="39" zOrder="3">
          <links eventType="AtClick" animate="AmNone" animateAutoDelay="0" animateDuration="500">
            <link targetPageID="E3A6CF55-D116-4715-B043-FC13DFD1E647" linkType="ltPageLink" isApplyIncludePage="False" title="Provas">
              <area shape="0" alt="" ID="{74B95BEC-644D-4076-9466-DA6658226A01}" coords="(0,0,38,39)"/>
            </link>
          </links>
          <groupChildrenDescriptors>
            <control controlID="87E5061F-9C5C-4642-8468-88ED021FC90D" controlTypeID="Shape" x="9" y="0" w="20" h="20" zOrder="0">
              <canMove>False</canMove>
              <alias>shape</alias>
              <font family="Segoe+UI" displayName="Segoe+UI" postScript="" weightStyle="Normal" weight="400" isBold="False" isItalic="False"/>
              <textSize>14</textSize>
              <selectedIndex>-1</selectedIndex>
            </control>
            <control controlID="45E68184-EACC-48F4-8616-1EDCE5E7D281" controlTypeID="Icon" x="9" y="0" w="20" h="20" zOrder="1">
              <color>4278190080</color>
              <canMove>False</canMove>
              <alias>icon</alias>
              <icon>
                <ID/>
                <iconFontName>jdIcoFont</iconFontName>
                <iconCode>58986</iconCode>
              </icon>
              <URL>2119E1032635B58A9627C98AB304CEE8.svg</URL>
            </control>
            <control controlID="91C1307F-079D-4B59-813F-75A837877C3E" controlTypeID="Label" x="2" y="24" w="34" h="15" zOrder="2">
              <canMove>False</canMove>
              <alias>label</alias>
              <font family="Segoe+UI" displayName="Segoe+UI_%26_Bold" postScript="" weightStyle="Bold" weight="700" isBold="True" isItalic="False"/>
              <text>Provas</text>
              <textSize>11</textSize>
              <textAlign>HaCenter</textAlign>
              <lineSpacing>0</lineSpacing>
              <textStyles>[fsBold]</textStyles>
              <useDefaultTextSize>False</useDefaultTextSize>
              <selectedIndex>-1</selectedIndex>
            </control>
            <control controlID="C1220BD8-C597-467A-9A8B-C5B2437D33BF" controlTypeID="Shape" x="25" y="0" w="13" h="12" zOrder="3">
              <color>4294901760</color>
              <borderVisible>False</borderVisible>
              <canMove>False</canMove>
              <alias>alarm</alias>
              <font family="Segoe+UI" displayName="Segoe+UI" postScript="" weightStyle="Normal" weight="400" isBold="False" isItalic="False"/>
              <text>2</text>
              <textColor>4294967295</textColor>
              <textSize>7</textSize>
              <selectedIndex>-1</selectedIndex>
              <radius>100</radius>
              <radiusIsPercent>True</radiusIsPercent>
            </control>
          </groupChildrenDescriptors>
          <iconSize>20</iconSize>
        </control>
        <control controlID="65CD39EA-4072-44E8-AD9C-9E63C91B6F00" controlTypeID="IconLabel2" x="281" y="6" w="47" h="39" zOrder="4">
          <links eventType="AtClick" animate="AmNone" animateAutoDelay="0" animateDuration="500">
            <link targetPageID="7AF88CE8-E1DF-4DBA-8762-50C026F1B446" linkType="ltPageLink" isApplyIncludePage="False" title="Hist%C3%B3rico+Atividades">
              <area shape="0" alt="" ID="{F31C76AA-3229-4CB2-AE09-CFB13D443951}" coords="(0,0,47,39)"/>
            </link>
          </links>
          <groupChildrenDescriptors>
            <control controlID="696AA355-4166-40C4-82A8-7F7EA0A9DAE1" controlTypeID="Shape" x="14" y="0" w="20" h="20" zOrder="0">
              <canMove>False</canMove>
              <alias>shape</alias>
              <font family="Segoe+UI" displayName="Segoe+UI" postScript="" weightStyle="Normal" weight="400" isBold="False" isItalic="False"/>
              <textSize>14</textSize>
              <selectedIndex>-1</selectedIndex>
            </control>
            <control controlID="F10A026B-235A-48FC-ACC5-20702DAA808B" controlTypeID="Icon" x="14" y="0" w="20" h="20" zOrder="1">
              <color>4288256409</color>
              <canMove>False</canMove>
              <alias>icon</alias>
              <icon>
                <ID/>
                <iconFontName>jdIonicons</iconFontName>
                <iconCode>62548</iconCode>
              </icon>
              <URL>7D4E13552F08995905B7F39F0FCA3415.svg</URL>
            </control>
            <control controlID="C7A43B4E-B223-44C4-B440-DD64A1072506" controlTypeID="Label" x="2" y="24" w="43" h="15" zOrder="2">
              <canMove>False</canMove>
              <alias>label</alias>
              <font family="Segoe+UI" displayName="Segoe+UI" postScript="" weightStyle="Normal" weight="400" isBold="False" isItalic="False"/>
              <text>Hist%C3%B3rico</text>
              <textColor>4288256409</textColor>
              <textSize>11</textSize>
              <textAlign>HaCenter</textAlign>
              <lineSpacing>0</lineSpacing>
              <useDefaultTextSize>False</useDefaultTextSize>
              <selectedIndex>-1</selectedIndex>
            </control>
            <control controlID="281412E5-7175-466B-8CAA-27B8D35961B0" controlTypeID="Shape" x="34" y="0" w="13" h="12" zOrder="3">
              <color>4294901760</color>
              <borderVisible>False</borderVisible>
              <canMove>False</canMove>
              <alias>alarm</alias>
              <font family="Segoe+UI" displayName="Segoe+UI" postScript="" weightStyle="Normal" weight="400" isBold="False" isItalic="False"/>
              <text>2</text>
              <textColor>4294967295</textColor>
              <textSize>7</textSize>
              <selectedIndex>-1</selectedIndex>
              <radius>100</radius>
              <radiusIsPercent>True</radiusIsPercent>
            </control>
          </groupChildrenDescriptors>
          <iconSize>20</iconSize>
        </control>
      </groupChildrenDescriptors>
    </control>
    <control controlID="8DA854D3-0A8C-4D71-9214-61A661049597" controlTypeID="Shape" x="0" y="0" w="360" h="62" zOrder="13">
      <color>4281743437</color>
      <borderVisible>False</borderVisible>
      <font family="Segoe+UI" displayName="Segoe+UI" postScript="" weightStyle="Normal" weight="400" isBold="False" isItalic="False"/>
      <textSize>14</textSize>
      <selectedIndex>-1</selectedIndex>
    </control>
    <control controlID="89D5836C-9BB3-499F-9BE8-8FD5BABCF5B6" controlTypeID="Label" x="28" y="3" w="304" h="54" zOrder="14">
      <font family="Segoe+UI" displayName="Segoe+UI_%26_Bold" postScript="" weightStyle="Bold" weight="700" isBold="True" isItalic="False"/>
      <text>Prova+Concluida</text>
      <textColor>4294967295</textColor>
      <textSize>40</textSize>
      <lineSpacing>0</lineSpacing>
      <textStyles>[fsBold]</textStyles>
      <useDefaultTextSize>False</useDefaultTextSize>
      <selectedIndex>-1</selectedIndex>
    </control>
  </controls>
  <param>
    <backgroundColor>4294967295</backgroundColor>
    <fontSize>14</fontSize>
    <fontFamily>Segoe+UI</fontFamily>
    <guideLines/>
  </param>
</mockup>