﻿<mockup version="5.3" minAllowVersion="5.3" ID="71B76A5D-E30D-4052-AAC0-3CBB5C656BE9" platform="MtMobile" defaultW="360" defaultH="640" measureW="360" measureH="640" screenOrientation="MoPortrait" mobileScreenScale="1.77777779102325" clipArea="(0,0,0,0)">
  <controls controlCount="19">
    <control controlID="F763F071-56DC-48D4-80BB-860D7695D75D" controlTypeID="Icon" x="6" y="30" w="22" h="22" zOrder="0">
      <color>4288256409</color>
      <icon>
        <ID/>
        <iconFontName>jdIonicons</iconFontName>
        <iconCode>62415</iconCode>
      </icon>
      <URL>D6859759E093AABA6D618DD6AA733504.svg</URL>
    </control>
    <control controlID="E1D2A350-2298-4881-B5BA-CA4B7B5A67BB" controlTypeID="Label" x="142" y="29" w="80" h="22" zOrder="1">
      <font family="Segoe+UI" displayName="Segoe+UI" postScript="" weightStyle="Normal" weight="400" isBold="False" isItalic="False"/>
      <text>O+teu+perfil</text>
      <textColor>4284900966</textColor>
      <textSize>16</textSize>
      <lineSpacing>0</lineSpacing>
      <useDefaultTextSize>False</useDefaultTextSize>
      <selectedIndex>-1</selectedIndex>
    </control>
    <control controlID="FF377E10-4D9B-4B67-907B-2DC4A4D7DA47" controlTypeID="Label" x="20" y="59" w="325" h="16" zOrder="2">
      <font family="Segoe+UI" displayName="Segoe+UI" postScript="" weightStyle="Normal" weight="400" isBold="False" isItalic="False"/>
      <text>This+info+helps+us+calculate+your+calorie+burn+more+accurately.</text>
      <textColor>4284900966</textColor>
      <textSize>12</textSize>
      <lineSpacing>0</lineSpacing>
      <useDefaultTextSize>False</useDefaultTextSize>
      <selectedIndex>-1</selectedIndex>
    </control>
    <control controlID="EEE9B3DA-421A-4569-8E7A-14B702BCEDBE" controlTypeID="Shape" x="1" y="100" w="360" h="129" zOrder="3">
      <borderColor>4291611852</borderColor>
      <font family="Segoe+UI" displayName="Segoe+UI" postScript="" weightStyle="Normal" weight="400" isBold="False" isItalic="False"/>
      <textSize>14</textSize>
      <selectedIndex>-1</selectedIndex>
      <borderMode>[bmTop,bmBottom]</borderMode>
    </control>
    <control controlID="C34C1C3D-0696-4BDB-B972-962451049B8A" controlTypeID="Line" x="15" y="138" w="338" h="1" zOrder="4">
      <color>4293190884</color>
      <font family="Segoe+UI" displayName="Segoe+UI" postScript="" weightStyle="Normal" weight="400" isBold="False" isItalic="False"/>
      <textColor>4293190884</textColor>
      <textSize>14</textSize>
      <lineSpacing>0</lineSpacing>
      <selectedIndex>-1</selectedIndex>
      <controlPoint>(169,0)</controlPoint>
      <startPoint>(0,0)</startPoint>
      <endPoint>(338,0)</endPoint>
    </control>
    <control controlID="9D022302-A0C3-4040-A518-F59B19CAD75A" controlTypeID="Line" x="15" y="223" w="338" h="1" zOrder="5">
      <color>4293190884</color>
      <font family="Segoe+UI" displayName="Segoe+UI" postScript="" weightStyle="Normal" weight="400" isBold="False" isItalic="False"/>
      <textColor>4293190884</textColor>
      <textSize>14</textSize>
      <lineSpacing>0</lineSpacing>
      <selectedIndex>-1</selectedIndex>
      <controlPoint>(169,0)</controlPoint>
      <startPoint>(0,0)</startPoint>
      <endPoint>(338,0)</endPoint>
    </control>
    <control controlID="86B07750-C037-4BD8-8B12-FF956E7B44FE" controlTypeID="Line" x="15" y="183" w="338" h="1" zOrder="6">
      <color>4293190884</color>
      <font family="Segoe+UI" displayName="Segoe+UI" postScript="" weightStyle="Normal" weight="400" isBold="False" isItalic="False"/>
      <textColor>4293190884</textColor>
      <textSize>14</textSize>
      <lineSpacing>0</lineSpacing>
      <selectedIndex>-1</selectedIndex>
      <controlPoint>(169,0)</controlPoint>
      <startPoint>(0,0)</startPoint>
      <endPoint>(338,0)</endPoint>
    </control>
    <control controlID="484A32DC-46AE-42F1-9850-E82D055BD90D" controlTypeID="Line" x="15" y="268" w="338" h="1" zOrder="7">
      <color>4293190884</color>
      <font family="Segoe+UI" displayName="Segoe+UI" postScript="" weightStyle="Normal" weight="400" isBold="False" isItalic="False"/>
      <textColor>4293190884</textColor>
      <textSize>14</textSize>
      <lineSpacing>0</lineSpacing>
      <selectedIndex>-1</selectedIndex>
      <controlPoint>(169,0)</controlPoint>
      <startPoint>(0,0)</startPoint>
      <endPoint>(338,0)</endPoint>
    </control>
    <control controlID="122019F6-3932-41F3-955A-7DF9FD93ACC5" controlTypeID="Line" x="15" y="307" w="338" h="1" zOrder="8">
      <color>4293190884</color>
      <font family="Segoe+UI" displayName="Segoe+UI" postScript="" weightStyle="Normal" weight="400" isBold="False" isItalic="False"/>
      <textColor>4293190884</textColor>
      <textSize>14</textSize>
      <lineSpacing>0</lineSpacing>
      <selectedIndex>-1</selectedIndex>
      <controlPoint>(169,0)</controlPoint>
      <startPoint>(0,0)</startPoint>
      <endPoint>(338,0)</endPoint>
    </control>
    <control controlID="248F698F-365A-4263-ACE7-178AA3457DA1" controlTypeID="Label" x="20" y="192" w="42" h="22" zOrder="9">
      <font family="Segoe+UI" displayName="Segoe+UI" postScript="" weightStyle="Normal" weight="400" isBold="False" isItalic="False"/>
      <text>Altura</text>
      <textSize>16</textSize>
      <lineSpacing>0</lineSpacing>
      <useDefaultTextSize>False</useDefaultTextSize>
      <selectedIndex>-1</selectedIndex>
    </control>
    <control controlID="50ABA703-9F97-406B-A072-4F8395E45AC9" controlTypeID="Label" x="20" y="152" w="33" h="22" zOrder="10">
      <font family="Segoe+UI" displayName="Segoe+UI" postScript="" weightStyle="Normal" weight="400" isBold="False" isItalic="False"/>
      <text>Peso</text>
      <textSize>16</textSize>
      <lineSpacing>0</lineSpacing>
      <useDefaultTextSize>False</useDefaultTextSize>
      <selectedIndex>-1</selectedIndex>
    </control>
    <control controlID="C0F0C1EB-571A-443B-97B2-5EA4C56DFE3F" controlTypeID="Label" x="20" y="237" w="144" h="22" zOrder="11">
      <font family="Segoe+UI" displayName="Segoe+UI" postScript="" weightStyle="Normal" weight="400" isBold="False" isItalic="False"/>
      <text>Data+de+Nascimento</text>
      <textSize>16</textSize>
      <lineSpacing>0</lineSpacing>
      <useDefaultTextSize>False</useDefaultTextSize>
      <selectedIndex>-1</selectedIndex>
    </control>
    <control controlID="FD7B3A90-235C-465C-90D8-9B53D97F5B1E" controlTypeID="Label" x="20" y="276" w="129" h="22" zOrder="12">
      <font family="Segoe+UI" displayName="Segoe+UI" postScript="" weightStyle="Normal" weight="400" isBold="False" isItalic="False"/>
      <text>N%C3%ADvel+de+Atividade</text>
      <textSize>16</textSize>
      <lineSpacing>0</lineSpacing>
      <useDefaultTextSize>False</useDefaultTextSize>
      <selectedIndex>-1</selectedIndex>
    </control>
    <control controlID="21C8264F-21DD-43A7-93EE-0C70E995FBC2" controlTypeID="Label" x="20" y="107" w="52" h="22" zOrder="13">
      <font family="Segoe+UI" displayName="Segoe+UI" postScript="" weightStyle="Normal" weight="400" isBold="False" isItalic="False"/>
      <text>G%C3%A9nero</text>
      <textSize>16</textSize>
      <lineSpacing>0</lineSpacing>
      <useDefaultTextSize>False</useDefaultTextSize>
      <selectedIndex>-1</selectedIndex>
    </control>
    <control controlID="7ABAFC82-D805-45F6-94DF-85EF9C5F3E10" controlTypeID="Button" x="15" y="572" w="335" h="48" zOrder="14">
      <color>4284900966</color>
      <borderVisible>False</borderVisible>
      <font family="Segoe+UI" displayName="Segoe+UI" postScript="" weightStyle="Normal" weight="400" isBold="False" isItalic="False"/>
      <text>Continuar</text>
      <textColor>4294967295</textColor>
      <lineSpacing>0</lineSpacing>
      <selectedIndex>-1</selectedIndex>
    </control>
    <control controlID="B2B9BE0A-F563-46A6-B465-9BE5B6E67010" controlTypeID="__group__" x="19" y="400" w="331" h="39" zOrder="15">
      <groupChildrenDescriptors>
        <control controlID="FAD5EB26-E0D5-475D-B797-D5C0884C7D35" controlTypeID="Label" x="0" y="10" w="37" h="19" zOrder="0">
          <font family="Segoe+UI" displayName="Segoe+UI" postScript="" weightStyle="Normal" weight="400" isBold="False" isItalic="False"/>
          <text>Name</text>
          <textVAlign>VaTop</textVAlign>
          <lineSpacing>0</lineSpacing>
          <useDefaultTextSize>False</useDefaultTextSize>
          <selectedIndex>-1</selectedIndex>
        </control>
        <control controlID="8AF55084-8D94-422A-BB12-7017FB64C807" controlTypeID="TextInput" x="254" y="0" w="77" h="39" zOrder="1">
          <borderColor>6710886</borderColor>
          <font family="Segoe+UI" displayName="Segoe+UI" postScript="" weightStyle="Normal" weight="400" isBold="False" isItalic="False"/>
          <text>Peso</text>
          <textColor>4289901234</textColor>
          <lineSpacing>0</lineSpacing>
          <useDefaultTextSize>False</useDefaultTextSize>
          <selectedIndex>-1</selectedIndex>
        </control>
      </groupChildrenDescriptors>
    </control>
    <control controlID="9E8F76E5-91E6-4C16-9BEE-C4BEF7B82192" controlTypeID="StatusBar(Android)" x="0" y="0" w="360" h="20" zOrder="16"/>
  </controls>
  <param>
    <backgroundColor>4291611852</backgroundColor>
    <fontSize>14</fontSize>
    <fontFamily>Segoe+UI</fontFamily>
    <guideLines/>
  </param>
</mockup>