﻿<mockup version="5.3" minAllowVersion="5.3" ID="71FB2F21-D89C-4C24-850E-79C395D0FE33" platform="MtMobile" defaultW="360" defaultH="640" screenOrientation="MoPortrait" mobileScreenScale="1.77777779102325" measureW="360" measureH="640" clipArea="(0,0,0,0)">
  <controls controlCount="30">
    <control controlID="6A0ABF85-280D-4B42-A17D-F5EB4075F3D3" controlTypeID="ScrollView" x="0" y="156" w="360" h="451" zOrder="0">
      <borderVisible>False</borderVisible>
      <groupChildrenDescriptors>
        <control controlID="3A15F8A1-8526-49FF-BB79-D53E0D1F6BC5" controlTypeID="ScrollViewContentPanel" x="0" y="0" w="360" h="712" zOrder="0">
          <alias>contentPanel</alias>
          <groupChildrenDescriptors>
            <control controlID="C793F0A0-4D10-427E-9E3B-764CF77FC710" controlTypeID="Panel" x="20" y="10" w="320" h="667" zOrder="0">
              <borderVisible>False</borderVisible>
              <groupChildrenDescriptors>
                <control controlID="634CA555-3E53-4861-A80D-61879B11056B" controlTypeID="Shape" x="3" y="48" w="317" h="443" zOrder="0">
                  <borderVisible>False</borderVisible>
                  <font family="Segoe+UI" displayName="Segoe+UI+It%C3%A1lico" postScript="" weightStyle="It%C3%A1lico" weight="400" isBold="False" isItalic="True"/>
                  <textSize>14</textSize>
                  <textStyles>[fsItalic]</textStyles>
                  <selectedIndex>-1</selectedIndex>
                </control>
                <control controlID="0EC1ED14-0EE4-456B-83B4-2277A4321B4A" controlTypeID="Shape" x="10" y="10" w="143" h="200" zOrder="1">
                  <font family="Segoe+UI+Semibold" displayName="Segoe+UI+Semibold" postScript="" weightStyle="Regular" weight="600" isBold="False" isItalic="False"/>
                  <text>Guarda</text>
                  <textSize>16</textSize>
                  <textVAlign>VaBottom</textVAlign>
                  <useDefaultTextSize>False</useDefaultTextSize>
                  <selectedIndex>-1</selectedIndex>
                </control>
                <control controlID="71D7ED26-0ABE-4606-9ECE-DB3F07EC0AEB" controlTypeID="Image" x="16" y="32" w="133" h="152" zOrder="2">
                  <URL>9DDEEA598EFDB416262B46AC27D3C8E7.png</URL>
                </control>
                <control controlID="AA81B60E-8D18-4EE0-9859-08A5E01A95AA" controlTypeID="Label" x="206" y="144" w="32" h="19" zOrder="3">
                  <font family="Segoe+UI" displayName="Segoe+UI+It%C3%A1lico" postScript="" weightStyle="It%C3%A1lico" weight="400" isBold="False" isItalic="True"/>
                  <text>Label</text>
                  <textVAlign>VaTop</textVAlign>
                  <lineSpacing>0</lineSpacing>
                  <textStyles>[fsItalic]</textStyles>
                  <selectedIndex>-1</selectedIndex>
                </control>
                <control controlID="A8C04291-92CF-4CBE-8524-E7DD7F1E9EF3" controlTypeID="Shape" x="165" y="10" w="143" h="200" zOrder="4">
                  <font family="Segoe+UI+Semibold" displayName="Segoe+UI+Semibold" postScript="" weightStyle="Regular" weight="600" isBold="False" isItalic="False"/>
                  <text>Lisboa</text>
                  <textSize>16</textSize>
                  <textVAlign>VaBottom</textVAlign>
                  <useDefaultTextSize>False</useDefaultTextSize>
                  <selectedIndex>-1</selectedIndex>
                </control>
                <control controlID="FA0726C5-0BF5-4AAD-9B91-F3A479F63843" controlTypeID="Image" x="168" y="20" w="138" h="163" zOrder="5">
                  <URL>A9F7F9C6992782687ED6C3A6422B3883.png</URL>
                </control>
                <control controlID="FD663AAF-80CF-40C4-93E5-D7D1A91F328D" controlTypeID="Shape" x="8" y="220" w="143" h="200" zOrder="6">
                  <font family="Segoe+UI+Semibold" displayName="Segoe+UI+Semibold" postScript="" weightStyle="Regular" weight="600" isBold="False" isItalic="False"/>
                  <text>Porto</text>
                  <textSize>16</textSize>
                  <textVAlign>VaBottom</textVAlign>
                  <useDefaultTextSize>False</useDefaultTextSize>
                  <selectedIndex>-1</selectedIndex>
                </control>
                <control controlID="F758013A-F314-4563-829E-8016D8D6BD88" controlTypeID="Image" x="11" y="230" w="137" h="170" zOrder="7">
                  <URL>08DA9EA35B77E55E78540E7645C6C85A.png</URL>
                </control>
                <control controlID="7BF74140-7F8D-46DC-8F91-7933A687E15B" controlTypeID="Shape" x="163" y="220" w="143" h="200" zOrder="8">
                  <font family="Segoe+UI+Semibold" displayName="Segoe+UI+Semibold" postScript="" weightStyle="Regular" weight="600" isBold="False" isItalic="False"/>
                  <text>Coimbra</text>
                  <textSize>16</textSize>
                  <textVAlign>VaBottom</textVAlign>
                  <useDefaultTextSize>False</useDefaultTextSize>
                  <selectedIndex>-1</selectedIndex>
                </control>
                <control controlID="C070C85C-339A-4EC2-AD52-49D9793245FF" controlTypeID="Image" x="167" y="230" w="136" h="165" zOrder="9">
                  <URL>2A95475874DC1FC53788CA65103F6C92.png</URL>
                </control>
                <control controlID="9936AE63-0BBC-46DA-AE4C-65F9F9296D9A" controlTypeID="Shape" x="8" y="436" w="143" h="200" zOrder="10">
                  <font family="Segoe+UI+Semibold" displayName="Segoe+UI+Semibold" postScript="" weightStyle="Regular" weight="600" isBold="False" isItalic="False"/>
                  <text>Aveiro</text>
                  <textSize>16</textSize>
                  <textVAlign>VaBottom</textVAlign>
                  <useDefaultTextSize>False</useDefaultTextSize>
                  <selectedIndex>-1</selectedIndex>
                </control>
                <control controlID="8B0623D0-BE5C-40C9-8B63-FAC82EAAC525" controlTypeID="Image" x="11" y="441" w="136" h="174" zOrder="11">
                  <URL>19DC509354D6ED238654C9B449A4C626.png</URL>
                </control>
                <control controlID="AC37A85A-9685-4512-B98F-B26000D7DC6B" controlTypeID="Shape" x="163" y="436" w="143" h="200" zOrder="12">
                  <font family="Segoe+UI+Semibold" displayName="Segoe+UI+Semibold" postScript="" weightStyle="Regular" weight="600" isBold="False" isItalic="False"/>
                  <text>Lisboa</text>
                  <textSize>16</textSize>
                  <textVAlign>VaBottom</textVAlign>
                  <useDefaultTextSize>False</useDefaultTextSize>
                  <selectedIndex>-1</selectedIndex>
                </control>
                <control controlID="87BBF6B1-C4BF-4CCE-9474-151478F25F1A" controlTypeID="Image" x="168" y="447" w="133" h="167" zOrder="13">
                  <URL>1345505031BCF47E4B0B5A7913FCE552.png</URL>
                </control>
                <control controlID="267F10E4-16A5-469F-AD0F-161139B2034D" controlTypeID="Icon" x="124" y="183" w="23" h="23" zOrder="14">
                  <icon>
                    <ID/>
                    <iconFontName>jdIonicons</iconFontName>
                    <iconCode>62471</iconCode>
                  </icon>
                  <URL>B245D5F394AD9CFF11D6CD385CF33332.svg</URL>
                </control>
                <control controlID="CEB9950A-77EE-429A-A5B8-4FE6D146166A" controlTypeID="Icon" x="283" y="182" w="23" h="23" zOrder="15">
                  <icon>
                    <ID/>
                    <iconFontName>jdIonicons</iconFontName>
                    <iconCode>62471</iconCode>
                  </icon>
                  <URL>B245D5F394AD9CFF11D6CD385CF33332.svg</URL>
                </control>
                <control controlID="6C1C76B7-91D4-4DB4-9D43-B0F6CD53321A" controlTypeID="Icon" x="124" y="387" w="23" h="23" zOrder="16">
                  <icon>
                    <ID/>
                    <iconFontName>jdIonicons</iconFontName>
                    <iconCode>62471</iconCode>
                  </icon>
                  <URL>B245D5F394AD9CFF11D6CD385CF33332.svg</URL>
                </control>
                <control controlID="3BDBC065-7C3C-4CA1-81DF-FC21B42E01D8" controlTypeID="Icon" x="278" y="386" w="23" h="23" zOrder="17">
                  <icon>
                    <ID/>
                    <iconFontName>jdIonicons</iconFontName>
                    <iconCode>62471</iconCode>
                  </icon>
                  <URL>B245D5F394AD9CFF11D6CD385CF33332.svg</URL>
                </control>
                <control controlID="FC9F49A7-8B0D-43C3-B592-D15F7A9A4770" controlTypeID="Icon" x="124" y="608" w="23" h="23" zOrder="18">
                  <icon>
                    <ID/>
                    <iconFontName>jdIonicons</iconFontName>
                    <iconCode>62471</iconCode>
                  </icon>
                  <URL>B245D5F394AD9CFF11D6CD385CF33332.svg</URL>
                </control>
                <control controlID="85B1ACFA-D318-4778-AB3A-682599B3D842" controlTypeID="Icon" x="278" y="608" w="23" h="23" zOrder="19">
                  <icon>
                    <ID/>
                    <iconFontName>jdIonicons</iconFontName>
                    <iconCode>62471</iconCode>
                  </icon>
                  <URL>B245D5F394AD9CFF11D6CD385CF33332.svg</URL>
                </control>
                <control controlID="48AECE66-3266-4D31-9DA2-A625697BD6A7" controlTypeID="Border" x="0" y="0" w="320" h="667" zOrder="20">
                  <borderVisible>False</borderVisible>
                  <alias>borderLayer</alias>
                </control>
              </groupChildrenDescriptors>
              <thinkness>1</thinkness>
            </control>
          </groupChildrenDescriptors>
        </control>
        <control controlID="CA8C37FB-4404-45B4-BCB0-AE90BD105C95" controlTypeID="Border" x="0" y="0" w="360" h="451" zOrder="1">
          <color>4284900966</color>
          <borderColor>4278190080</borderColor>
          <borderVisible>False</borderVisible>
          <alias>borderLayer</alias>
        </control>
      </groupChildrenDescriptors>
    </control>
    <control controlID="1A0F6A21-CFC3-4C0A-A246-513B1B6C410B" controlTypeID="NavigationBar" x="0" y="592" w="360" h="48" zOrder="1"/>
    <control controlID="1F492145-CB3F-4866-B10D-3091729F7AFA" controlTypeID="StatusBar(Android)" x="0" y="0" w="360" h="20" zOrder="2"/>
    <control controlID="41BE90B8-E4C6-4E6D-B952-9BEBD2A41077" controlTypeID="Image" x="55" y="-17" w="257" h="173" zOrder="3">
      <URL>3B6B11C7F1DCEE43EF3E81FA5480DDCA.png</URL>
    </control>
    <control controlID="72D6FB99-06D3-4B28-A311-DAA8ED6EB1B6" controlTypeID="Label" x="55" y="123" w="261" h="27" zOrder="4">
      <font family="Segoe+UI" displayName="Segoe+UI+It%C3%A1lico" postScript="" weightStyle="It%C3%A1lico" weight="400" isBold="False" isItalic="True"/>
      <text>Mapa+das+Cidades+Dispon%C3%ADveis</text>
      <textSize>20</textSize>
      <textVAlign>VaTop</textVAlign>
      <lineSpacing>0</lineSpacing>
      <textStyles>[fsItalic]</textStyles>
      <useDefaultTextSize>False</useDefaultTextSize>
      <selectedIndex>-1</selectedIndex>
    </control>
    <control controlID="CDDE6190-4AA1-4074-B4EA-93D88A2632D2" controlTypeID="Icon" x="10" y="77" w="31" h="31" zOrder="5">
      <links eventType="AtClick" animate="AmSlideRight" animateAutoDelay="0" animateDuration="100">
        <link targetPageID="121A7F69-2A43-45A9-B47E-AEA2ECE036AD" linkType="ltPageLink" isApplyIncludePage="False" title="Inicial">
          <area shape="0" alt="" ID="{D8B26943-CC0E-4313-8DF6-2D1FF5C685C1}" coords="(0,0,31,31)"/>
        </link>
      </links>
      <icon>
        <ID/>
        <iconFontName>jdIonicons</iconFontName>
        <iconCode>62223</iconCode>
      </icon>
      <URL>84E43FD667F4EA128EEFBAD7B03B51F5.svg</URL>
    </control>
  </controls>
  <param>
    <backgroundColor>4294967295</backgroundColor>
    <fontSize>0</fontSize>
    <fontFamily/>
    <guideLines/>
  </param>
</mockup>