﻿<mockup version="5.3" minAllowVersion="5.3" ID="9014F59C-F70A-40E7-A8A8-79AE7A3B3938" platform="MtMobile" defaultW="360" defaultH="640" screenOrientation="MoPortrait" mobileScreenScale="1.77777779102325" measureW="360" measureH="640" clipArea="(0,0,0,0)">
  <controls controlCount="35">
    <control controlID="3BF8A6B3-3CA6-4759-B27E-5695C30808C5" controlTypeID="ScrollView" x="0" y="54" w="360" h="40" zOrder="0">
      <color>4294111986</color>
      <borderVisible>False</borderVisible>
      <groupChildrenDescriptors>
        <control controlID="6FB442B8-208F-4586-9DED-39B84848EF3F" controlTypeID="ScrollViewContentPanel" x="0" y="0" w="518" h="46" zOrder="0">
          <alias>contentPanel</alias>
          <groupChildrenDescriptors>
            <control controlID="88DB27EB-0265-4A83-AD18-5E239FCBB1A9" controlTypeID="Tabs" x="0" y="1" w="489" h="40" zOrder="0">
              <borderVisible>False</borderVisible>
              <font family="Arial" displayName="Arial" postScript="" weightStyle="Normal" weight="400" isBold="False" isItalic="False"/>
              <text>TODAS%2C+ALIMENTA%C3%87%C3%83O%2C+ALOJAMENTO%2C+PATRIM%C3%93NIO%2C+COM%C3%89RCIO</text>
              <lineSpacing>0</lineSpacing>
              <selectedColor>4284900966</selectedColor>
              <dividerPercentHeight>0</dividerPercentHeight>
            </control>
          </groupChildrenDescriptors>
        </control>
        <control controlID="3554136A-259C-4A35-AA46-4B8B6907E79B" controlTypeID="Border" x="0" y="0" w="360" h="40" zOrder="1">
          <color>4284900966</color>
          <borderColor>4278190080</borderColor>
          <borderVisible>False</borderVisible>
          <alias>borderLayer</alias>
        </control>
      </groupChildrenDescriptors>
      <canHoriScroll>True</canHoriScroll>
      <canVertScroll>False</canVertScroll>
      <showScrollBars>False</showScrollBars>
    </control>
    <control controlID="DFA1D673-02EC-40C0-BB0A-F99B66A614D7" controlTypeID="StatusBar(Android)" x="0" y="0" w="360" h="20" zOrder="1"/>
    <control controlID="8A668D07-2C1E-498B-B268-19B578751AFD" controlTypeID="NavigationBar" x="0" y="592" w="360" h="48" zOrder="2"/>
    <control controlID="C6923A20-75C7-4868-ACEE-85E09846FAC6" controlTypeID="Shape" x="0" y="20" w="360" h="34" zOrder="3">
      <color>4290559164</color>
      <borderColor>4293190884</borderColor>
      <font family="Arial" displayName="Arial_%26_Bold" postScript="" weightStyle="Bold" weight="700" isBold="True" isItalic="False"/>
      <text>GUARDA</text>
      <textColor>4281545523</textColor>
      <textSize>18</textSize>
      <textStyles>[fsBold]</textStyles>
      <useDefaultTextSize>False</useDefaultTextSize>
      <selectedIndex>-1</selectedIndex>
      <borderMode>[bmBottom]</borderMode>
    </control>
    <control controlID="0457A9ED-3012-4DFE-A26D-121E5238E89C" controlTypeID="Search" x="15" y="99" w="330" h="33" zOrder="4">
      <interactiveData>
        <entry title="">
          <area shape="0" alt="" ID="{F66E8499-F730-40A9-BACB-45CBA0733412}" coords="(0,0,330,33)"/>
          <events title="">
            <event eventType="atClick" isChecked="True">
              <behaviour title="" isChecked="True" isWait="False" isLoop="False" execMode="emParallel">
                <target targetID="4F52809A-E505-44B5-BE76-12D1D2A2B4CA" isChecked="True" isAutoRecovery="False" isLoop="False" execMode="emSequence">
                  <command name="Change Visibility" isChecked="True" descrition="">
                    <param name="AniInterpolation" value="1" varType="3" description=""/>
                    <param name="AniDuration" value="200" varType="3" description=""/>
                    <param name="AniAutoReverse" value="False" varType="11" description=""/>
                    <param name="AniLoop" value="False" varType="11" description=""/>
                    <param name="AniInterpolationTypeOut" value="False" varType="11" description=""/>
                    <param name="Delay" value="0" varType="3" description=""/>
                    <param name="ValueFromCurrent" value="True" varType="11" description=""/>
                    <param name="ForceFromInitValue" value="False" varType="11" description=""/>
                    <param name="ForceSetVisible" value="False" varType="11" description=""/>
                    <param name="Value" value="2" varType="3" description=""/>
                    <param name="TerminateLoopByClick" value="True" varType="11" description=""/>
                  </command>
                </target>
              </behaviour>
            </event>
          </events>
        </entry>
      </interactiveData>
      <font family="Segoe+UI" displayName="Segoe+UI+It%C3%A1lico" postScript="" weightStyle="It%C3%A1lico" weight="400" isBold="False" isItalic="True"/>
      <textSize>14</textSize>
      <textVAlign>VaTop</textVAlign>
      <lineSpacing>0</lineSpacing>
      <textStyles>[fsItalic]</textStyles>
      <selectedIndex>-1</selectedIndex>
    </control>
    <control controlID="A50ADE4B-48CC-4169-BA63-0058C7EFE642" controlTypeID="Map" x="0" y="137" w="360" h="200" zOrder="5"/>
    <control controlID="8D1FE20A-00A2-4C52-9AD1-58DF8FA73983" controlTypeID="Shape" x="80" y="174" w="10" h="10" zOrder="6">
      <color>4281545523</color>
      <font family="Segoe+UI" displayName="Segoe+UI+It%C3%A1lico" postScript="" weightStyle="It%C3%A1lico" weight="400" isBold="False" isItalic="True"/>
      <textSize>14</textSize>
      <textStyles>[fsItalic]</textStyles>
      <selectedIndex>-1</selectedIndex>
      <shapeBorderType>SbEllipse</shapeBorderType>
    </control>
    <control controlID="00BF338E-323C-4239-8A22-2030E6EC5885" controlTypeID="Shape" x="66" y="219" w="10" h="10" zOrder="7">
      <color>4281545523</color>
      <font family="Segoe+UI" displayName="Segoe+UI+It%C3%A1lico" postScript="" weightStyle="It%C3%A1lico" weight="400" isBold="False" isItalic="True"/>
      <textSize>14</textSize>
      <textStyles>[fsItalic]</textStyles>
      <selectedIndex>-1</selectedIndex>
      <shapeBorderType>SbEllipse</shapeBorderType>
    </control>
    <control controlID="E7F8531A-350E-43E2-A695-BEAF1A87E4A0" controlTypeID="Shape" x="149" y="255" w="10" h="10" zOrder="8">
      <color>4281545523</color>
      <font family="Segoe+UI" displayName="Segoe+UI+It%C3%A1lico" postScript="" weightStyle="It%C3%A1lico" weight="400" isBold="False" isItalic="True"/>
      <textSize>14</textSize>
      <textStyles>[fsItalic]</textStyles>
      <selectedIndex>-1</selectedIndex>
      <shapeBorderType>SbEllipse</shapeBorderType>
    </control>
    <control controlID="79C1DE70-CBBA-4BF3-AE00-C7D1740744A3" controlTypeID="Shape" x="200" y="261" w="10" h="10" zOrder="9">
      <color>4281545523</color>
      <font family="Segoe+UI" displayName="Segoe+UI+It%C3%A1lico" postScript="" weightStyle="It%C3%A1lico" weight="400" isBold="False" isItalic="True"/>
      <textSize>14</textSize>
      <textStyles>[fsItalic]</textStyles>
      <selectedIndex>-1</selectedIndex>
      <shapeBorderType>SbEllipse</shapeBorderType>
    </control>
    <control controlID="FABDD018-5CC1-490E-9834-2CA4DF7DF96E" controlTypeID="Shape" x="175" y="295" w="10" h="10" zOrder="10">
      <color>4281545523</color>
      <font family="Segoe+UI" displayName="Segoe+UI+It%C3%A1lico" postScript="" weightStyle="It%C3%A1lico" weight="400" isBold="False" isItalic="True"/>
      <textSize>14</textSize>
      <textStyles>[fsItalic]</textStyles>
      <selectedIndex>-1</selectedIndex>
      <shapeBorderType>SbEllipse</shapeBorderType>
    </control>
    <control controlID="147015C3-6142-4B5E-9A0A-E74D3B4BD4E2" controlTypeID="Shape" x="243" y="174" w="10" h="10" zOrder="11">
      <color>4281545523</color>
      <font family="Segoe+UI" displayName="Segoe+UI+It%C3%A1lico" postScript="" weightStyle="It%C3%A1lico" weight="400" isBold="False" isItalic="True"/>
      <textSize>14</textSize>
      <textStyles>[fsItalic]</textStyles>
      <selectedIndex>-1</selectedIndex>
      <shapeBorderType>SbEllipse</shapeBorderType>
    </control>
    <control controlID="31769B3B-8A09-4589-BAE6-92E001D82723" controlTypeID="Shape" x="305" y="310" w="10" h="10" zOrder="12">
      <color>4281545523</color>
      <font family="Segoe+UI" displayName="Segoe+UI+It%C3%A1lico" postScript="" weightStyle="It%C3%A1lico" weight="400" isBold="False" isItalic="True"/>
      <textSize>14</textSize>
      <textStyles>[fsItalic]</textStyles>
      <selectedIndex>-1</selectedIndex>
      <shapeBorderType>SbEllipse</shapeBorderType>
    </control>
    <control controlID="4BFE9F87-76AE-483B-8E52-321DF711CE77" controlTypeID="Shape" x="56" y="272" w="10" h="10" zOrder="13">
      <color>4281545523</color>
      <font family="Segoe+UI" displayName="Segoe+UI+It%C3%A1lico" postScript="" weightStyle="It%C3%A1lico" weight="400" isBold="False" isItalic="True"/>
      <textSize>14</textSize>
      <textStyles>[fsItalic]</textStyles>
      <selectedIndex>-1</selectedIndex>
      <shapeBorderType>SbEllipse</shapeBorderType>
    </control>
    <control controlID="0C823AC1-6B06-4E93-A8DF-7E9EDDF61E42" controlTypeID="Shape" x="130" y="238" w="10" h="10" zOrder="14">
      <color>4281545523</color>
      <font family="Segoe+UI" displayName="Segoe+UI+It%C3%A1lico" postScript="" weightStyle="It%C3%A1lico" weight="400" isBold="False" isItalic="True"/>
      <textSize>14</textSize>
      <textStyles>[fsItalic]</textStyles>
      <selectedIndex>-1</selectedIndex>
      <shapeBorderType>SbEllipse</shapeBorderType>
    </control>
    <control controlID="96B5836E-ADEF-4EE9-AD20-FCBFEBB49A3B" controlTypeID="Line" x="0" y="461" w="358" h="1" zOrder="15">
      <color>4291414473</color>
      <font family="Segoe+UI" displayName="Segoe+UI+It%C3%A1lico" postScript="" weightStyle="It%C3%A1lico" weight="400" isBold="False" isItalic="True"/>
      <textSize>14</textSize>
      <lineSpacing>0</lineSpacing>
      <textStyles>[fsItalic]</textStyles>
      <selectedIndex>-1</selectedIndex>
      <controlPoint>(180,0)</controlPoint>
      <startPoint>(1,0)</startPoint>
      <endPoint>(358,0)</endPoint>
    </control>
    <control controlID="72BAE7B5-AD60-46F0-B0D7-074913B3A6E7" controlTypeID="Label" x="17" y="349" w="90" h="24" zOrder="16">
      <font family="Segoe+UI+Historic" displayName="Segoe+UI+Historic" postScript="" weightStyle="Regular" weight="400" isBold="False" isItalic="False"/>
      <text>S%C3%A9+Catedral</text>
      <textSize>18</textSize>
      <textVAlign>VaTop</textVAlign>
      <lineSpacing>0</lineSpacing>
      <useDefaultTextSize>False</useDefaultTextSize>
      <selectedIndex>-1</selectedIndex>
    </control>
    <control controlID="A765A02C-5F3C-4843-8B07-555967A6C7B3" controlTypeID="Label" x="17" y="376" w="67" h="19" zOrder="17">
      <font family="Segoe+UI" displayName="Segoe+UI" postScript="" weightStyle="Normal" weight="400" isBold="False" isItalic="False"/>
      <text>Patrim%C3%B3nio</text>
      <textColor>4288782753</textColor>
      <textVAlign>VaTop</textVAlign>
      <lineSpacing>0</lineSpacing>
      <selectedIndex>-1</selectedIndex>
    </control>
    <control controlID="D196DBC1-FF09-4381-AE5D-9032EBEAFDFF" controlTypeID="Label" x="96" y="376" w="47" h="19" zOrder="18">
      <font family="Segoe+UI" displayName="Segoe+UI" postScript="" weightStyle="Normal" weight="400" isBold="False" isItalic="False"/>
      <text>Popular</text>
      <textVAlign>VaTop</textVAlign>
      <lineSpacing>0</lineSpacing>
      <selectedIndex>-1</selectedIndex>
    </control>
    <control controlID="DEE8D95A-781D-4633-8C60-B3F4DECED1C1" controlTypeID="Label" x="26" y="408" w="325" h="19" zOrder="19">
      <isAutoSize>False</isAutoSize>
      <font family="Sitka+Text" displayName="Sitka+Text" postScript="" weightStyle="Regular" weight="400" isBold="False" isItalic="False"/>
      <text>A+S%C3%A9+Catedral+da+Guarda+%C3%A9+um+dos+mais+belos</text>
      <textSize>15</textSize>
      <textVAlign>VaTop</textVAlign>
      <lineSpacing>0</lineSpacing>
      <useDefaultTextSize>False</useDefaultTextSize>
      <selectedIndex>-1</selectedIndex>
    </control>
    <control controlID="8366EABF-DBBF-4E02-A468-16AB1BB13238" controlTypeID="Label" x="7" y="428" w="407" h="19" zOrder="20">
      <isAutoSize>False</isAutoSize>
      <font family="Sitka+Subheading" displayName="Sitka+Subheading" postScript="" weightStyle="Regular" weight="400" isBold="False" isItalic="False"/>
      <text>+monumentos+do+seu+g%C3%A9nero%2C+existentes+em+Portugal.</text>
      <textSize>15</textSize>
      <textVAlign>VaTop</textVAlign>
      <lineSpacing>0</lineSpacing>
      <useDefaultTextSize>False</useDefaultTextSize>
      <selectedIndex>-1</selectedIndex>
    </control>
    <control controlID="2814B825-7821-45F0-83DB-FF79955572CC" controlTypeID="Label" x="10" y="472" w="139" h="24" zOrder="21">
      <isAutoSize>False</isAutoSize>
      <font family="Segoe+UI+Historic" displayName="Segoe+UI+Historic" postScript="" weightStyle="Regular" weight="400" isBold="False" isItalic="False"/>
      <text>Hotel+Vanguarda</text>
      <textSize>18</textSize>
      <textVAlign>VaTop</textVAlign>
      <lineSpacing>0</lineSpacing>
      <useDefaultTextSize>False</useDefaultTextSize>
      <selectedIndex>-1</selectedIndex>
    </control>
    <control controlID="9EAF2660-2455-4110-B8A2-D0D2ADCF9558" controlTypeID="Label" x="10" y="499" w="71" h="19" zOrder="22">
      <font family="Segoe+UI" displayName="Segoe+UI" postScript="" weightStyle="Normal" weight="400" isBold="False" isItalic="False"/>
      <text>Alojamento</text>
      <textColor>4288782753</textColor>
      <textVAlign>VaTop</textVAlign>
      <lineSpacing>0</lineSpacing>
      <selectedIndex>-1</selectedIndex>
    </control>
    <control controlID="377FA036-17C9-47ED-B599-9AFCEB2B0742" controlTypeID="Label" x="89" y="499" w="47" h="19" zOrder="23">
      <font family="Segoe+UI" displayName="Segoe+UI" postScript="" weightStyle="Normal" weight="400" isBold="False" isItalic="False"/>
      <text>Popular</text>
      <textVAlign>VaTop</textVAlign>
      <lineSpacing>0</lineSpacing>
      <selectedIndex>-1</selectedIndex>
    </control>
    <control controlID="F6CEEEE1-183F-4BD7-817E-1855C463E09B" controlTypeID="Label" x="22" y="531" w="325" h="19" zOrder="24">
      <isAutoSize>False</isAutoSize>
      <font family="Sitka+Text" displayName="Sitka+Text" postScript="" weightStyle="Regular" weight="400" isBold="False" isItalic="False"/>
      <text>Situado+no+centro+da+Guarda%2C+perto+da+serra+</text>
      <textSize>15</textSize>
      <textVAlign>VaTop</textVAlign>
      <lineSpacing>0</lineSpacing>
      <useDefaultTextSize>False</useDefaultTextSize>
      <selectedIndex>-1</selectedIndex>
    </control>
    <control controlID="57EA2988-5FDB-4506-836D-E74A44A5EC87" controlTypeID="Label" x="7" y="551" w="407" h="19" zOrder="25">
      <isAutoSize>False</isAutoSize>
      <font family="Sitka+Subheading" displayName="Sitka+Subheading" postScript="" weightStyle="Regular" weight="400" isBold="False" isItalic="False"/>
      <text>da+Estrela%2C+da+Regi%C3%A3o+dos+Vinhos+do+D%C3%A3o++e+na+Regi%C3%A3o</text>
      <textSize>15</textSize>
      <textVAlign>VaTop</textVAlign>
      <lineSpacing>0</lineSpacing>
      <useDefaultTextSize>False</useDefaultTextSize>
      <selectedIndex>-1</selectedIndex>
    </control>
    <control controlID="4CA6144E-9D63-43A3-B223-03C342F66533" controlTypeID="Icon" x="272" y="479" w="20" h="20" zOrder="26">
      <icon>
        <ID/>
        <iconFontName>jdIonicons</iconFontName>
        <iconCode>62204</iconCode>
      </icon>
      <URL>7368E932054EB35095B123FCB5C28A31.svg</URL>
    </control>
    <control controlID="361C5F75-1953-4701-A648-F78F42DFC528" controlTypeID="Icon" x="292" y="479" w="20" h="20" zOrder="27">
      <icon>
        <ID/>
        <iconFontName>jdIonicons</iconFontName>
        <iconCode>62204</iconCode>
      </icon>
      <URL>7368E932054EB35095B123FCB5C28A31.svg</URL>
    </control>
    <control controlID="2243C0C7-C3C5-47B3-95DC-BE8997057E70" controlTypeID="Icon" x="315" y="479" w="20" h="20" zOrder="28">
      <icon>
        <ID/>
        <iconFontName>jdIonicons</iconFontName>
        <iconCode>62204</iconCode>
      </icon>
      <URL>7368E932054EB35095B123FCB5C28A31.svg</URL>
    </control>
    <control controlID="0C07A539-64E8-43A2-A238-B35CC7E23131" controlTypeID="Label" x="7" y="568" w="407" h="19" zOrder="29">
      <isAutoSize>False</isAutoSize>
      <font family="Sitka+Subheading" displayName="Sitka+Subheading" postScript="" weightStyle="Regular" weight="400" isBold="False" isItalic="False"/>
      <text>demarcada+do+Queijo+da+Serra.</text>
      <textSize>15</textSize>
      <textVAlign>VaTop</textVAlign>
      <lineSpacing>0</lineSpacing>
      <useDefaultTextSize>False</useDefaultTextSize>
      <selectedIndex>-1</selectedIndex>
    </control>
    <control controlID="72882350-376B-4ECA-9784-8F6BD3C874A3" controlTypeID="Icon" x="11" y="25" w="24" h="24" zOrder="30">
      <links eventType="AtClick" animate="AmFade" animateAutoDelay="0" animateDuration="100">
        <link targetPageID="0CD01DE1-6CBF-4CFA-86A6-3DCA15FE03D6" linkType="ltPageLink" isApplyIncludePage="False" title="Cidades+de+Portugal">
          <area shape="0" alt="" ID="{BD84BC0D-C37D-42B6-BA4D-0CC3A0F642DD}" coords="(0,0,24,24)"/>
        </link>
      </links>
      <icon>
        <ID/>
        <iconFontName>jdIonicons</iconFontName>
        <iconCode>62154</iconCode>
      </icon>
      <URL>D95E480717200F895E41DB6E5B869596.svg</URL>
    </control>
    <control controlID="4F52809A-E505-44B5-BE76-12D1D2A2B4CA" controlTypeID="Keyboard" x="0" y="349" w="360" h="243" zOrder="31">
      <isShow>False</isShow>
      <interactiveData>
        <entry title="">
          <area shape="0" alt="" ID="{B2A1DE9E-72AB-40DA-972C-9F77CD377185}" coords="(0,0,60,60)"/>
          <events title="">
            <event eventType="atClick" isChecked="True">
              <behaviour title="" isChecked="True" isWait="False" isLoop="False" execMode="emParallel">
                <target targetID="0457A9ED-3012-4DFE-A26D-121E5238E89C" isChecked="True" isAutoRecovery="False" isLoop="False" execMode="emSequence">
                  <command name="Set Text" isChecked="True" descrition="">
                    <param name="AniInterpolation" value="0" varType="3" description=""/>
                    <param name="AniDuration" value="200" varType="3" description=""/>
                    <param name="AniAutoReverse" value="False" varType="11" description=""/>
                    <param name="AniLoop" value="False" varType="11" description=""/>
                    <param name="AniInterpolationTypeOut" value="False" varType="11" description=""/>
                    <param name="Delay" value="0" varType="3" description=""/>
                    <param name="FromValue" value="" varType="256" description=""/>
                    <param name="ToValue" value="Sé Catedral" varType="256" description=""/>
                  </command>
                </target>
              </behaviour>
            </event>
          </events>
        </entry>
      </interactiveData>
    </control>
  </controls>
  <param>
    <backgroundColor>4294967295</backgroundColor>
    <fontSize>0</fontSize>
    <fontFamily/>
    <guideLines/>
  </param>
</mockup>