﻿<mockup version="5.3" minAllowVersion="5.3" ID="C74CE230-9210-4E90-A8B1-B6A9A5ED7209" platform="MtMobile" defaultW="360" defaultH="640" screenOrientation="MoPortrait" mobileScreenScale="1.77777779102325" measureW="360" measureH="640" clipArea="(0,0,0,0)">
  <controls controlCount="66">
    <control controlID="F6473E3F-664E-4D1B-8182-3EB44C64F5BA" controlTypeID="StatusBar(Android)" x="0" y="0" w="360" h="20" zOrder="0"/>
    <control controlID="D4354E6B-A3D0-4C48-81ED-A4C2AB1AB382" controlTypeID="ModalScreen" x="0" y="20" w="360" h="572" zOrder="1">
      <color>3422552064</color>
    </control>
    <control controlID="04771D30-1F81-4419-A6D3-DF6F799BF81C" controlTypeID="Shape" x="26" y="39" w="314" h="537" zOrder="2">
      <borderColor>4278190080</borderColor>
      <font family="Segoe+UI" displayName="Segoe+UI+It%C3%A1lico" postScript="" weightStyle="It%C3%A1lico" weight="400" isBold="False" isItalic="True"/>
      <textSize>14</textSize>
      <textStyles>[fsItalic]</textStyles>
      <selectedIndex>-1</selectedIndex>
      <radius>12</radius>
      <thickness>2</thickness>
    </control>
    <control controlID="EDA438CB-2460-4393-8801-BB1183C46CFB" controlTypeID="Line" x="25" y="98" w="312" h="2" zOrder="3">
      <color>4289638062</color>
      <font family="Segoe+UI" displayName="Segoe+UI+It%C3%A1lico" postScript="" weightStyle="It%C3%A1lico" weight="400" isBold="False" isItalic="True"/>
      <textSize>14</textSize>
      <lineSpacing>0</lineSpacing>
      <textStyles>[fsItalic]</textStyles>
      <selectedIndex>-1</selectedIndex>
      <controlPoint>(156,1)</controlPoint>
      <startPoint>(1,1)</startPoint>
      <endPoint>(312,1)</endPoint>
    </control>
    <control controlID="1A1B9318-B8C2-463E-9939-59775E269071" controlTypeID="Label" x="66" y="59" w="222" h="27" zOrder="4">
      <font family="System" displayName="System" postScript="" weightStyle="" weight="700" isBold="False" isItalic="False"/>
      <text>Personaliza+o+teu+treino</text>
      <textSize>20</textSize>
      <textVAlign>VaTop</textVAlign>
      <lineSpacing>0</lineSpacing>
      <useDefaultTextSize>False</useDefaultTextSize>
      <selectedIndex>-1</selectedIndex>
    </control>
    <control controlID="CD7021C0-EAE3-4AF7-BFB8-59E6E2CAD027" controlTypeID="Button" x="36" y="513" w="294" h="48" zOrder="5">
      <color>4278878072</color>
      <borderColor>4278190080</borderColor>
      <links eventType="AtClick" animate="AmNone" animateAutoDelay="0" animateDuration="500">
        <link targetPageID="6999A056-9EC0-419C-964A-BAC2E1520B9B" linkType="ltPageLink" isApplyIncludePage="False" title="Mapa+Guia">
          <area shape="0" alt="" ID="{E399E219-CACD-43C4-9174-3CFC4621463A}" coords="(0,0,294,48)"/>
        </link>
      </links>
      <font family="Script" displayName="Script" postScript="" weightStyle="" weight="400" isBold="False" isItalic="False"/>
      <text>Seguinte</text>
      <textColor>4294967295</textColor>
      <textSize>24</textSize>
      <lineSpacing>0</lineSpacing>
      <useDefaultTextSize>False</useDefaultTextSize>
      <selectedIndex>-1</selectedIndex>
      <radius>22</radius>
    </control>
    <control controlID="436FFA51-EB1E-4976-BDBF-957595A6ACB8" controlTypeID="Label" x="114" y="100" w="131" h="20" zOrder="6">
      <font family="Segoe+UI+Semibold" displayName="Segoe+UI+Semibold" postScript="" weightStyle="Regular" weight="600" isBold="False" isItalic="False"/>
      <text>Tempo+de+Exercicio</text>
      <textColor>4286151033</textColor>
      <textSize>15</textSize>
      <textVAlign>VaTop</textVAlign>
      <lineSpacing>0</lineSpacing>
      <useDefaultTextSize>False</useDefaultTextSize>
      <selectedIndex>-1</selectedIndex>
    </control>
    <control controlID="0A1865EB-DC3D-4593-8EC3-EB4EFCAB9344" controlTypeID="Icon" x="34" y="61" w="25" h="25" zOrder="7">
      <color>4278190080</color>
      <links eventType="AtClick" animate="AmSlideLeft" animateAutoDelay="0" animateDuration="100">
        <link targetPageID="command:back" linkType="ltPageLink" isApplyIncludePage="False" title="">
          <area shape="0" alt="" ID="{259B30B1-EED8-4324-B540-9D1AD3474B04}" coords="(0,0,25,25)"/>
        </link>
      </links>
      <icon>
        <ID/>
        <iconFontName>jdIonicons</iconFontName>
        <iconCode>62154</iconCode>
      </icon>
      <URL>D95E480717200F895E41DB6E5B869596.svg</URL>
    </control>
    <control controlID="E1FA169D-C551-439C-AD5E-5B3981CBD9DD" controlTypeID="Shape" x="36" y="121" w="294" h="177" zOrder="8">
      <font family="Segoe+UI" displayName="Segoe+UI+It%C3%A1lico" postScript="" weightStyle="It%C3%A1lico" weight="400" isBold="False" isItalic="True"/>
      <textSize>14</textSize>
      <textStyles>[fsItalic]</textStyles>
      <selectedIndex>-1</selectedIndex>
      <radius>8</radius>
    </control>
    <control controlID="8403C2D4-A4BD-4A1D-8D20-B593C54BBC7E" controlTypeID="ScrollView" x="38" y="125" w="286" h="168" zOrder="9">
      <borderVisible>False</borderVisible>
      <groupChildrenDescriptors>
        <control controlID="D03072C3-1825-45D2-872C-51FCE4CB428A" controlTypeID="ScrollViewContentPanel" x="0" y="0" w="300" h="273" zOrder="0">
          <alias>contentPanel</alias>
          <groupChildrenDescriptors>
            <control controlID="F3CA53C8-05FE-47D2-85D5-E0DEA7E86FC4" controlTypeID="Panel" x="4" y="4" w="279" h="263" zOrder="0">
              <borderVisible>False</borderVisible>
              <groupChildrenDescriptors>
                <control controlID="B3243322-78BD-4A57-9CC5-B04687B9DCAB" controlTypeID="Line" x="9" y="105" w="263" h="2" zOrder="0">
                  <font family="Segoe+UI" displayName="Segoe+UI+It%C3%A1lico" postScript="" weightStyle="It%C3%A1lico" weight="400" isBold="False" isItalic="True"/>
                  <textSize>14</textSize>
                  <lineSpacing>0</lineSpacing>
                  <textStyles>[fsItalic]</textStyles>
                  <selectedIndex>-1</selectedIndex>
                  <controlPoint>(132,1)</controlPoint>
                  <startPoint>(0,1)</startPoint>
                  <endPoint>(263,1)</endPoint>
                </control>
                <control controlID="2EB99067-C177-4346-BEF1-204BA25012CA" controlTypeID="Icon" x="65" y="6" w="38" h="38" zOrder="1">
                  <icon>
                    <ID/>
                    <iconFontName>jdIonicons</iconFontName>
                    <iconCode>62298</iconCode>
                  </icon>
                  <URL>3D5E90344E23C923EF92911B802563ED.svg</URL>
                </control>
                <control controlID="DD91B5DD-2784-4562-B0F3-5BD165417BCE" controlTypeID="Label" x="116" y="1" w="98" h="43" zOrder="2">
                  <font family="Segoe+UI" displayName="Segoe+UI" postScript="" weightStyle="Normal" weight="400" isBold="False" isItalic="False"/>
                  <text>15+Min</text>
                  <textColor>4285229931</textColor>
                  <textSize>32</textSize>
                  <textVAlign>VaTop</textVAlign>
                  <lineSpacing>0</lineSpacing>
                  <useDefaultTextSize>False</useDefaultTextSize>
                  <selectedIndex>-1</selectedIndex>
                </control>
                <control controlID="9B5F2485-5C13-4402-A4C8-62DF3048CA0D" controlTypeID="Icon" x="64" y="62" w="38" h="38" zOrder="3">
                  <icon>
                    <ID/>
                    <iconFontName>jdIonicons</iconFontName>
                    <iconCode>62298</iconCode>
                  </icon>
                  <URL>3D5E90344E23C923EF92911B802563ED.svg</URL>
                </control>
                <control controlID="19A39215-FC17-45F3-A21C-A4EFD4A80599" controlTypeID="Label" x="116" y="58" w="98" h="43" zOrder="4">
                  <font family="Segoe+UI" displayName="Segoe+UI" postScript="" weightStyle="Normal" weight="400" isBold="False" isItalic="False"/>
                  <text>30+Min</text>
                  <textColor>4285229931</textColor>
                  <textSize>32</textSize>
                  <textVAlign>VaTop</textVAlign>
                  <lineSpacing>0</lineSpacing>
                  <useDefaultTextSize>False</useDefaultTextSize>
                  <selectedIndex>-1</selectedIndex>
                </control>
                <control controlID="C83FE79C-9EBD-4F5F-A833-7D37E7720A33" controlTypeID="Icon" x="64" y="115" w="38" h="38" zOrder="5">
                  <icon>
                    <ID/>
                    <iconFontName>jdIonicons</iconFontName>
                    <iconCode>62298</iconCode>
                  </icon>
                  <URL>3D5E90344E23C923EF92911B802563ED.svg</URL>
                </control>
                <control controlID="048D0C6B-91EA-4A66-AC09-C0E2AC4F27A7" controlTypeID="Label" x="116" y="111" w="98" h="43" zOrder="6">
                  <font family="Segoe+UI" displayName="Segoe+UI" postScript="" weightStyle="Normal" weight="400" isBold="False" isItalic="False"/>
                  <text>45+Min</text>
                  <textColor>4285229931</textColor>
                  <textSize>32</textSize>
                  <textVAlign>VaTop</textVAlign>
                  <lineSpacing>0</lineSpacing>
                  <useDefaultTextSize>False</useDefaultTextSize>
                  <selectedIndex>-1</selectedIndex>
                </control>
                <control controlID="CD41D9B4-25C2-4001-A56E-5CDCF29A906B" controlTypeID="Icon" x="64" y="166" w="38" h="38" zOrder="7">
                  <icon>
                    <ID/>
                    <iconFontName>jdIonicons</iconFontName>
                    <iconCode>62298</iconCode>
                  </icon>
                  <URL>3D5E90344E23C923EF92911B802563ED.svg</URL>
                </control>
                <control controlID="9DBB4F88-BC66-488D-8A35-8F0DF9D05BDC" controlTypeID="Label" x="116" y="162" w="98" h="43" zOrder="8">
                  <font family="Segoe+UI" displayName="Segoe+UI" postScript="" weightStyle="Normal" weight="400" isBold="False" isItalic="False"/>
                  <text>60+Min</text>
                  <textColor>4285229931</textColor>
                  <textSize>32</textSize>
                  <textVAlign>VaTop</textVAlign>
                  <lineSpacing>0</lineSpacing>
                  <useDefaultTextSize>False</useDefaultTextSize>
                  <selectedIndex>-1</selectedIndex>
                </control>
                <control controlID="02847CB5-17C9-435C-A787-D0728E5916AF" controlTypeID="Icon" x="64" y="217" w="38" h="38" zOrder="9">
                  <icon>
                    <ID/>
                    <iconFontName>jdIonicons</iconFontName>
                    <iconCode>62298</iconCode>
                  </icon>
                  <URL>3D5E90344E23C923EF92911B802563ED.svg</URL>
                </control>
                <control controlID="E4582ABA-906F-4798-9442-4118DF072254" controlTypeID="Label" x="116" y="213" w="98" h="43" zOrder="10">
                  <font family="Segoe+UI" displayName="Segoe+UI" postScript="" weightStyle="Normal" weight="400" isBold="False" isItalic="False"/>
                  <text>90+Min</text>
                  <textColor>4285229931</textColor>
                  <textSize>32</textSize>
                  <textVAlign>VaTop</textVAlign>
                  <lineSpacing>0</lineSpacing>
                  <useDefaultTextSize>False</useDefaultTextSize>
                  <selectedIndex>-1</selectedIndex>
                </control>
                <control controlID="D8B2232C-C3E0-44D4-80DD-26746D4BDDF3" controlTypeID="Shape" x="5" y="1" w="269" h="47" zOrder="11">
                  <color>16777215</color>
                  <opacity>0</opacity>
                  <interactiveData>
                    <entry title="">
                      <area shape="0" alt="" ID="{E9C89162-DCC7-4770-A7F4-0B1310210420}" coords="(0,0,269,47)"/>
                      <events title="">
                        <event eventType="atClick" isChecked="True">
                          <behaviour title="" isChecked="True" isWait="False" isLoop="False" execMode="emParallel">
                            <target targetID="D8B2232C-C3E0-44D4-80DD-26746D4BDDF3" IsNeedReplaceAsSelfID="True" isChecked="True" isAutoRecovery="False" isLoop="False" execMode="emSequence">
                              <command name="Set Color" isChecked="True" descrition="">
                                <param name="AniInterpolation" value="0" varType="3" description=""/>
                                <param name="AniDuration" value="200" varType="3" description=""/>
                                <param name="AniAutoReverse" value="False" varType="11" description=""/>
                                <param name="AniLoop" value="False" varType="11" description=""/>
                                <param name="AniInterpolationTypeOut" value="False" varType="11" description=""/>
                                <param name="Delay" value="0" varType="3" description=""/>
                                <param name="FromValue" value="4294967295" varType="20" description=""/>
                                <param name="ToValue" value="4294488469" varType="20" description=""/>
                              </command>
                            </target>
                          </behaviour>
                        </event>
                      </events>
                    </entry>
                  </interactiveData>
                  <font family="Segoe+UI" displayName="Segoe+UI" postScript="" weightStyle="Normal" weight="400" isBold="False" isItalic="False"/>
                  <textSize>14</textSize>
                  <selectedIndex>-1</selectedIndex>
                </control>
                <control controlID="382003D2-4432-4354-B4A8-D36ED868C270" controlTypeID="Line" x="9" y="50" w="263" h="2" zOrder="12">
                  <font family="Segoe+UI" displayName="Segoe+UI+It%C3%A1lico" postScript="" weightStyle="It%C3%A1lico" weight="400" isBold="False" isItalic="True"/>
                  <textSize>14</textSize>
                  <lineSpacing>0</lineSpacing>
                  <textStyles>[fsItalic]</textStyles>
                  <selectedIndex>-1</selectedIndex>
                  <controlPoint>(132,1)</controlPoint>
                  <startPoint>(0,1)</startPoint>
                  <endPoint>(263,1)</endPoint>
                </control>
                <control controlID="B20A2F20-329D-4318-8036-12C6AFF14FC9" controlTypeID="Line" x="9" y="159" w="263" h="2" zOrder="13">
                  <font family="Segoe+UI" displayName="Segoe+UI+It%C3%A1lico" postScript="" weightStyle="It%C3%A1lico" weight="400" isBold="False" isItalic="True"/>
                  <textSize>14</textSize>
                  <lineSpacing>0</lineSpacing>
                  <textStyles>[fsItalic]</textStyles>
                  <selectedIndex>-1</selectedIndex>
                  <controlPoint>(132,1)</controlPoint>
                  <startPoint>(0,1)</startPoint>
                  <endPoint>(263,1)</endPoint>
                </control>
                <control controlID="77A73EE7-2617-4615-BCCE-5F50729EB241" controlTypeID="Line" x="9" y="211" w="263" h="2" zOrder="14">
                  <font family="Segoe+UI" displayName="Segoe+UI+It%C3%A1lico" postScript="" weightStyle="It%C3%A1lico" weight="400" isBold="False" isItalic="True"/>
                  <textSize>14</textSize>
                  <lineSpacing>0</lineSpacing>
                  <textStyles>[fsItalic]</textStyles>
                  <selectedIndex>-1</selectedIndex>
                  <controlPoint>(132,1)</controlPoint>
                  <startPoint>(0,1)</startPoint>
                  <endPoint>(263,1)</endPoint>
                </control>
                <control controlID="D125D278-1811-4F0F-9C42-184E84715FA6" controlTypeID="Border" x="0" y="0" w="279" h="263" zOrder="15">
                  <borderVisible>False</borderVisible>
                  <alias>borderLayer</alias>
                </control>
              </groupChildrenDescriptors>
              <thinkness>1</thinkness>
            </control>
            <control controlID="C35B69A2-8910-4C86-963E-2DF39A18DAE8" controlTypeID="Shape" x="45" y="59" w="195" h="48" zOrder="1">
              <color>1879736184</color>
              <opacity>0.200000002980232</opacity>
              <font family="Segoe+UI" displayName="Segoe+UI" postScript="" weightStyle="Normal" weight="400" isBold="False" isItalic="False"/>
              <textSize>14</textSize>
              <selectedIndex>-1</selectedIndex>
              <radius>16</radius>
            </control>
          </groupChildrenDescriptors>
        </control>
        <control controlID="9397A567-59F2-44A9-B9F7-C8574A32D885" controlTypeID="Border" x="0" y="0" w="286" h="168" zOrder="1">
          <color>4284900966</color>
          <borderColor>4278190080</borderColor>
          <borderVisible>False</borderVisible>
          <alias>borderLayer</alias>
        </control>
      </groupChildrenDescriptors>
    </control>
    <control controlID="E810A522-5973-4D73-9924-C87E837B0742" controlTypeID="Label" x="113" y="303" w="143" h="20" zOrder="10">
      <font family="Segoe+UI+Semibold" displayName="Segoe+UI+Semibold" postScript="" weightStyle="Regular" weight="600" isBold="False" isItalic="False"/>
      <text>Intensidade+da+se%C3%A7%C3%A3o</text>
      <textColor>4286151033</textColor>
      <textSize>15</textSize>
      <textVAlign>VaTop</textVAlign>
      <lineSpacing>0</lineSpacing>
      <useDefaultTextSize>False</useDefaultTextSize>
      <selectedIndex>-1</selectedIndex>
    </control>
    <control controlID="F3E892E0-E2BA-431A-A7F2-B569A474CFA3" controlTypeID="Shape" x="35" y="323" w="294" h="177" zOrder="11">
      <font family="Segoe+UI" displayName="Segoe+UI+It%C3%A1lico" postScript="" weightStyle="It%C3%A1lico" weight="400" isBold="False" isItalic="True"/>
      <textSize>14</textSize>
      <textStyles>[fsItalic]</textStyles>
      <selectedIndex>-1</selectedIndex>
      <radius>8</radius>
    </control>
    <control controlID="D30C4450-11C6-4EF9-B17C-DDBE3C466E41" controlTypeID="ScrollView" x="38" y="327" w="286" h="170" zOrder="12">
      <borderVisible>False</borderVisible>
      <groupChildrenDescriptors>
        <control controlID="DD761FB4-2783-4A73-8F87-9C133E0DB27E" controlTypeID="ScrollViewContentPanel" x="0" y="0" w="300" h="170" zOrder="0">
          <alias>contentPanel</alias>
          <groupChildrenDescriptors>
            <control controlID="EE0C152A-2B6C-4A63-81C6-C75B7B30DBF1" controlTypeID="Panel" x="7" y="5" w="273" h="153" zOrder="0">
              <borderVisible>False</borderVisible>
              <groupChildrenDescriptors>
                <control controlID="F6143B23-EB0D-4C54-AB2C-40EC0E43E915" controlTypeID="Line" x="3" y="48" w="272" h="2" zOrder="0">
                  <font family="Segoe+UI" displayName="Segoe+UI+It%C3%A1lico" postScript="" weightStyle="It%C3%A1lico" weight="400" isBold="False" isItalic="True"/>
                  <textSize>14</textSize>
                  <lineSpacing>0</lineSpacing>
                  <textStyles>[fsItalic]</textStyles>
                  <selectedIndex>-1</selectedIndex>
                  <controlPoint>(136,1)</controlPoint>
                  <startPoint>(1,1)</startPoint>
                  <endPoint>(272,1)</endPoint>
                </control>
                <control controlID="AF39740F-6526-400F-9293-5E793122CDB5" controlTypeID="Line" x="4" y="105" w="270" h="2" zOrder="1">
                  <font family="Segoe+UI" displayName="Segoe+UI+It%C3%A1lico" postScript="" weightStyle="It%C3%A1lico" weight="400" isBold="False" isItalic="True"/>
                  <textSize>14</textSize>
                  <lineSpacing>0</lineSpacing>
                  <textStyles>[fsItalic]</textStyles>
                  <selectedIndex>-1</selectedIndex>
                  <controlPoint>(136,1)</controlPoint>
                  <startPoint>(1,1)</startPoint>
                  <endPoint>(270,1)</endPoint>
                </control>
                <control controlID="03154B4A-6C00-4274-A393-B867F0EC59E7" controlTypeID="Label" x="108" y="0" w="64" h="43" zOrder="2">
                  <font family="Segoe+UI" displayName="Segoe+UI" postScript="" weightStyle="Normal" weight="400" isBold="False" isItalic="False"/>
                  <text>Leve</text>
                  <textColor>4285229931</textColor>
                  <textSize>32</textSize>
                  <textVAlign>VaTop</textVAlign>
                  <lineSpacing>0</lineSpacing>
                  <useDefaultTextSize>False</useDefaultTextSize>
                  <selectedIndex>-1</selectedIndex>
                </control>
                <control controlID="0B61D456-CB61-4F66-9104-4E99E838F8D7" controlTypeID="Label" x="75" y="55" w="146" h="43" zOrder="3">
                  <font family="Segoe+UI" displayName="Segoe+UI" postScript="" weightStyle="Normal" weight="400" isBold="False" isItalic="False"/>
                  <text>Moderada</text>
                  <textColor>4285229931</textColor>
                  <textSize>32</textSize>
                  <textVAlign>VaTop</textVAlign>
                  <lineSpacing>0</lineSpacing>
                  <useDefaultTextSize>False</useDefaultTextSize>
                  <selectedIndex>-1</selectedIndex>
                </control>
                <control controlID="52505954-58CF-4496-BEC5-0D6D55DF1A53" controlTypeID="Label" x="78" y="111" w="125" h="43" zOrder="4">
                  <font family="Segoe+UI" displayName="Segoe+UI" postScript="" weightStyle="Normal" weight="400" isBold="False" isItalic="False"/>
                  <text>Vigorosa</text>
                  <textColor>4285229931</textColor>
                  <textSize>32</textSize>
                  <textVAlign>VaTop</textVAlign>
                  <lineSpacing>0</lineSpacing>
                  <useDefaultTextSize>False</useDefaultTextSize>
                  <selectedIndex>-1</selectedIndex>
                </control>
                <control controlID="C14B85A8-2116-4E56-B262-3F0DEC088C3F" controlTypeID="TextArea" x="190" y="471" w="240" h="66" zOrder="5">
                  <font family="Segoe+UI" displayName="Segoe+UI" postScript="" weightStyle="Normal" weight="400" isBold="False" isItalic="False"/>
                  <text>Vigoroso</text>
                  <selectedIndex>-1</selectedIndex>
                </control>
                <control controlID="5F50B0D9-8CA8-4ACA-A326-D131FADAC1E2" controlTypeID="Border" x="0" y="0" w="273" h="153" zOrder="6">
                  <borderVisible>False</borderVisible>
                  <alias>borderLayer</alias>
                </control>
              </groupChildrenDescriptors>
              <thinkness>1</thinkness>
            </control>
            <control controlID="D6AF5A10-1F2C-4C3A-B7FE-86A792DE3636" controlTypeID="Shape" x="51" y="57" w="195" h="48" zOrder="1">
              <color>1879736184</color>
              <opacity>0.200000002980232</opacity>
              <font family="Segoe+UI" displayName="Segoe+UI" postScript="" weightStyle="Normal" weight="400" isBold="False" isItalic="False"/>
              <textSize>14</textSize>
              <selectedIndex>-1</selectedIndex>
              <radius>16</radius>
            </control>
          </groupChildrenDescriptors>
        </control>
        <control controlID="037CA03A-115B-4013-B5A0-6E43C328E4A7" controlTypeID="Border" x="0" y="0" w="286" h="170" zOrder="1">
          <color>4284900966</color>
          <borderColor>4278190080</borderColor>
          <borderVisible>False</borderVisible>
          <alias>borderLayer</alias>
        </control>
      </groupChildrenDescriptors>
    </control>
    <control controlID="0146F91D-C492-4C0C-8A5A-2A07D6F39200" controlTypeID="__group__" x="1" y="592" w="360" h="47" zOrder="13">
      <groupChildrenDescriptors>
        <control controlID="176295F4-91B2-4FCD-B518-51C0AEBEC0BE" controlTypeID="Shape" x="0" y="0" w="360" h="47" zOrder="0">
          <borderColor>4293190884</borderColor>
          <font family="Arial" displayName="Arial" postScript="" weightStyle="Normal" weight="400" isBold="False" isItalic="False"/>
          <textSize>14</textSize>
          <selectedIndex>-1</selectedIndex>
          <borderMode>[bmTop]</borderMode>
        </control>
        <control controlID="808F0278-CBDD-4EDC-A75B-A43B299A4CB2" controlTypeID="IconLabel2" x="39" y="6" w="29" h="37" zOrder="1">
          <links eventType="AtClick" animate="AmNone" animateAutoDelay="0" animateDuration="500">
            <link targetPageID="47DF6902-A4A6-40A5-AD54-ABDE4E8ABF98" linkType="ltPageLink" isApplyIncludePage="False" title="Dados+Pessoais">
              <area shape="0" alt="" ID="{71CC6B0E-EEC5-4B07-ADEB-B12570829D7A}" coords="(0,0,29,37)"/>
            </link>
          </links>
          <groupChildrenDescriptors>
            <control controlID="F310FAFF-539E-449D-9076-429350499FE9" controlTypeID="Shape" x="4" y="0" w="20" h="20" zOrder="0">
              <canMove>False</canMove>
              <alias>shape</alias>
              <font family="Arial" displayName="Arial" postScript="" weightStyle="Normal" weight="400" isBold="False" isItalic="False"/>
              <textSize>14</textSize>
              <selectedIndex>-1</selectedIndex>
            </control>
            <control controlID="59D1BE51-290B-4E6B-B9C7-1D0DB6AAF8AB" controlTypeID="Icon" x="4" y="0" w="20" h="20" zOrder="1">
              <color>4288256409</color>
              <canMove>False</canMove>
              <alias>icon</alias>
              <icon>
                <ID/>
                <iconFontName>jdIonicons</iconFontName>
                <iconCode>62368</iconCode>
              </icon>
              <URL>B91434690C5B5224D1CC6B1998F1178A.svg</URL>
            </control>
            <control controlID="C54C8529-CD58-4768-9150-406F01A0BC60" controlTypeID="Label" x="2" y="24" w="25" h="13" zOrder="2">
              <canMove>False</canMove>
              <alias>label</alias>
              <font family="Arial" displayName="Arial" postScript="" weightStyle="Normal" weight="400" isBold="False" isItalic="False"/>
              <text>Perfil</text>
              <textColor>4284900966</textColor>
              <textSize>11</textSize>
              <textAlign>HaCenter</textAlign>
              <lineSpacing>0</lineSpacing>
              <useDefaultTextSize>False</useDefaultTextSize>
              <selectedIndex>-1</selectedIndex>
            </control>
            <control controlID="D84C8494-61FB-480D-967F-59E75BAD4620" controlTypeID="Shape" x="16" y="0" w="13" h="12" zOrder="3">
              <color>4294901760</color>
              <borderVisible>False</borderVisible>
              <canMove>False</canMove>
              <alias>alarm</alias>
              <font family="Arial" displayName="Arial" postScript="" weightStyle="Normal" weight="400" isBold="False" isItalic="False"/>
              <text>2</text>
              <textColor>4294967295</textColor>
              <textSize>7</textSize>
              <selectedIndex>-1</selectedIndex>
              <radius>100</radius>
              <radiusIsPercent>True</radiusIsPercent>
            </control>
          </groupChildrenDescriptors>
          <iconSize>20</iconSize>
        </control>
        <control controlID="B7A6CE5B-7E3B-4CAD-BB7F-9669AD4AC35D" controlTypeID="IconLabel2" x="119" y="6" w="43" h="37" zOrder="2">
          <links eventType="AtClick" animate="AmNone" animateAutoDelay="0" animateDuration="500">
            <link targetPageID="0CD01DE1-6CBF-4CFA-86A6-3DCA15FE03D6" linkType="ltPageLink" isApplyIncludePage="False" title="Cidades+de+Portugal">
              <area shape="0" alt="" ID="{7CCF5DE8-A19A-482A-9CA0-E89D7947A342}" coords="(0,0,43,37)"/>
            </link>
          </links>
          <groupChildrenDescriptors>
            <control controlID="DAD41AF0-717F-417E-BEFF-3CB6151DB26F" controlTypeID="Shape" x="12" y="0" w="20" h="20" zOrder="0">
              <canMove>False</canMove>
              <alias>shape</alias>
              <font family="Arial" displayName="Arial" postScript="" weightStyle="Normal" weight="400" isBold="False" isItalic="False"/>
              <textSize>14</textSize>
              <selectedIndex>-1</selectedIndex>
            </control>
            <control controlID="20B50CC5-29A3-4F88-9C06-9D74724070A4" controlTypeID="Icon" x="12" y="0" w="20" h="20" zOrder="1">
              <color>4278190080</color>
              <canMove>False</canMove>
              <alias>icon</alias>
              <icon>
                <ID/>
                <iconFontName>jdIcoMoonFree</iconFontName>
                <iconCode>59826</iconCode>
              </icon>
              <URL>9971C54B10DB4FB36C582D891537A230.svg</URL>
            </control>
            <control controlID="CEB180B4-B0AE-4F15-94AC-1BE7377DEF10" controlTypeID="Label" x="2" y="24" w="39" h="13" zOrder="2">
              <canMove>False</canMove>
              <alias>label</alias>
              <font family="Arial" displayName="Arial_%26_Bold" postScript="" weightStyle="Bold" weight="700" isBold="True" isItalic="False"/>
              <text>Treinos</text>
              <textSize>11</textSize>
              <textAlign>HaCenter</textAlign>
              <lineSpacing>0</lineSpacing>
              <textStyles>[fsBold]</textStyles>
              <useDefaultTextSize>False</useDefaultTextSize>
              <selectedIndex>-1</selectedIndex>
            </control>
            <control controlID="995A989D-0512-4731-92D4-DEECC417052B" controlTypeID="Shape" x="30" y="0" w="13" h="12" zOrder="3">
              <color>4294901760</color>
              <borderVisible>False</borderVisible>
              <canMove>False</canMove>
              <alias>alarm</alias>
              <font family="Arial" displayName="Arial" postScript="" weightStyle="Normal" weight="400" isBold="False" isItalic="False"/>
              <text>2</text>
              <textColor>4294967295</textColor>
              <textSize>7</textSize>
              <selectedIndex>-1</selectedIndex>
              <radius>100</radius>
              <radiusIsPercent>True</radiusIsPercent>
            </control>
          </groupChildrenDescriptors>
          <iconSize>20</iconSize>
        </control>
        <control controlID="4678C2A9-02DC-4816-815D-C9489497B6B9" controlTypeID="IconLabel2" x="205" y="6" w="38" h="37" zOrder="3">
          <links eventType="AtClick" animate="AmNone" animateAutoDelay="0" animateDuration="500">
            <link targetPageID="E3A6CF55-D116-4715-B043-FC13DFD1E647" linkType="ltPageLink" isApplyIncludePage="False" title="Provas">
              <area shape="0" alt="" ID="{74B95BEC-644D-4076-9466-DA6658226A01}" coords="(0,0,38,37)"/>
            </link>
          </links>
          <groupChildrenDescriptors>
            <control controlID="CD24CD18-823E-4785-B3DD-42EC77498456" controlTypeID="Shape" x="9" y="0" w="20" h="20" zOrder="0">
              <canMove>False</canMove>
              <alias>shape</alias>
              <font family="Arial" displayName="Arial" postScript="" weightStyle="Normal" weight="400" isBold="False" isItalic="False"/>
              <textSize>14</textSize>
              <selectedIndex>-1</selectedIndex>
            </control>
            <control controlID="A0CD2CC8-8420-45D1-8677-71F7189D1CCC" controlTypeID="Icon" x="9" y="0" w="20" h="20" zOrder="1">
              <color>4288256409</color>
              <canMove>False</canMove>
              <alias>icon</alias>
              <icon>
                <ID/>
                <iconFontName>jdIcoFont</iconFontName>
                <iconCode>58986</iconCode>
              </icon>
              <URL>2119E1032635B58A9627C98AB304CEE8.svg</URL>
            </control>
            <control controlID="85ACEB28-BBD0-4F27-B301-D7BF4354C82E" controlTypeID="Label" x="2" y="24" w="34" h="13" zOrder="2">
              <canMove>False</canMove>
              <alias>label</alias>
              <font family="Arial" displayName="Arial" postScript="" weightStyle="Normal" weight="400" isBold="False" isItalic="False"/>
              <text>Provas</text>
              <textColor>4288256409</textColor>
              <textSize>11</textSize>
              <textAlign>HaCenter</textAlign>
              <lineSpacing>0</lineSpacing>
              <useDefaultTextSize>False</useDefaultTextSize>
              <selectedIndex>-1</selectedIndex>
            </control>
            <control controlID="CB5968EE-9C68-4C20-9329-BD6137B115CF" controlTypeID="Shape" x="25" y="0" w="13" h="12" zOrder="3">
              <color>4294901760</color>
              <borderVisible>False</borderVisible>
              <canMove>False</canMove>
              <alias>alarm</alias>
              <font family="Arial" displayName="Arial" postScript="" weightStyle="Normal" weight="400" isBold="False" isItalic="False"/>
              <text>2</text>
              <textColor>4294967295</textColor>
              <textSize>7</textSize>
              <selectedIndex>-1</selectedIndex>
              <radius>100</radius>
              <radiusIsPercent>True</radiusIsPercent>
            </control>
          </groupChildrenDescriptors>
          <iconSize>20</iconSize>
        </control>
        <control controlID="D1B6E2B4-5D1A-4CD5-B815-1EB36B4E64B3" controlTypeID="IconLabel2" x="281" y="6" w="47" h="37" zOrder="4">
          <links eventType="AtClick" animate="AmNone" animateAutoDelay="0" animateDuration="500">
            <link targetPageID="7AF88CE8-E1DF-4DBA-8762-50C026F1B446" linkType="ltPageLink" isApplyIncludePage="False" title="Hist%C3%B3rico+Atividades">
              <area shape="0" alt="" ID="{F31C76AA-3229-4CB2-AE09-CFB13D443951}" coords="(0,0,47,37)"/>
            </link>
          </links>
          <groupChildrenDescriptors>
            <control controlID="886BF836-5C11-494A-84EC-436A9D795ABA" controlTypeID="Shape" x="14" y="0" w="20" h="20" zOrder="0">
              <canMove>False</canMove>
              <alias>shape</alias>
              <font family="Arial" displayName="Arial" postScript="" weightStyle="Normal" weight="400" isBold="False" isItalic="False"/>
              <textSize>14</textSize>
              <selectedIndex>-1</selectedIndex>
            </control>
            <control controlID="84980CAE-48D3-4CC0-8F19-51A63A8BAF3F" controlTypeID="Icon" x="14" y="0" w="20" h="20" zOrder="1">
              <color>4288256409</color>
              <canMove>False</canMove>
              <alias>icon</alias>
              <icon>
                <ID/>
                <iconFontName>jdIonicons</iconFontName>
                <iconCode>62548</iconCode>
              </icon>
              <URL>7D4E13552F08995905B7F39F0FCA3415.svg</URL>
            </control>
            <control controlID="159BD7B2-F4A7-4D0F-AF52-DA3C4F59348A" controlTypeID="Label" x="2" y="24" w="43" h="13" zOrder="2">
              <canMove>False</canMove>
              <alias>label</alias>
              <font family="Arial" displayName="Arial" postScript="" weightStyle="Normal" weight="400" isBold="False" isItalic="False"/>
              <text>Hist%C3%B3rico</text>
              <textColor>4288256409</textColor>
              <textSize>11</textSize>
              <textAlign>HaCenter</textAlign>
              <lineSpacing>0</lineSpacing>
              <useDefaultTextSize>False</useDefaultTextSize>
              <selectedIndex>-1</selectedIndex>
            </control>
            <control controlID="4D15D072-B731-42A0-AD1E-A9EBE9DD26EE" controlTypeID="Shape" x="34" y="0" w="13" h="12" zOrder="3">
              <color>4294901760</color>
              <borderVisible>False</borderVisible>
              <canMove>False</canMove>
              <alias>alarm</alias>
              <font family="Arial" displayName="Arial" postScript="" weightStyle="Normal" weight="400" isBold="False" isItalic="False"/>
              <text>2</text>
              <textColor>4294967295</textColor>
              <textSize>7</textSize>
              <selectedIndex>-1</selectedIndex>
              <radius>100</radius>
              <radiusIsPercent>True</radiusIsPercent>
            </control>
          </groupChildrenDescriptors>
          <iconSize>20</iconSize>
        </control>
      </groupChildrenDescriptors>
    </control>
  </controls>
  <param>
    <backgroundColor>4294967295</backgroundColor>
    <fontSize>0</fontSize>
    <fontFamily/>
    <guideLines/>
  </param>
</mockup>