﻿<mockup version="5.3" minAllowVersion="5.3" ID="D02D34B1-A6CF-4CBD-BDF0-38F39A318EC0" platform="MtMobile" defaultW="360" defaultH="640" screenOrientation="MoPortrait" mobileScreenScale="1.77777779102325" measureW="360" measureH="640" clipArea="(0,0,0,0)">
  <controls controlCount="9">
    <control controlID="EBB17254-8F87-4053-96DD-60598934231C" controlTypeID="StatusBar(Android)" x="0" y="0" w="360" h="20" zOrder="0"/>
    <control controlID="1A93D16F-ADE0-4DD7-8D2C-18A0BA0A6E71" controlTypeID="NavigationBar" x="0" y="592" w="360" h="48" zOrder="1"/>
    <control controlID="26DDE7DF-70CB-460D-AED6-2E08BFB32A1C" controlTypeID="Label" x="152" y="267" w="57" h="19" zOrder="2">
      <font family="Arial" displayName="Arial" postScript="" weightStyle="Normal" weight="400" isBold="False" isItalic="False"/>
      <text>IDIOMA</text>
      <textColor>4294967295</textColor>
      <textSize>16</textSize>
      <textVAlign>VaTop</textVAlign>
      <lineSpacing>0</lineSpacing>
      <useDefaultTextSize>False</useDefaultTextSize>
      <selectedIndex>-1</selectedIndex>
    </control>
    <control controlID="42012FB8-0125-4A52-AB22-A74F53B8042D" controlTypeID="Line" x="40" y="296" w="297" h="1" zOrder="3">
      <color>4286151033</color>
      <font family="Arial" displayName="Arial" postScript="" weightStyle="Normal" weight="400" isBold="False" isItalic="False"/>
      <textColor>4291611852</textColor>
      <textSize>14</textSize>
      <lineSpacing>0</lineSpacing>
      <selectedIndex>-1</selectedIndex>
      <controlPoint>(148,0)</controlPoint>
      <startPoint>(0,0)</startPoint>
      <endPoint>(297,0)</endPoint>
    </control>
    <control controlID="E41949E7-2275-42E0-921F-6EC5C4D3207D" controlTypeID="Line" x="40" y="344" w="297" h="1" zOrder="4">
      <color>4286151033</color>
      <font family="Arial" displayName="Arial" postScript="" weightStyle="Normal" weight="400" isBold="False" isItalic="False"/>
      <textColor>4291611852</textColor>
      <textSize>14</textSize>
      <lineSpacing>0</lineSpacing>
      <selectedIndex>-1</selectedIndex>
      <controlPoint>(148,0)</controlPoint>
      <startPoint>(0,0)</startPoint>
      <endPoint>(297,0)</endPoint>
    </control>
    <control controlID="00BC6112-FECA-4069-B272-237AD97CFD6C" controlTypeID="Line" x="40" y="389" w="297" h="1" zOrder="5">
      <color>4286151033</color>
      <font family="Arial" displayName="Arial" postScript="" weightStyle="Normal" weight="400" isBold="False" isItalic="False"/>
      <textColor>4291611852</textColor>
      <textSize>14</textSize>
      <lineSpacing>0</lineSpacing>
      <selectedIndex>-1</selectedIndex>
      <controlPoint>(148,0)</controlPoint>
      <startPoint>(0,0)</startPoint>
      <endPoint>(297,0)</endPoint>
    </control>
    <control controlID="D2AB9CC1-44BB-4B68-B7DD-47D668FF18F0" controlTypeID="Label" x="106" y="358" w="165" h="19" zOrder="6">
      <font family="Arial" displayName="Arial" postScript="" weightStyle="Normal" weight="400" isBold="False" isItalic="False"/>
      <text>SOBRE+A+APLICA%C3%87%C3%83O</text>
      <textColor>4294967295</textColor>
      <textSize>16</textSize>
      <textVAlign>VaTop</textVAlign>
      <lineSpacing>0</lineSpacing>
      <useDefaultTextSize>False</useDefaultTextSize>
      <selectedIndex>-1</selectedIndex>
    </control>
    <control controlID="26F78B82-EBAB-4A5F-889E-60322C4D67ED" controlTypeID="Label" x="132" y="311" w="99" h="19" zOrder="7">
      <font family="Arial" displayName="Arial" postScript="" weightStyle="Normal" weight="400" isBold="False" isItalic="False"/>
      <text>CONTACTOS</text>
      <textColor>4294967295</textColor>
      <textSize>16</textSize>
      <textVAlign>VaTop</textVAlign>
      <lineSpacing>0</lineSpacing>
      <useDefaultTextSize>False</useDefaultTextSize>
      <selectedIndex>-1</selectedIndex>
    </control>
    <control controlID="EC12B6E6-94F9-4B26-813C-6C9CC36579B8" controlTypeID="Icon" x="316" y="550" w="30" h="30" zOrder="8">
      <color>4294967295</color>
      <links eventType="AtClick" animate="AmFade" animateAutoDelay="0" animateDuration="100">
        <link targetPageID="121A7F69-2A43-45A9-B47E-AEA2ECE036AD" linkType="ltPageLink" isApplyIncludePage="False" title="Inicial">
          <area shape="0" alt="" ID="{726C2155-A844-45B0-BEA7-705414E59E1E}" coords="(0,0,30,30)"/>
        </link>
      </links>
      <icon>
        <ID/>
        <iconFontName>jdIonicons</iconFontName>
        <iconCode>62525</iconCode>
      </icon>
      <URL>0F740100B0915CB3454052FFE3B0A3CD.svg</URL>
    </control>
  </controls>
  <param>
    <backgroundColor>4281019194</backgroundColor>
    <fontSize>14</fontSize>
    <fontFamily>Segoe+UI</fontFamily>
    <guideLines/>
  </param>
</mockup>