﻿<mockup version="5.3" minAllowVersion="5.3" ID="E3A6CF55-D116-4715-B043-FC13DFD1E647" platform="MtMobile" defaultW="360" defaultH="640" measureW="360" measureH="640" screenOrientation="MoPortrait" mobileScreenScale="1.77777779102325" clipArea="(0,0,0,0)">
  <controls controlCount="59">
    <control controlID="4047CF72-2118-4221-A0D4-B1110A95669F" controlTypeID="__group__" x="0" y="593" w="360" h="47" zOrder="0">
      <groupChildrenDescriptors>
        <control controlID="14EFAA22-6D72-4178-996D-D20122EF6CDA" controlTypeID="Shape" x="0" y="0" w="360" h="47" zOrder="0">
          <borderColor>4293190884</borderColor>
          <font family="Segoe+UI" displayName="Segoe+UI" postScript="" weightStyle="Normal" weight="400" isBold="False" isItalic="False"/>
          <textSize>14</textSize>
          <selectedIndex>-1</selectedIndex>
          <borderMode>[bmTop]</borderMode>
        </control>
        <control controlID="0DB27419-A973-49A4-87F0-20A8EE201BD6" controlTypeID="IconLabel2" x="39" y="6" w="28" h="39" zOrder="1">
          <links eventType="AtClick" animate="AmNone" animateAutoDelay="0" animateDuration="500">
            <link targetPageID="47DF6902-A4A6-40A5-AD54-ABDE4E8ABF98" linkType="ltPageLink" isApplyIncludePage="False" title="Dados+Pessoais">
              <area shape="0" alt="" ID="{71CC6B0E-EEC5-4B07-ADEB-B12570829D7A}" coords="(0,0,28,39)"/>
            </link>
          </links>
          <groupChildrenDescriptors>
            <control controlID="C33F0357-6807-47DD-A809-5813EE1502A2" controlTypeID="Shape" x="4" y="0" w="20" h="20" zOrder="0">
              <canMove>False</canMove>
              <alias>shape</alias>
              <font family="Segoe+UI" displayName="Segoe+UI" postScript="" weightStyle="Normal" weight="400" isBold="False" isItalic="False"/>
              <textSize>14</textSize>
              <selectedIndex>-1</selectedIndex>
            </control>
            <control controlID="B5CF33D5-8655-49AC-8496-23A78A707379" controlTypeID="Icon" x="4" y="0" w="20" h="20" zOrder="1">
              <color>4288256409</color>
              <canMove>False</canMove>
              <alias>icon</alias>
              <icon>
                <ID/>
                <iconFontName>jdIonicons</iconFontName>
                <iconCode>62368</iconCode>
              </icon>
              <URL>B91434690C5B5224D1CC6B1998F1178A.svg</URL>
            </control>
            <control controlID="040CF560-D0E4-4B24-A5E0-00EB23CAE830" controlTypeID="Label" x="2" y="24" w="24" h="15" zOrder="2">
              <canMove>False</canMove>
              <alias>label</alias>
              <font family="Segoe+UI" displayName="Segoe+UI" postScript="" weightStyle="Normal" weight="400" isBold="False" isItalic="False"/>
              <text>Perfil</text>
              <textColor>4284900966</textColor>
              <textSize>11</textSize>
              <textAlign>HaCenter</textAlign>
              <lineSpacing>0</lineSpacing>
              <useDefaultTextSize>False</useDefaultTextSize>
              <selectedIndex>-1</selectedIndex>
            </control>
            <control controlID="7F642F62-0FCC-4E3F-8C98-E60DE067699C" controlTypeID="Shape" x="15" y="0" w="13" h="12" zOrder="3">
              <color>4294901760</color>
              <borderVisible>False</borderVisible>
              <canMove>False</canMove>
              <alias>alarm</alias>
              <font family="Segoe+UI" displayName="Segoe+UI" postScript="" weightStyle="Normal" weight="400" isBold="False" isItalic="False"/>
              <text>2</text>
              <textColor>4294967295</textColor>
              <textSize>7</textSize>
              <selectedIndex>-1</selectedIndex>
              <radius>100</radius>
              <radiusIsPercent>True</radiusIsPercent>
            </control>
          </groupChildrenDescriptors>
          <iconSize>20</iconSize>
        </control>
        <control controlID="45005E46-3A9D-444C-A1B2-F4DEAEE78098" controlTypeID="IconLabel2" x="119" y="6" w="38" h="39" zOrder="2">
          <links eventType="AtClick" animate="AmNone" animateAutoDelay="0" animateDuration="500">
            <link targetPageID="0CD01DE1-6CBF-4CFA-86A6-3DCA15FE03D6" linkType="ltPageLink" isApplyIncludePage="False" title="Cidades+de+Portugal">
              <area shape="0" alt="" ID="{7CCF5DE8-A19A-482A-9CA0-E89D7947A342}" coords="(0,0,38,39)"/>
            </link>
          </links>
          <groupChildrenDescriptors>
            <control controlID="4A4CFB90-E789-4007-ACFA-8D25940E7F31" controlTypeID="Shape" x="9" y="0" w="20" h="20" zOrder="0">
              <canMove>False</canMove>
              <alias>shape</alias>
              <font family="Segoe+UI" displayName="Segoe+UI" postScript="" weightStyle="Normal" weight="400" isBold="False" isItalic="False"/>
              <textSize>14</textSize>
              <selectedIndex>-1</selectedIndex>
            </control>
            <control controlID="890E4DB0-9BEC-4BAB-8B47-2CBDE1527CDC" controlTypeID="Icon" x="9" y="0" w="20" h="20" zOrder="1">
              <canMove>False</canMove>
              <alias>icon</alias>
              <icon>
                <ID/>
                <iconFontName>jdIcoMoonFree</iconFontName>
                <iconCode>59826</iconCode>
              </icon>
              <URL>9971C54B10DB4FB36C582D891537A230.svg</URL>
            </control>
            <control controlID="BCE61B70-D105-4CAE-BF77-2F89A6882207" controlTypeID="Label" x="2" y="24" w="34" h="15" zOrder="2">
              <canMove>False</canMove>
              <alias>label</alias>
              <font family="Segoe+UI" displayName="Segoe+UI" postScript="" weightStyle="Normal" weight="400" isBold="False" isItalic="False"/>
              <text>Treinos</text>
              <textColor>4284900966</textColor>
              <textSize>11</textSize>
              <textAlign>HaCenter</textAlign>
              <lineSpacing>0</lineSpacing>
              <useDefaultTextSize>False</useDefaultTextSize>
              <selectedIndex>-1</selectedIndex>
            </control>
            <control controlID="12ED5532-EA29-457C-B523-29F2378DBF7D" controlTypeID="Shape" x="25" y="0" w="13" h="12" zOrder="3">
              <color>4294901760</color>
              <borderVisible>False</borderVisible>
              <canMove>False</canMove>
              <alias>alarm</alias>
              <font family="Segoe+UI" displayName="Segoe+UI" postScript="" weightStyle="Normal" weight="400" isBold="False" isItalic="False"/>
              <text>2</text>
              <textColor>4294967295</textColor>
              <textSize>7</textSize>
              <selectedIndex>-1</selectedIndex>
              <radius>100</radius>
              <radiusIsPercent>True</radiusIsPercent>
            </control>
          </groupChildrenDescriptors>
          <iconSize>20</iconSize>
        </control>
        <control controlID="3A8A1001-778D-416B-A1DF-A196010ED5C9" controlTypeID="IconLabel2" x="205" y="6" w="38" h="39" zOrder="3">
          <links eventType="AtClick" animate="AmNone" animateAutoDelay="0" animateDuration="500">
            <link targetPageID="E3A6CF55-D116-4715-B043-FC13DFD1E647" linkType="ltPageLink" isApplyIncludePage="False" title="Provas">
              <area shape="0" alt="" ID="{74B95BEC-644D-4076-9466-DA6658226A01}" coords="(0,0,38,39)"/>
            </link>
          </links>
          <groupChildrenDescriptors>
            <control controlID="9DF25711-7232-45EF-B717-E146EFB22F91" controlTypeID="Shape" x="9" y="0" w="20" h="20" zOrder="0">
              <canMove>False</canMove>
              <alias>shape</alias>
              <font family="Segoe+UI" displayName="Segoe+UI" postScript="" weightStyle="Normal" weight="400" isBold="False" isItalic="False"/>
              <textSize>14</textSize>
              <selectedIndex>-1</selectedIndex>
            </control>
            <control controlID="3477A4C1-0A55-4FF5-B749-7D91776C5969" controlTypeID="Icon" x="9" y="0" w="20" h="20" zOrder="1">
              <color>4278190080</color>
              <canMove>False</canMove>
              <alias>icon</alias>
              <icon>
                <ID/>
                <iconFontName>jdIcoFont</iconFontName>
                <iconCode>58986</iconCode>
              </icon>
              <URL>2119E1032635B58A9627C98AB304CEE8.svg</URL>
            </control>
            <control controlID="E02BD068-B222-4122-A314-0CE7ECC433A9" controlTypeID="Label" x="2" y="24" w="34" h="15" zOrder="2">
              <canMove>False</canMove>
              <alias>label</alias>
              <font family="Segoe+UI" displayName="Segoe+UI_%26_Bold" postScript="" weightStyle="Bold" weight="700" isBold="True" isItalic="False"/>
              <text>Provas</text>
              <textSize>11</textSize>
              <textAlign>HaCenter</textAlign>
              <lineSpacing>0</lineSpacing>
              <textStyles>[fsBold]</textStyles>
              <useDefaultTextSize>False</useDefaultTextSize>
              <selectedIndex>-1</selectedIndex>
            </control>
            <control controlID="9094471D-0A54-419D-8284-48A467EA4A0D" controlTypeID="Shape" x="25" y="0" w="13" h="12" zOrder="3">
              <color>4294901760</color>
              <borderVisible>False</borderVisible>
              <canMove>False</canMove>
              <alias>alarm</alias>
              <font family="Segoe+UI" displayName="Segoe+UI" postScript="" weightStyle="Normal" weight="400" isBold="False" isItalic="False"/>
              <text>2</text>
              <textColor>4294967295</textColor>
              <textSize>7</textSize>
              <selectedIndex>-1</selectedIndex>
              <radius>100</radius>
              <radiusIsPercent>True</radiusIsPercent>
            </control>
          </groupChildrenDescriptors>
          <iconSize>20</iconSize>
        </control>
        <control controlID="2926691C-C210-40E6-842F-200DBCC8FD7F" controlTypeID="IconLabel2" x="281" y="6" w="47" h="39" zOrder="4">
          <links eventType="AtClick" animate="AmNone" animateAutoDelay="0" animateDuration="500">
            <link targetPageID="7AF88CE8-E1DF-4DBA-8762-50C026F1B446" linkType="ltPageLink" isApplyIncludePage="False" title="Hist%C3%B3rico+Atividades">
              <area shape="0" alt="" ID="{F31C76AA-3229-4CB2-AE09-CFB13D443951}" coords="(0,0,47,39)"/>
            </link>
          </links>
          <groupChildrenDescriptors>
            <control controlID="8F5DBB7F-5EF9-4864-B28B-42A492F5069C" controlTypeID="Shape" x="14" y="0" w="20" h="20" zOrder="0">
              <canMove>False</canMove>
              <alias>shape</alias>
              <font family="Segoe+UI" displayName="Segoe+UI" postScript="" weightStyle="Normal" weight="400" isBold="False" isItalic="False"/>
              <textSize>14</textSize>
              <selectedIndex>-1</selectedIndex>
            </control>
            <control controlID="FC1E4D15-6BA9-4031-BC00-9923830955C5" controlTypeID="Icon" x="14" y="0" w="20" h="20" zOrder="1">
              <color>4288256409</color>
              <canMove>False</canMove>
              <alias>icon</alias>
              <icon>
                <ID/>
                <iconFontName>jdIonicons</iconFontName>
                <iconCode>62548</iconCode>
              </icon>
              <URL>7D4E13552F08995905B7F39F0FCA3415.svg</URL>
            </control>
            <control controlID="4D4B0790-002F-4DD6-AC51-DF89FAC3AA54" controlTypeID="Label" x="2" y="24" w="43" h="15" zOrder="2">
              <canMove>False</canMove>
              <alias>label</alias>
              <font family="Segoe+UI" displayName="Segoe+UI" postScript="" weightStyle="Normal" weight="400" isBold="False" isItalic="False"/>
              <text>Hist%C3%B3rico</text>
              <textColor>4288256409</textColor>
              <textSize>11</textSize>
              <textAlign>HaCenter</textAlign>
              <lineSpacing>0</lineSpacing>
              <useDefaultTextSize>False</useDefaultTextSize>
              <selectedIndex>-1</selectedIndex>
            </control>
            <control controlID="86A867B9-FFC3-429E-A384-903E035E2701" controlTypeID="Shape" x="34" y="0" w="13" h="12" zOrder="3">
              <color>4294901760</color>
              <borderVisible>False</borderVisible>
              <canMove>False</canMove>
              <alias>alarm</alias>
              <font family="Segoe+UI" displayName="Segoe+UI" postScript="" weightStyle="Normal" weight="400" isBold="False" isItalic="False"/>
              <text>2</text>
              <textColor>4294967295</textColor>
              <textSize>7</textSize>
              <selectedIndex>-1</selectedIndex>
              <radius>100</radius>
              <radiusIsPercent>True</radiusIsPercent>
            </control>
          </groupChildrenDescriptors>
          <iconSize>20</iconSize>
        </control>
      </groupChildrenDescriptors>
    </control>
    <control controlID="506B3014-9200-4D51-A2D8-8FFE59BE958B" controlTypeID="StatusBar(Android)" x="0" y="0" w="360" h="20" zOrder="1"/>
    <control controlID="8E6EAFEE-D837-4758-9F19-C25E8ABE4E4E" controlTypeID="Label" x="10" y="40" w="90" h="19" zOrder="2">
      <font family="Segoe+UI" displayName="Segoe+UI" postScript="" weightStyle="Normal" weight="400" isBold="False" isItalic="False"/>
      <text>Provas+Inscrito</text>
      <textColor>4281545523</textColor>
      <lineSpacing>0</lineSpacing>
      <selectedIndex>-1</selectedIndex>
    </control>
    <control controlID="AC7949D7-4D14-474D-83E3-868C110DFAAC" controlTypeID="Line" x="-1" y="65" w="359" h="2" zOrder="3">
      <color>4293190884</color>
      <font family="Segoe+UI" displayName="Segoe+UI" postScript="" weightStyle="Normal" weight="400" isBold="False" isItalic="False"/>
      <textSize>14</textSize>
      <lineSpacing>0</lineSpacing>
      <selectedIndex>-1</selectedIndex>
      <controlPoint>(180,1)</controlPoint>
      <startPoint>(1,1)</startPoint>
      <endPoint>(359,1)</endPoint>
    </control>
    <control controlID="5CC3B683-7582-45C9-88A4-A04E506F1F17" controlTypeID="Line" x="3" y="142" w="356" h="2" zOrder="4">
      <color>4293190884</color>
      <font family="Segoe+UI" displayName="Segoe+UI" postScript="" weightStyle="Normal" weight="400" isBold="False" isItalic="False"/>
      <textSize>14</textSize>
      <lineSpacing>0</lineSpacing>
      <selectedIndex>-1</selectedIndex>
      <controlPoint>(178,1)</controlPoint>
      <startPoint>(0,1)</startPoint>
      <endPoint>(356,1)</endPoint>
    </control>
    <control controlID="B6B1F069-A5D4-402D-AC49-8FDE50005E15" controlTypeID="Image" x="31" y="78" w="54" h="55" zOrder="5">
      <URL>FDBB829D8879B617F6BAB73FD7FC0758.JPG</URL>
    </control>
    <control controlID="94D7C840-C766-409D-969B-3F7DDF0D7036" controlTypeID="Label" x="107" y="74" w="219" h="19" zOrder="6">
      <font family="Segoe+UI" displayName="Segoe+UI" postScript="" weightStyle="Normal" weight="400" isBold="False" isItalic="False"/>
      <text>ParqueP%C3%B3lis+-+Jardim+Jos%C3%A9+de+Lemos</text>
      <lineSpacing>0</lineSpacing>
      <selectedIndex>-1</selectedIndex>
    </control>
    <control controlID="EFF83886-3BF4-4805-AC63-B430FFB654E6" controlTypeID="Label" x="10" y="94" w="8" h="19" zOrder="7">
      <font family="Segoe+UI" displayName="Segoe+UI" postScript="" weightStyle="Normal" weight="400" isBold="False" isItalic="False"/>
      <text>1</text>
      <lineSpacing>0</lineSpacing>
      <selectedIndex>-1</selectedIndex>
    </control>
    <control controlID="C1B621D7-EF2A-41EA-A4D4-32BF46C9DA22" controlTypeID="Label" x="244" y="91" w="78" h="43" zOrder="8">
      <font family="Segoe+UI" displayName="Segoe+UI" postScript="" weightStyle="Normal" weight="400" isBold="False" isItalic="False"/>
      <text>10km</text>
      <textColor>4278878072</textColor>
      <textSize>32</textSize>
      <lineSpacing>0</lineSpacing>
      <useDefaultTextSize>False</useDefaultTextSize>
      <selectedIndex>-1</selectedIndex>
    </control>
    <control controlID="87EAD43B-470E-4CCB-B36F-9FC92C58A6EA" controlTypeID="Shape" x="1" y="20" w="359" h="16" zOrder="9">
      <color>4293848814</color>
      <borderColor>4293585642</borderColor>
      <font family="Segoe+UI" displayName="Segoe+UI" postScript="" weightStyle="Normal" weight="400" isBold="False" isItalic="False"/>
      <textSize>14</textSize>
      <selectedIndex>-1</selectedIndex>
      <borderMode>[bmTop,bmBottom]</borderMode>
    </control>
    <control controlID="BA63239D-C25E-4DED-97A9-6DE671B2E6BE" controlTypeID="Shape" x="1" y="227" w="359" h="16" zOrder="10">
      <color>4293848814</color>
      <borderColor>4293585642</borderColor>
      <font family="Segoe+UI" displayName="Segoe+UI" postScript="" weightStyle="Normal" weight="400" isBold="False" isItalic="False"/>
      <textSize>14</textSize>
      <selectedIndex>-1</selectedIndex>
      <borderMode>[bmTop,bmBottom]</borderMode>
    </control>
    <control controlID="736BF586-9C64-4ED9-8AA4-4631A5DAB4F4" controlTypeID="Image" x="32" y="157" w="54" h="55" zOrder="11">
      <URL>FDBB829D8879B617F6BAB73FD7FC0758.JPG</URL>
    </control>
    <control controlID="82ED7BC4-957E-498E-8E10-B6E1BE3A9958" controlTypeID="Label" x="108" y="153" w="201" h="19" zOrder="12">
      <font family="Segoe+UI" displayName="Segoe+UI" postScript="" weightStyle="Normal" weight="400" isBold="False" isItalic="False"/>
      <text>ParqueP%C3%B3lis+-+Torre+de+Menagem</text>
      <lineSpacing>0</lineSpacing>
      <selectedIndex>-1</selectedIndex>
    </control>
    <control controlID="8240D6C7-C565-47F8-A98F-6A6A3EB72B86" controlTypeID="Label" x="11" y="173" w="8" h="19" zOrder="13">
      <font family="Segoe+UI" displayName="Segoe+UI" postScript="" weightStyle="Normal" weight="400" isBold="False" isItalic="False"/>
      <text>2</text>
      <lineSpacing>0</lineSpacing>
      <selectedIndex>-1</selectedIndex>
    </control>
    <control controlID="A2D26A8C-63D2-4B16-80E6-68F1F29AD9DE" controlTypeID="Label" x="245" y="170" w="78" h="43" zOrder="14">
      <font family="Segoe+UI" displayName="Segoe+UI" postScript="" weightStyle="Normal" weight="400" isBold="False" isItalic="False"/>
      <text>15km</text>
      <textColor>4278878072</textColor>
      <textSize>32</textSize>
      <lineSpacing>0</lineSpacing>
      <useDefaultTextSize>False</useDefaultTextSize>
      <selectedIndex>-1</selectedIndex>
    </control>
    <control controlID="EA044DBF-A9F3-4707-92A6-5BBC23A742D2" controlTypeID="Label" x="117" y="98" w="95" h="19" zOrder="15">
      <font family="Segoe+UI" displayName="Segoe+UI" postScript="" weightStyle="Normal" weight="400" isBold="False" isItalic="False"/>
      <text>Dia+31%2F05%2F2020</text>
      <lineSpacing>0</lineSpacing>
      <selectedIndex>-1</selectedIndex>
    </control>
    <control controlID="5D7CFFBC-027B-4BE9-A187-2F042655532D" controlTypeID="Label" x="139" y="115" w="43" h="19" zOrder="16">
      <font family="Segoe+UI" displayName="Segoe+UI" postScript="" weightStyle="Normal" weight="400" isBold="False" isItalic="False"/>
      <text>10%3A00H</text>
      <lineSpacing>0</lineSpacing>
      <selectedIndex>-1</selectedIndex>
    </control>
    <control controlID="328EB6EC-C44F-4A84-9D3A-7B7741425960" controlTypeID="Label" x="116" y="177" w="95" h="19" zOrder="17">
      <font family="Segoe+UI" displayName="Segoe+UI" postScript="" weightStyle="Normal" weight="400" isBold="False" isItalic="False"/>
      <text>Dia+01%2F06%2F2020</text>
      <lineSpacing>0</lineSpacing>
      <selectedIndex>-1</selectedIndex>
    </control>
    <control controlID="139CD027-D315-4337-9AC7-B4B5C9A72F40" controlTypeID="Label" x="138" y="194" w="43" h="19" zOrder="18">
      <font family="Segoe+UI" displayName="Segoe+UI" postScript="" weightStyle="Normal" weight="400" isBold="False" isItalic="False"/>
      <text>12%3A00H</text>
      <lineSpacing>0</lineSpacing>
      <selectedIndex>-1</selectedIndex>
    </control>
    <control controlID="4EA43C42-DAC5-4CC3-85D6-1175DBDEDE39" controlTypeID="Label" x="11" y="253" w="90" h="19" zOrder="19">
      <font family="Segoe+UI" displayName="Segoe+UI" postScript="" weightStyle="Normal" weight="400" isBold="False" isItalic="False"/>
      <text>Provas+Futuras</text>
      <textColor>4281545523</textColor>
      <lineSpacing>0</lineSpacing>
      <selectedIndex>-1</selectedIndex>
    </control>
    <control controlID="A25C6712-435B-403A-B49C-2A4E8ABA8E6E" controlTypeID="Line" x="0" y="289" w="359" h="2" zOrder="20">
      <color>4293190884</color>
      <font family="Segoe+UI" displayName="Segoe+UI" postScript="" weightStyle="Normal" weight="400" isBold="False" isItalic="False"/>
      <textSize>14</textSize>
      <lineSpacing>0</lineSpacing>
      <selectedIndex>-1</selectedIndex>
      <controlPoint>(180,1)</controlPoint>
      <startPoint>(1,1)</startPoint>
      <endPoint>(359,1)</endPoint>
    </control>
    <control controlID="99F9FFE1-CCC5-466B-86FE-2DA87FE353F5" controlTypeID="Line" x="4" y="366" w="356" h="2" zOrder="21">
      <color>4293190884</color>
      <font family="Segoe+UI" displayName="Segoe+UI" postScript="" weightStyle="Normal" weight="400" isBold="False" isItalic="False"/>
      <textSize>14</textSize>
      <lineSpacing>0</lineSpacing>
      <selectedIndex>-1</selectedIndex>
      <controlPoint>(178,1)</controlPoint>
      <startPoint>(0,1)</startPoint>
      <endPoint>(356,1)</endPoint>
    </control>
    <control controlID="7B1CE835-D669-41A1-8DFC-8B7B75AFEE2B" controlTypeID="Image" x="32" y="302" w="54" h="55" zOrder="22">
      <URL>FDBB829D8879B617F6BAB73FD7FC0758.JPG</URL>
    </control>
    <control controlID="BB749A1E-D7CA-4A9F-80E0-93C87112BD56" controlTypeID="Label" x="108" y="298" w="219" h="19" zOrder="23">
      <font family="Segoe+UI" displayName="Segoe+UI" postScript="" weightStyle="Normal" weight="400" isBold="False" isItalic="False"/>
      <text>ParqueP%C3%B3lis+-+Jardim+Jos%C3%A9+de+Lemos</text>
      <lineSpacing>0</lineSpacing>
      <selectedIndex>-1</selectedIndex>
    </control>
    <control controlID="DC69779C-FA2C-40BC-A72B-52BA0DC46CD2" controlTypeID="Label" x="11" y="318" w="8" h="19" zOrder="24">
      <font family="Segoe+UI" displayName="Segoe+UI" postScript="" weightStyle="Normal" weight="400" isBold="False" isItalic="False"/>
      <text>1</text>
      <lineSpacing>0</lineSpacing>
      <selectedIndex>-1</selectedIndex>
    </control>
    <control controlID="7BF565D2-88A9-4250-A603-A1A6FE309773" controlTypeID="Label" x="144" y="318" w="38" h="27" zOrder="25">
      <font family="Segoe+UI" displayName="Segoe+UI" postScript="" weightStyle="Normal" weight="400" isBold="False" isItalic="False"/>
      <text>7km</text>
      <textColor>4278878072</textColor>
      <textSize>20</textSize>
      <lineSpacing>0</lineSpacing>
      <useDefaultTextSize>False</useDefaultTextSize>
      <selectedIndex>-1</selectedIndex>
    </control>
    <control controlID="9D39D424-FF49-43B5-B617-AAAC0F12363A" controlTypeID="Image" x="33" y="381" w="54" h="55" zOrder="26">
      <URL>FDBB829D8879B617F6BAB73FD7FC0758.JPG</URL>
    </control>
    <control controlID="E9E2FC86-9170-4828-BBC2-0A583F0193D5" controlTypeID="Label" x="12" y="397" w="8" h="19" zOrder="27">
      <font family="Segoe+UI" displayName="Segoe+UI" postScript="" weightStyle="Normal" weight="400" isBold="False" isItalic="False"/>
      <text>2</text>
      <lineSpacing>0</lineSpacing>
      <selectedIndex>-1</selectedIndex>
    </control>
    <control controlID="51976865-EBB8-4DDC-8DC0-3BEAC6FC19D6" controlTypeID="Label" x="109" y="343" w="118" h="19" zOrder="28">
      <font family="Segoe+UI" displayName="Segoe+UI" postScript="" weightStyle="Normal" weight="400" isBold="False" isItalic="False"/>
      <text>02+-+10+Junho+2020</text>
      <lineSpacing>0</lineSpacing>
      <selectedIndex>-1</selectedIndex>
    </control>
    <control controlID="845FDDB2-97D4-47CD-A7AD-04D0A2F20138" controlTypeID="Line" x="4" y="447" w="356" h="2" zOrder="29">
      <color>4293190884</color>
      <font family="Segoe+UI" displayName="Segoe+UI" postScript="" weightStyle="Normal" weight="400" isBold="False" isItalic="False"/>
      <textSize>14</textSize>
      <lineSpacing>0</lineSpacing>
      <selectedIndex>-1</selectedIndex>
      <controlPoint>(178,1)</controlPoint>
      <startPoint>(0,1)</startPoint>
      <endPoint>(356,1)</endPoint>
    </control>
    <control controlID="5B2C2D57-E40F-457D-8475-62858F649623" controlTypeID="Button" x="252" y="327" w="89" h="30" zOrder="30">
      <color>4278878072</color>
      <borderVisible>False</borderVisible>
      <font family="Segoe+UI" displayName="Segoe+UI" postScript="" weightStyle="Normal" weight="400" isBold="False" isItalic="False" useDefaultFontFamily="False"/>
      <text>Inscri%C3%A7%C3%A3o</text>
      <textColor>4294967295</textColor>
      <lineSpacing>0</lineSpacing>
      <selectedIndex>-1</selectedIndex>
      <radius>100</radius>
      <radiusIsPercent>True</radiusIsPercent>
    </control>
    <control controlID="FF3E3571-2338-40EE-92F0-BD6A1DD52754" controlTypeID="Image" x="34" y="382" w="54" h="55" zOrder="31">
      <URL>FDBB829D8879B617F6BAB73FD7FC0758.JPG</URL>
    </control>
    <control controlID="E3A0BD42-B98E-48A9-B7CA-4D2F58834D9C" controlTypeID="Label" x="146" y="398" w="49" h="27" zOrder="32">
      <font family="Segoe+UI" displayName="Segoe+UI" postScript="" weightStyle="Normal" weight="400" isBold="False" isItalic="False"/>
      <text>20km</text>
      <textColor>4278878072</textColor>
      <textSize>20</textSize>
      <lineSpacing>0</lineSpacing>
      <useDefaultTextSize>False</useDefaultTextSize>
      <selectedIndex>-1</selectedIndex>
    </control>
    <control controlID="0FA6ECCF-A7D1-465A-BA73-08C6F3A676CD" controlTypeID="Label" x="111" y="423" w="118" h="19" zOrder="33">
      <font family="Segoe+UI" displayName="Segoe+UI" postScript="" weightStyle="Normal" weight="400" isBold="False" isItalic="False"/>
      <text>02+-+10+Junho+2020</text>
      <lineSpacing>0</lineSpacing>
      <selectedIndex>-1</selectedIndex>
    </control>
    <control controlID="8EC93BEF-50A0-42B4-824B-DCB34CA25766" controlTypeID="Button" x="254" y="407" w="89" h="30" zOrder="34">
      <color>4278878072</color>
      <borderVisible>False</borderVisible>
      <font family="Segoe+UI" displayName="Segoe+UI" postScript="" weightStyle="Normal" weight="400" isBold="False" isItalic="False" useDefaultFontFamily="False"/>
      <text>Inscri%C3%A7%C3%A3o</text>
      <textColor>4294967295</textColor>
      <lineSpacing>0</lineSpacing>
      <selectedIndex>-1</selectedIndex>
      <radius>100</radius>
      <radiusIsPercent>True</radiusIsPercent>
    </control>
    <control controlID="A96D80E2-7EDB-4C7E-8EDF-A31449A98349" controlTypeID="Label" x="111" y="377" w="219" h="19" zOrder="35">
      <font family="Segoe+UI" displayName="Segoe+UI" postScript="" weightStyle="Normal" weight="400" isBold="False" isItalic="False"/>
      <text>ParqueP%C3%B3lis+-+Jardim+Jos%C3%A9+de+Lemos</text>
      <lineSpacing>0</lineSpacing>
      <selectedIndex>-1</selectedIndex>
    </control>
    <control controlID="4444537E-499A-469C-BC29-F1D7BDADBB53" controlTypeID="Shape" x="9" y="72" w="346" h="62" zOrder="36">
      <color>16777215</color>
      <borderVisible>False</borderVisible>
      <links eventType="AtClick" animate="AmNone" animateAutoDelay="0" animateDuration="500">
        <link targetPageID="B8678943-7BE8-4FFC-91B9-2C25B63935DE" linkType="ltPageLink" isApplyIncludePage="False" title="Inicio">
          <area shape="0" alt="" ID="{7F06B6C6-1AEF-4FFB-8118-356FC097F4F6}" coords="(0,0,346,62)"/>
        </link>
      </links>
      <font family="Segoe+UI" displayName="Segoe+UI" postScript="" weightStyle="Normal" weight="400" isBold="False" isItalic="False"/>
      <textSize>14</textSize>
      <selectedIndex>-1</selectedIndex>
    </control>
    <control controlID="C57FB04E-B791-4FAF-922C-7E5670E66607" controlTypeID="Shape" x="9" y="151" w="346" h="62" zOrder="37">
      <color>16777215</color>
      <borderVisible>False</borderVisible>
      <links eventType="AtClick" animate="AmNone" animateAutoDelay="0" animateDuration="500">
        <link targetPageID="6CD67606-200C-485F-A67F-B495EEAF22F6" linkType="ltPageLink" isApplyIncludePage="False" title="Inicio2">
          <area shape="0" alt="" ID="{7F06B6C6-1AEF-4FFB-8118-356FC097F4F6}" coords="(0,0,346,62)"/>
        </link>
      </links>
      <font family="Segoe+UI" displayName="Segoe+UI" postScript="" weightStyle="Normal" weight="400" isBold="False" isItalic="False"/>
      <textSize>14</textSize>
      <selectedIndex>-1</selectedIndex>
    </control>
  </controls>
  <param>
    <backgroundColor>4294967295</backgroundColor>
    <fontSize>14</fontSize>
    <fontFamily>Segoe+UI</fontFamily>
    <guideLines/>
  </param>
</mockup>