﻿<mockup version="5.3" minAllowVersion="5.3" ID="6999A056-9EC0-419C-964A-BAC2E1520B9B" platform="MtMobile" defaultW="360" defaultH="640" screenOrientation="MoPortrait" mobileScreenScale="1.77777779102325" measureW="360" measureH="640" clipArea="(0,0,0,0)">
  <controls controlCount="70">
    <control controlID="54D6A8F7-D5AA-449D-9239-2F28762FE126" controlTypeID="StatusBar(Android)" x="0" y="0" w="360" h="20" zOrder="0"/>
    <control controlID="ADA33B0C-2746-492A-97EB-7F000A8C3F18" controlTypeID="Shape" x="0" y="534" w="360" h="58" zOrder="1">
      <color>4281743437</color>
      <borderVisible>False</borderVisible>
      <font family="Segoe+UI" displayName="Segoe+UI" postScript="" weightStyle="Normal" weight="400" isBold="False" isItalic="False"/>
      <textSize>14</textSize>
      <selectedIndex>-1</selectedIndex>
    </control>
    <control controlID="AE67CC85-E825-43C4-A0AF-2CF9419330F6" controlTypeID="Shape" x="0" y="19" w="360" h="58" zOrder="2">
      <color>4281743437</color>
      <borderVisible>False</borderVisible>
      <font family="Segoe+UI" displayName="Segoe+UI" postScript="" weightStyle="Normal" weight="400" isBold="False" isItalic="False"/>
      <textSize>14</textSize>
      <selectedIndex>-1</selectedIndex>
    </control>
    <control controlID="82E1B42A-DCE1-43CD-B572-662E8AFD4979" controlTypeID="CircleProgressBar" x="304" y="28" w="39" h="39" zOrder="3">
      <font family="Segoe+UI" displayName="Segoe+UI+It%C3%A1lico" postScript="" weightStyle="It%C3%A1lico" weight="400" isBold="False" isItalic="True"/>
      <text>CircleProgressBar</text>
      <textColor>4294967295</textColor>
      <textSize>14</textSize>
      <lineSpacing>0</lineSpacing>
      <textStyles>[fsItalic]</textStyles>
      <selectedIndex>-1</selectedIndex>
      <value>0</value>
      <indicatorColor>4278242406</indicatorColor>
      <trackColor>4294967295</trackColor>
    </control>
    <control controlID="6680785A-F7CD-4D3F-908A-4D6846CB04FA" controlTypeID="Map" x="0" y="77" w="360" h="269" zOrder="4">
      <isShow>False</isShow>
    </control>
    <control controlID="9A2292DF-DF3F-4D10-AF4F-1A94AFEB6644" controlTypeID="Icon" x="332" y="163" w="24" h="24" zOrder="5">
      <color>4278190080</color>
      <icon>
        <ID/>
        <iconFontName>jdFontAwesome</iconFontName>
        <iconCode>61725</iconCode>
      </icon>
      <URL>7A14F1252E9096503D7E7D0CF3F4F8A4.svg</URL>
    </control>
    <control controlID="4CC486F5-0B3F-4BB4-84F8-946893DC8DC7" controlTypeID="Label" x="63" y="34" w="67" h="28" zOrder="6">
      <isAutoSize>False</isAutoSize>
      <font family="Segoe+UI" displayName="Segoe+UI_%26_Bold" postScript="" weightStyle="Bold" weight="700" isBold="True" isItalic="False"/>
      <text>Tempo+%3A</text>
      <textColor>4294967295</textColor>
      <textVAlign>VaTop</textVAlign>
      <lineSpacing>0</lineSpacing>
      <textStyles>[fsBold]</textStyles>
      <useDefaultTextSize>False</useDefaultTextSize>
      <selectedIndex>-1</selectedIndex>
    </control>
    <control controlID="C8E136B3-E9D4-4CAB-85FD-8D7B9C9D64DF" controlTypeID="Icon" x="18" y="30" w="34" h="34" zOrder="7">
      <color>4294967295</color>
      <icon>
        <ID/>
        <iconFontName>jdIonicons</iconFontName>
        <iconCode>62062</iconCode>
      </icon>
      <URL>8D87F0B6E067D29DE1E9AC9BADB84F13.svg</URL>
    </control>
    <control controlID="180C52BE-F247-4475-8190-4D50BE45E74D" controlTypeID="Shape" x="131" y="26" w="51" h="43" zOrder="8">
      <font family="Segoe+UI" displayName="Segoe+UI+It%C3%A1lico" postScript="" weightStyle="It%C3%A1lico" weight="400" isBold="False" isItalic="True"/>
      <textSize>14</textSize>
      <textStyles>[fsItalic]</textStyles>
      <selectedIndex>-1</selectedIndex>
      <radius>4</radius>
    </control>
    <control controlID="EF57E327-5474-4054-80B4-3ED62FAE6D05" controlTypeID="Shape" x="210" y="26" w="51" h="43" zOrder="9">
      <font family="Segoe+UI" displayName="Segoe+UI+It%C3%A1lico" postScript="" weightStyle="It%C3%A1lico" weight="400" isBold="False" isItalic="True"/>
      <textSize>14</textSize>
      <textStyles>[fsItalic]</textStyles>
      <selectedIndex>-1</selectedIndex>
      <radius>4</radius>
    </control>
    <control controlID="E25F3A9B-A789-4440-A388-46ECD8C62B86" controlTypeID="Label" x="184" y="36" w="26" h="22" zOrder="10">
      <isAutoSize>False</isAutoSize>
      <font family="Segoe+UI" displayName="Segoe+UI_%26_Bold" postScript="" weightStyle="Bold" weight="700" isBold="True" isItalic="False"/>
      <text>H+%3A</text>
      <textColor>4294967295</textColor>
      <textSize>16</textSize>
      <textVAlign>VaTop</textVAlign>
      <lineSpacing>0</lineSpacing>
      <textStyles>[fsBold]</textStyles>
      <useDefaultTextSize>False</useDefaultTextSize>
      <selectedIndex>-1</selectedIndex>
    </control>
    <control controlID="1C5175FE-2117-420D-9949-C06041525AE2" controlTypeID="Label" x="264" y="36" w="26" h="22" zOrder="11">
      <isAutoSize>False</isAutoSize>
      <font family="Segoe+UI" displayName="Segoe+UI_%26_Bold" postScript="" weightStyle="Bold" weight="700" isBold="True" isItalic="False"/>
      <text>M</text>
      <textColor>4294967295</textColor>
      <textSize>16</textSize>
      <textVAlign>VaTop</textVAlign>
      <lineSpacing>0</lineSpacing>
      <textStyles>[fsBold]</textStyles>
      <useDefaultTextSize>False</useDefaultTextSize>
      <selectedIndex>-1</selectedIndex>
    </control>
    <control controlID="9044A6E3-7AC6-44D2-AFE5-AF22336952B4" controlTypeID="Label" x="141" y="27" w="32" h="38" zOrder="12">
      <font family="Segoe+UI" displayName="Segoe+UI_%26_Bold" postScript="" weightStyle="Bold" weight="700" isBold="True" isItalic="False"/>
      <text>00</text>
      <textSize>28</textSize>
      <textVAlign>VaTop</textVAlign>
      <lineSpacing>0</lineSpacing>
      <textStyles>[fsBold]</textStyles>
      <useDefaultTextSize>False</useDefaultTextSize>
      <selectedIndex>-1</selectedIndex>
    </control>
    <control controlID="727EDE7A-E7FE-406A-9C14-95BB79E88CC1" controlTypeID="Label" x="220" y="27" w="32" h="38" zOrder="13">
      <font family="Segoe+UI" displayName="Segoe+UI_%26_Bold" postScript="" weightStyle="Bold" weight="700" isBold="True" isItalic="False"/>
      <text>00</text>
      <textSize>28</textSize>
      <textVAlign>VaTop</textVAlign>
      <lineSpacing>0</lineSpacing>
      <textStyles>[fsBold]</textStyles>
      <useDefaultTextSize>False</useDefaultTextSize>
      <selectedIndex>-1</selectedIndex>
    </control>
    <control controlID="56FACEBD-4C08-4D24-81A0-8439538B81C7" controlTypeID="Icon" x="103" y="146" w="19" h="19" zOrder="14">
      <color>4278242406</color>
      <icon>
        <ID/>
        <iconFontName>jdIonicons</iconFontName>
        <iconCode>61951</iconCode>
      </icon>
      <URL>272406045191EFD41262383E38074218.svg</URL>
    </control>
    <control controlID="8F415C46-6A4D-43F0-A089-4741B34D7991" controlTypeID="Icon" x="302" y="252" w="29" h="29" zOrder="15">
      <color>4294940928</color>
      <icon>
        <ID/>
        <iconFontName>jdIonicons</iconFontName>
        <iconCode>61951</iconCode>
      </icon>
      <URL>272406045191EFD41262383E38074218.svg</URL>
    </control>
    <control controlID="6E8BCA50-DE7B-493C-8D5C-D3932A4AD120" controlTypeID="Icon" x="48" y="145" w="18" h="18" zOrder="16">
      <color>4294901760</color>
      <icon>
        <ID/>
        <iconFontName>jdIonicons</iconFontName>
        <iconCode>61951</iconCode>
      </icon>
      <URL>272406045191EFD41262383E38074218.svg</URL>
    </control>
    <control controlID="EE3FB0FF-C614-4857-939A-43EFF4CBAB07" controlTypeID="Shape" x="0" y="346" w="360" h="47" zOrder="17">
      <color>4288782753</color>
      <borderVisible>False</borderVisible>
      <font family="Segoe+UI" displayName="Segoe+UI+It%C3%A1lico" postScript="" weightStyle="It%C3%A1lico" weight="400" isBold="False" isItalic="True"/>
      <textSize>14</textSize>
      <textStyles>[fsItalic]</textStyles>
      <selectedIndex>-1</selectedIndex>
    </control>
    <control controlID="3C44BE2C-ABE8-4C39-9E5F-D662F125889C" controlTypeID="Icon" x="37" y="358" w="29" h="29" zOrder="18">
      <color>4278229503</color>
      <icon>
        <ID/>
        <iconFontName>jdIonicons</iconFontName>
        <iconCode>61951</iconCode>
      </icon>
      <URL>272406045191EFD41262383E38074218.svg</URL>
    </control>
    <control controlID="4AF0925D-F544-4226-BF41-6B9743945A08" controlTypeID="Label" x="73" y="358" w="108" h="27" zOrder="19">
      <font family="Segoe+UI" displayName="Segoe+UI+It%C3%A1lico" postScript="" weightStyle="It%C3%A1lico" weight="400" isBold="False" isItalic="True"/>
      <text>Corrida+4km</text>
      <textSize>20</textSize>
      <textVAlign>VaTop</textVAlign>
      <lineSpacing>0</lineSpacing>
      <textStyles>[fsItalic]</textStyles>
      <useDefaultTextSize>False</useDefaultTextSize>
      <selectedIndex>-1</selectedIndex>
    </control>
    <control controlID="4884D903-7319-40E1-88AE-147E060615F7" controlTypeID="Line" x="2" y="393" w="356" h="1" zOrder="20">
      <font family="Segoe+UI" displayName="Segoe+UI+It%C3%A1lico" postScript="" weightStyle="It%C3%A1lico" weight="400" isBold="False" isItalic="True"/>
      <textSize>14</textSize>
      <lineSpacing>0</lineSpacing>
      <textStyles>[fsItalic]</textStyles>
      <selectedIndex>-1</selectedIndex>
      <controlPoint>(178,0)</controlPoint>
      <startPoint>(0,0)</startPoint>
      <endPoint>(356,0)</endPoint>
    </control>
    <control controlID="8C66C56B-0157-4460-B944-2F37DAA27B88" controlTypeID="Line" x="2" y="441" w="356" h="1" zOrder="21">
      <font family="Segoe+UI" displayName="Segoe+UI+It%C3%A1lico" postScript="" weightStyle="It%C3%A1lico" weight="400" isBold="False" isItalic="True"/>
      <textSize>14</textSize>
      <lineSpacing>0</lineSpacing>
      <textStyles>[fsItalic]</textStyles>
      <selectedIndex>-1</selectedIndex>
      <controlPoint>(178,0)</controlPoint>
      <startPoint>(0,0)</startPoint>
      <endPoint>(356,0)</endPoint>
    </control>
    <control controlID="655BACE2-65C3-4329-8E4E-89BAE1DA29EE" controlTypeID="Icon" x="36" y="402" w="29" h="29" zOrder="22">
      <color>4294901760</color>
      <icon>
        <ID/>
        <iconFontName>jdIonicons</iconFontName>
        <iconCode>61951</iconCode>
      </icon>
      <URL>272406045191EFD41262383E38074218.svg</URL>
    </control>
    <control controlID="AD919D38-AC2F-47E2-A44A-D8513F6353B8" controlTypeID="Line" x="3" y="488" w="356" h="1" zOrder="23">
      <font family="Segoe+UI" displayName="Segoe+UI+It%C3%A1lico" postScript="" weightStyle="It%C3%A1lico" weight="400" isBold="False" isItalic="True"/>
      <textSize>14</textSize>
      <lineSpacing>0</lineSpacing>
      <textStyles>[fsItalic]</textStyles>
      <selectedIndex>-1</selectedIndex>
      <controlPoint>(178,0)</controlPoint>
      <startPoint>(0,0)</startPoint>
      <endPoint>(356,0)</endPoint>
    </control>
    <control controlID="FB48AF24-1CA1-4E90-8461-C0939E0CFE89" controlTypeID="Icon" x="36" y="449" w="29" h="29" zOrder="24">
      <color>4281571584</color>
      <icon>
        <ID/>
        <iconFontName>jdIonicons</iconFontName>
        <iconCode>61951</iconCode>
      </icon>
      <URL>272406045191EFD41262383E38074218.svg</URL>
    </control>
    <control controlID="766ED8CD-AF32-4EF5-BB68-129D30FBA96E" controlTypeID="Icon" x="37" y="499" w="29" h="29" zOrder="25">
      <color>4288217343</color>
      <icon>
        <ID/>
        <iconFontName>jdIonicons</iconFontName>
        <iconCode>61951</iconCode>
      </icon>
      <URL>272406045191EFD41262383E38074218.svg</URL>
    </control>
    <control controlID="2CCDC577-DC4B-4119-88B4-68794E61C404" controlTypeID="Label" x="9" y="358" w="20" h="27" zOrder="26">
      <font family="Segoe+UI" displayName="Segoe+UI+It%C3%A1lico" postScript="" weightStyle="It%C3%A1lico" weight="400" isBold="False" isItalic="True"/>
      <text>1%C2%BA</text>
      <textSize>20</textSize>
      <textVAlign>VaTop</textVAlign>
      <lineSpacing>0</lineSpacing>
      <textStyles>[fsItalic]</textStyles>
      <useDefaultTextSize>False</useDefaultTextSize>
      <selectedIndex>-1</selectedIndex>
    </control>
    <control controlID="E0942FE8-EFCD-435A-83BA-A1E406AFD898" controlTypeID="Label" x="9" y="404" w="20" h="27" zOrder="27">
      <font family="Segoe+UI" displayName="Segoe+UI+It%C3%A1lico" postScript="" weightStyle="It%C3%A1lico" weight="400" isBold="False" isItalic="True"/>
      <text>2%C2%BA</text>
      <textSize>20</textSize>
      <textVAlign>VaTop</textVAlign>
      <lineSpacing>0</lineSpacing>
      <textStyles>[fsItalic]</textStyles>
      <useDefaultTextSize>False</useDefaultTextSize>
      <selectedIndex>-1</selectedIndex>
    </control>
    <control controlID="B818360B-3556-4D71-A909-415D7EEF4B15" controlTypeID="Label" x="8" y="450" w="20" h="27" zOrder="28">
      <font family="Segoe+UI" displayName="Segoe+UI+It%C3%A1lico" postScript="" weightStyle="It%C3%A1lico" weight="400" isBold="False" isItalic="True"/>
      <text>3%C2%BA</text>
      <textSize>20</textSize>
      <textVAlign>VaTop</textVAlign>
      <lineSpacing>0</lineSpacing>
      <textStyles>[fsItalic]</textStyles>
      <useDefaultTextSize>False</useDefaultTextSize>
      <selectedIndex>-1</selectedIndex>
    </control>
    <control controlID="4EE058BE-25F2-42B2-9F54-CCA542F98F82" controlTypeID="Label" x="8" y="497" w="20" h="27" zOrder="29">
      <font family="Segoe+UI" displayName="Segoe+UI+It%C3%A1lico" postScript="" weightStyle="It%C3%A1lico" weight="400" isBold="False" isItalic="True"/>
      <text>4%C2%BA</text>
      <textSize>20</textSize>
      <textVAlign>VaTop</textVAlign>
      <lineSpacing>0</lineSpacing>
      <textStyles>[fsItalic]</textStyles>
      <useDefaultTextSize>False</useDefaultTextSize>
      <selectedIndex>-1</selectedIndex>
    </control>
    <control controlID="918AF3C0-D423-41F9-86A5-15B5FDAFE74D" controlTypeID="Label" x="230" y="159" w="37" h="19" zOrder="30">
      <isAutoSize>False</isAutoSize>
      <font family="Segoe+UI" displayName="Segoe+UI" postScript="" weightStyle="Normal" weight="400" isBold="False" isItalic="False"/>
      <text>Inicio</text>
      <textVAlign>VaTop</textVAlign>
      <lineSpacing>0</lineSpacing>
      <selectedIndex>-1</selectedIndex>
    </control>
    <control controlID="A6925279-7267-45BB-A747-E30218131A1B" controlTypeID="Label" x="315" y="183" w="37" h="19" zOrder="31">
      <isAutoSize>False</isAutoSize>
      <font family="Segoe+UI" displayName="Segoe+UI" postScript="" weightStyle="Normal" weight="400" isBold="False" isItalic="False"/>
      <text>Fim</text>
      <textVAlign>VaTop</textVAlign>
      <lineSpacing>0</lineSpacing>
      <selectedIndex>-1</selectedIndex>
    </control>
    <control controlID="24BF9584-DA97-4995-9342-4E83F29013A4" controlTypeID="CheckBox" x="322" y="356" w="26" h="26" zOrder="32">
      <states>
        <state propName="BorderColor" stateType="state_mouseOver" isChecked="True" value="4278190080" varType="20"/>
      </states>
      <borderColor>4281545523</borderColor>
      <font family="Segoe+UI" displayName="Segoe+UI+It%C3%A1lico" postScript="" weightStyle="It%C3%A1lico" weight="400" isBold="False" isItalic="True"/>
      <textVAlign>VaTop</textVAlign>
      <lineSpacing>0</lineSpacing>
      <textStyles>[fsItalic]</textStyles>
      <selectedIndex>-1</selectedIndex>
      <state>MfSelectedAndDisabled</state>
      <size>26</size>
    </control>
    <control controlID="8DB47729-5E46-4596-9648-A8749731EBA3" controlTypeID="CheckBox" x="322" y="405" w="26" h="26" zOrder="33">
      <font family="Segoe+UI" displayName="Segoe+UI+It%C3%A1lico" postScript="" weightStyle="It%C3%A1lico" weight="400" isBold="False" isItalic="True"/>
      <textVAlign>VaTop</textVAlign>
      <lineSpacing>0</lineSpacing>
      <textStyles>[fsItalic]</textStyles>
      <selectedIndex>-1</selectedIndex>
      <state>MfEnabled</state>
      <size>26</size>
    </control>
    <control controlID="973D31D2-D60A-44A7-B7B7-B2B57A39AF23" controlTypeID="CheckBox" x="322" y="451" w="26" h="26" zOrder="34">
      <font family="Segoe+UI" displayName="Segoe+UI+It%C3%A1lico" postScript="" weightStyle="It%C3%A1lico" weight="400" isBold="False" isItalic="True"/>
      <textVAlign>VaTop</textVAlign>
      <lineSpacing>0</lineSpacing>
      <textStyles>[fsItalic]</textStyles>
      <selectedIndex>-1</selectedIndex>
      <state>MfDisabled</state>
      <size>26</size>
    </control>
    <control controlID="52007C64-C6A5-47AC-92BB-A93AA5635B31" controlTypeID="CheckBox" x="322" y="497" w="26" h="26" zOrder="35">
      <font family="Segoe+UI" displayName="Segoe+UI+It%C3%A1lico" postScript="" weightStyle="It%C3%A1lico" weight="400" isBold="False" isItalic="True"/>
      <textVAlign>VaTop</textVAlign>
      <lineSpacing>0</lineSpacing>
      <textStyles>[fsItalic]</textStyles>
      <selectedIndex>-1</selectedIndex>
      <state>MfDisabled</state>
      <size>26</size>
    </control>
    <control controlID="11E23D1C-A4C8-48CC-A51A-F4E363A9D398" controlTypeID="Icon" x="319" y="80" w="29" h="29" zOrder="36">
      <color>4294940928</color>
      <icon>
        <ID/>
        <iconFontName>jdIonicons</iconFontName>
        <iconCode>61951</iconCode>
      </icon>
      <URL>272406045191EFD41262383E38074218.svg</URL>
    </control>
    <control controlID="8C249F4E-9ACF-4203-BA84-7A08554979A6" controlTypeID="Button" x="93" y="544" w="162" h="38" zOrder="37">
      <links eventType="AtClick" animate="AmNone" animateAutoDelay="0" animateDuration="500">
        <link targetPageID="1EF30584-B065-4E27-A617-E869508A457A" linkType="ltPageLink" isApplyIncludePage="False" title="Detalhes">
          <area shape="0" alt="" ID="{9E6A1630-E3F1-4374-B0A6-2C344817323B}" coords="(0,0,162,38)"/>
        </link>
      </links>
      <font family="Segoe+UI" displayName="Segoe+UI" postScript="" weightStyle="Normal" weight="400" isBold="False" isItalic="False"/>
      <text>Iniciar+Exerc%C3%ADcio+1</text>
      <lineSpacing>0</lineSpacing>
      <selectedIndex>-1</selectedIndex>
    </control>
    <control controlID="F128C39A-6CA9-4216-9C99-0FCF6168D691" controlTypeID="Label" x="75" y="404" w="129" h="27" zOrder="38">
      <font family="Segoe+UI" displayName="Segoe+UI+It%C3%A1lico" postScript="" weightStyle="It%C3%A1lico" weight="400" isBold="False" isItalic="True"/>
      <text>walking+lunges</text>
      <textSize>20</textSize>
      <textVAlign>VaTop</textVAlign>
      <lineSpacing>0</lineSpacing>
      <textStyles>[fsItalic]</textStyles>
      <useDefaultTextSize>False</useDefaultTextSize>
      <selectedIndex>-1</selectedIndex>
    </control>
    <control controlID="423E9F10-3DBF-45AC-A13A-31C984A41E3F" controlTypeID="Label" x="76" y="451" w="59" h="27" zOrder="39">
      <font family="Segoe+UI" displayName="Segoe+UI+It%C3%A1lico" postScript="" weightStyle="It%C3%A1lico" weight="400" isBold="False" isItalic="True"/>
      <text>Sprints</text>
      <textSize>20</textSize>
      <textVAlign>VaTop</textVAlign>
      <lineSpacing>0</lineSpacing>
      <textStyles>[fsItalic]</textStyles>
      <useDefaultTextSize>False</useDefaultTextSize>
      <selectedIndex>-1</selectedIndex>
    </control>
    <control controlID="86502DE1-AACE-49FF-B3C2-A4C63FC7F64E" controlTypeID="Label" x="76" y="496" w="91" h="27" zOrder="40">
      <font family="Segoe+UI" displayName="Segoe+UI+It%C3%A1lico" postScript="" weightStyle="It%C3%A1lico" weight="400" isBold="False" isItalic="True"/>
      <text>Exercicio+4</text>
      <textSize>20</textSize>
      <textVAlign>VaTop</textVAlign>
      <lineSpacing>0</lineSpacing>
      <textStyles>[fsItalic]</textStyles>
      <useDefaultTextSize>False</useDefaultTextSize>
      <selectedIndex>-1</selectedIndex>
    </control>
    <control controlID="E0379B93-DABB-4A13-876E-1EDF9417CD2E" controlTypeID="__group__" x="0" y="592" w="360" h="47" zOrder="41">
      <groupChildrenDescriptors>
        <control controlID="164AFF15-C90D-4B63-A2C3-641A0A9E89B0" controlTypeID="Shape" x="0" y="0" w="360" h="47" zOrder="0">
          <borderColor>4293190884</borderColor>
          <font family="Arial" displayName="Arial" postScript="" weightStyle="Normal" weight="400" isBold="False" isItalic="False"/>
          <textSize>14</textSize>
          <selectedIndex>-1</selectedIndex>
          <borderMode>[bmTop]</borderMode>
        </control>
        <control controlID="83BCD180-AAD3-40CF-BDEB-30A4102EE689" controlTypeID="IconLabel2" x="39" y="6" w="29" h="37" zOrder="1">
          <links eventType="AtClick" animate="AmNone" animateAutoDelay="0" animateDuration="500">
            <link targetPageID="47DF6902-A4A6-40A5-AD54-ABDE4E8ABF98" linkType="ltPageLink" isApplyIncludePage="False" title="Dados+Pessoais">
              <area shape="0" alt="" ID="{71CC6B0E-EEC5-4B07-ADEB-B12570829D7A}" coords="(0,0,29,37)"/>
            </link>
          </links>
          <groupChildrenDescriptors>
            <control controlID="F343EBE1-54E3-4B46-AE4D-11B0EDB3B0D6" controlTypeID="Shape" x="4" y="0" w="20" h="20" zOrder="0">
              <canMove>False</canMove>
              <alias>shape</alias>
              <font family="Arial" displayName="Arial" postScript="" weightStyle="Normal" weight="400" isBold="False" isItalic="False"/>
              <textSize>14</textSize>
              <selectedIndex>-1</selectedIndex>
            </control>
            <control controlID="DF22922E-9563-45FB-B3B0-B195491A7EEE" controlTypeID="Icon" x="4" y="0" w="20" h="20" zOrder="1">
              <color>4288256409</color>
              <canMove>False</canMove>
              <alias>icon</alias>
              <icon>
                <ID/>
                <iconFontName>jdIonicons</iconFontName>
                <iconCode>62368</iconCode>
              </icon>
              <URL>B91434690C5B5224D1CC6B1998F1178A.svg</URL>
            </control>
            <control controlID="F044F21F-9B23-4E29-AF84-2AEA2E86E4BB" controlTypeID="Label" x="2" y="24" w="25" h="13" zOrder="2">
              <canMove>False</canMove>
              <alias>label</alias>
              <font family="Arial" displayName="Arial" postScript="" weightStyle="Normal" weight="400" isBold="False" isItalic="False"/>
              <text>Perfil</text>
              <textColor>4284900966</textColor>
              <textSize>11</textSize>
              <textAlign>HaCenter</textAlign>
              <lineSpacing>0</lineSpacing>
              <useDefaultTextSize>False</useDefaultTextSize>
              <selectedIndex>-1</selectedIndex>
            </control>
            <control controlID="A2F4F469-9D11-4439-8703-8FC90372BE60" controlTypeID="Shape" x="16" y="0" w="13" h="12" zOrder="3">
              <color>4294901760</color>
              <borderVisible>False</borderVisible>
              <canMove>False</canMove>
              <alias>alarm</alias>
              <font family="Arial" displayName="Arial" postScript="" weightStyle="Normal" weight="400" isBold="False" isItalic="False"/>
              <text>2</text>
              <textColor>4294967295</textColor>
              <textSize>7</textSize>
              <selectedIndex>-1</selectedIndex>
              <radius>100</radius>
              <radiusIsPercent>True</radiusIsPercent>
            </control>
          </groupChildrenDescriptors>
          <iconSize>20</iconSize>
        </control>
        <control controlID="3177B6B8-B325-4718-9E8D-536643976FF1" controlTypeID="IconLabel2" x="119" y="6" w="43" h="37" zOrder="2">
          <links eventType="AtClick" animate="AmNone" animateAutoDelay="0" animateDuration="500">
            <link targetPageID="0CD01DE1-6CBF-4CFA-86A6-3DCA15FE03D6" linkType="ltPageLink" isApplyIncludePage="False" title="Cidades+de+Portugal">
              <area shape="0" alt="" ID="{7CCF5DE8-A19A-482A-9CA0-E89D7947A342}" coords="(0,0,43,37)"/>
            </link>
          </links>
          <groupChildrenDescriptors>
            <control controlID="5C18986D-007E-47B0-8EB0-3E66691D8FF1" controlTypeID="Shape" x="12" y="0" w="20" h="20" zOrder="0">
              <canMove>False</canMove>
              <alias>shape</alias>
              <font family="Arial" displayName="Arial" postScript="" weightStyle="Normal" weight="400" isBold="False" isItalic="False"/>
              <textSize>14</textSize>
              <selectedIndex>-1</selectedIndex>
            </control>
            <control controlID="9F1F5888-0FDD-47C2-901E-7F693EE4D70B" controlTypeID="Icon" x="12" y="0" w="20" h="20" zOrder="1">
              <color>4278190080</color>
              <canMove>False</canMove>
              <alias>icon</alias>
              <icon>
                <ID/>
                <iconFontName>jdIcoMoonFree</iconFontName>
                <iconCode>59826</iconCode>
              </icon>
              <URL>9971C54B10DB4FB36C582D891537A230.svg</URL>
            </control>
            <control controlID="50E908BA-CFF1-4ED9-BDF8-CB3392A96B67" controlTypeID="Label" x="2" y="24" w="39" h="13" zOrder="2">
              <canMove>False</canMove>
              <alias>label</alias>
              <font family="Arial" displayName="Arial_%26_Bold" postScript="" weightStyle="Bold" weight="700" isBold="True" isItalic="False"/>
              <text>Treinos</text>
              <textSize>11</textSize>
              <textAlign>HaCenter</textAlign>
              <lineSpacing>0</lineSpacing>
              <textStyles>[fsBold]</textStyles>
              <useDefaultTextSize>False</useDefaultTextSize>
              <selectedIndex>-1</selectedIndex>
            </control>
            <control controlID="EA2BF97E-961A-44B1-9CD8-92002BD4D19B" controlTypeID="Shape" x="30" y="0" w="13" h="12" zOrder="3">
              <color>4294901760</color>
              <borderVisible>False</borderVisible>
              <canMove>False</canMove>
              <alias>alarm</alias>
              <font family="Arial" displayName="Arial" postScript="" weightStyle="Normal" weight="400" isBold="False" isItalic="False"/>
              <text>2</text>
              <textColor>4294967295</textColor>
              <textSize>7</textSize>
              <selectedIndex>-1</selectedIndex>
              <radius>100</radius>
              <radiusIsPercent>True</radiusIsPercent>
            </control>
          </groupChildrenDescriptors>
          <iconSize>20</iconSize>
        </control>
        <control controlID="00CDF99C-EC5E-4486-B681-9DF65FF26B5E" controlTypeID="IconLabel2" x="205" y="6" w="38" h="37" zOrder="3">
          <links eventType="AtClick" animate="AmNone" animateAutoDelay="0" animateDuration="500">
            <link targetPageID="E3A6CF55-D116-4715-B043-FC13DFD1E647" linkType="ltPageLink" isApplyIncludePage="False" title="Provas">
              <area shape="0" alt="" ID="{74B95BEC-644D-4076-9466-DA6658226A01}" coords="(0,0,38,37)"/>
            </link>
          </links>
          <groupChildrenDescriptors>
            <control controlID="9F9812DA-27DD-43BD-9283-3794B722D9E9" controlTypeID="Shape" x="9" y="0" w="20" h="20" zOrder="0">
              <canMove>False</canMove>
              <alias>shape</alias>
              <font family="Arial" displayName="Arial" postScript="" weightStyle="Normal" weight="400" isBold="False" isItalic="False"/>
              <textSize>14</textSize>
              <selectedIndex>-1</selectedIndex>
            </control>
            <control controlID="66E6A469-B303-4F93-98A6-61911FA7E261" controlTypeID="Icon" x="9" y="0" w="20" h="20" zOrder="1">
              <color>4288256409</color>
              <canMove>False</canMove>
              <alias>icon</alias>
              <icon>
                <ID/>
                <iconFontName>jdIcoFont</iconFontName>
                <iconCode>58986</iconCode>
              </icon>
              <URL>2119E1032635B58A9627C98AB304CEE8.svg</URL>
            </control>
            <control controlID="A1EFF53D-3258-47DF-8EA7-18926C18852B" controlTypeID="Label" x="2" y="24" w="34" h="13" zOrder="2">
              <canMove>False</canMove>
              <alias>label</alias>
              <font family="Arial" displayName="Arial" postScript="" weightStyle="Normal" weight="400" isBold="False" isItalic="False"/>
              <text>Provas</text>
              <textColor>4288256409</textColor>
              <textSize>11</textSize>
              <textAlign>HaCenter</textAlign>
              <lineSpacing>0</lineSpacing>
              <useDefaultTextSize>False</useDefaultTextSize>
              <selectedIndex>-1</selectedIndex>
            </control>
            <control controlID="2EBB1015-2965-4D9D-AC16-FAF2E1D73C39" controlTypeID="Shape" x="25" y="0" w="13" h="12" zOrder="3">
              <color>4294901760</color>
              <borderVisible>False</borderVisible>
              <canMove>False</canMove>
              <alias>alarm</alias>
              <font family="Arial" displayName="Arial" postScript="" weightStyle="Normal" weight="400" isBold="False" isItalic="False"/>
              <text>2</text>
              <textColor>4294967295</textColor>
              <textSize>7</textSize>
              <selectedIndex>-1</selectedIndex>
              <radius>100</radius>
              <radiusIsPercent>True</radiusIsPercent>
            </control>
          </groupChildrenDescriptors>
          <iconSize>20</iconSize>
        </control>
        <control controlID="5F487582-C093-49E1-AB1F-D54025B77A8C" controlTypeID="IconLabel2" x="281" y="6" w="47" h="37" zOrder="4">
          <links eventType="AtClick" animate="AmNone" animateAutoDelay="0" animateDuration="500">
            <link targetPageID="7AF88CE8-E1DF-4DBA-8762-50C026F1B446" linkType="ltPageLink" isApplyIncludePage="False" title="Hist%C3%B3rico+Atividades">
              <area shape="0" alt="" ID="{F31C76AA-3229-4CB2-AE09-CFB13D443951}" coords="(0,0,47,37)"/>
            </link>
          </links>
          <groupChildrenDescriptors>
            <control controlID="99BB4197-B7A5-44E8-B18A-D24482200B9F" controlTypeID="Shape" x="14" y="0" w="20" h="20" zOrder="0">
              <canMove>False</canMove>
              <alias>shape</alias>
              <font family="Arial" displayName="Arial" postScript="" weightStyle="Normal" weight="400" isBold="False" isItalic="False"/>
              <textSize>14</textSize>
              <selectedIndex>-1</selectedIndex>
            </control>
            <control controlID="8CA4D670-D3EE-473C-B7F1-329C2DD60D8A" controlTypeID="Icon" x="14" y="0" w="20" h="20" zOrder="1">
              <color>4288256409</color>
              <canMove>False</canMove>
              <alias>icon</alias>
              <icon>
                <ID/>
                <iconFontName>jdIonicons</iconFontName>
                <iconCode>62548</iconCode>
              </icon>
              <URL>7D4E13552F08995905B7F39F0FCA3415.svg</URL>
            </control>
            <control controlID="6B2A2EAA-ED64-44B8-BEEA-8A7E4961D66E" controlTypeID="Label" x="2" y="24" w="43" h="13" zOrder="2">
              <canMove>False</canMove>
              <alias>label</alias>
              <font family="Arial" displayName="Arial" postScript="" weightStyle="Normal" weight="400" isBold="False" isItalic="False"/>
              <text>Hist%C3%B3rico</text>
              <textColor>4288256409</textColor>
              <textSize>11</textSize>
              <textAlign>HaCenter</textAlign>
              <lineSpacing>0</lineSpacing>
              <useDefaultTextSize>False</useDefaultTextSize>
              <selectedIndex>-1</selectedIndex>
            </control>
            <control controlID="E78D3C63-B9E9-4408-B998-F0067FB30C9F" controlTypeID="Shape" x="34" y="0" w="13" h="12" zOrder="3">
              <color>4294901760</color>
              <borderVisible>False</borderVisible>
              <canMove>False</canMove>
              <alias>alarm</alias>
              <font family="Arial" displayName="Arial" postScript="" weightStyle="Normal" weight="400" isBold="False" isItalic="False"/>
              <text>2</text>
              <textColor>4294967295</textColor>
              <textSize>7</textSize>
              <selectedIndex>-1</selectedIndex>
              <radius>100</radius>
              <radiusIsPercent>True</radiusIsPercent>
            </control>
          </groupChildrenDescriptors>
          <iconSize>20</iconSize>
        </control>
      </groupChildrenDescriptors>
    </control>
    <control controlID="E796253A-1E32-483F-A404-656A606E0A02" controlTypeID="Image" x="0" y="75" w="360" h="271" zOrder="42">
      <URL>44F3A9030E1580DD364208B7A35F6929.JPG</URL>
    </control>
    <control controlID="CFD77A48-DC2F-475B-A9B3-3B5D2C2D4B7B" controlTypeID="Icon" x="218" y="124" w="19" h="19" zOrder="43">
      <color>4278229503</color>
      <icon>
        <ID/>
        <iconFontName>jdIonicons</iconFontName>
        <iconCode>61951</iconCode>
      </icon>
      <URL>272406045191EFD41262383E38074218.svg</URL>
    </control>
    <control controlID="13C8838D-C02E-490D-B285-3EE66D5D0D35" controlTypeID="Icon" x="218" y="150" w="19" h="19" zOrder="44">
      <color>4294901760</color>
      <icon>
        <ID/>
        <iconFontName>jdIonicons</iconFontName>
        <iconCode>61951</iconCode>
      </icon>
      <URL>272406045191EFD41262383E38074218.svg</URL>
    </control>
    <control controlID="450462A3-8E8B-4C94-8F61-1FCB7C9F3948" controlTypeID="Icon" x="257" y="160" w="19" h="19" zOrder="45">
      <color>4281571584</color>
      <icon>
        <ID/>
        <iconFontName>jdIonicons</iconFontName>
        <iconCode>61951</iconCode>
      </icon>
      <URL>272406045191EFD41262383E38074218.svg</URL>
    </control>
    <control controlID="19EB3E86-62BE-4C8C-91CA-F03DDCF472DA" controlTypeID="Icon" x="250" y="190" w="19" h="19" zOrder="46">
      <color>4288217343</color>
      <icon>
        <ID/>
        <iconFontName>jdIonicons</iconFontName>
        <iconCode>61951</iconCode>
      </icon>
      <URL>272406045191EFD41262383E38074218.svg</URL>
    </control>
    <control controlID="1C42F3CB-9AF9-487A-8E62-960D90CEA2B3" controlTypeID="CheckBox" x="322" y="356" w="26" h="26" zOrder="47">
      <font family="Segoe+UI" displayName="Segoe+UI+It%C3%A1lico" postScript="" weightStyle="It%C3%A1lico" weight="400" isBold="False" isItalic="True"/>
      <textVAlign>VaTop</textVAlign>
      <lineSpacing>0</lineSpacing>
      <textStyles>[fsItalic]</textStyles>
      <selectedIndex>-1</selectedIndex>
      <state>MfEnabled</state>
      <size>26</size>
    </control>
    <control controlID="D3441EC7-BB37-42C4-90B7-DE4F90946F60" controlTypeID="CheckBox" x="322" y="405" w="26" h="26" zOrder="48">
      <font family="Segoe+UI" displayName="Segoe+UI+It%C3%A1lico" postScript="" weightStyle="It%C3%A1lico" weight="400" isBold="False" isItalic="True"/>
      <textVAlign>VaTop</textVAlign>
      <lineSpacing>0</lineSpacing>
      <textStyles>[fsItalic]</textStyles>
      <selectedIndex>-1</selectedIndex>
      <state>MfDisabled</state>
      <size>26</size>
    </control>
  </controls>
  <param>
    <backgroundColor>4292335575</backgroundColor>
    <fontSize>14</fontSize>
    <fontFamily>Segoe+UI</fontFamily>
    <guideLines/>
  </param>
</mockup>