﻿<mockup version="5.3" minAllowVersion="5.3" ID="EEB0FE41-5833-47E9-93D7-9AEB89521A7C" platform="MtMobile" defaultW="360" defaultH="640" screenOrientation="MoPortrait" mobileScreenScale="1.77777779102325" measureW="360" measureH="640" clipArea="(0,0,0,0)">
  <controls controlCount="45">
    <control controlID="56245DCD-84B2-4F24-9DD0-9DB7EAA2F003" controlTypeID="StatusBar(Android)" x="0" y="0" w="360" h="20" zOrder="0"/>
    <control controlID="BBAE6084-648E-44D7-B63A-F25728C0B900" controlTypeID="Label" x="113" y="86" w="127" h="28" zOrder="1">
      <font family="Arial" displayName="Arial_%26_Bold" postScript="" weightStyle="Bold" weight="700" isBold="True" isItalic="False" useDefaultFontFamily="False"/>
      <text>Exerc%C3%ADcio+1</text>
      <textColor>4278878072</textColor>
      <textSize>24</textSize>
      <textVAlign>VaTop</textVAlign>
      <lineSpacing>0</lineSpacing>
      <textStyles>[fsBold]</textStyles>
      <useDefaultTextSize>False</useDefaultTextSize>
      <selectedIndex>-1</selectedIndex>
    </control>
    <control controlID="FCEFCDA6-BD2E-4787-8180-41F12630DD36" controlTypeID="Button" x="73" y="535" w="214" h="39" zOrder="2">
      <color>4278878072</color>
      <borderColor>4278190080</borderColor>
      <links eventType="AtClick" animate="AmNone" animateAutoDelay="0" animateDuration="500">
        <link targetPageID="1EF30584-B065-4E27-A617-E869508A457A" linkType="ltPageLink" isApplyIncludePage="False" title="Exerc%C3%ADcio2">
          <area shape="0" alt="" ID="{3EF5DCBC-C782-4901-B7CE-872CF822877C}" coords="(0,0,214,39)"/>
        </link>
      </links>
      <font family="Segoe+UI" displayName="Segoe+UI_%26_Bold" postScript="" weightStyle="Bold" weight="700" isBold="True" isItalic="False" useDefaultFontFamily="False"/>
      <text>Concluir</text>
      <textColor>4294967295</textColor>
      <lineSpacing>0</lineSpacing>
      <textStyles>[fsBold]</textStyles>
      <selectedIndex>-1</selectedIndex>
      <radius>19</radius>
    </control>
    <control controlID="8085AEE2-F46A-48EF-9D4C-738E00B74E84" controlTypeID="Label" x="144" y="342" w="71" h="22" zOrder="3">
      <font family="Segoe+UI" displayName="Segoe+UI_%26_Bold" postScript="" weightStyle="Bold" weight="700" isBold="True" isItalic="False"/>
      <text>Objetivos</text>
      <textColor>4278878072</textColor>
      <textSize>16</textSize>
      <textAlign>HaCenter</textAlign>
      <lineSpacing>0</lineSpacing>
      <textStyles>[fsBold]</textStyles>
      <useDefaultTextSize>False</useDefaultTextSize>
      <selectedIndex>-1</selectedIndex>
    </control>
    <control controlID="1DEBB5A4-2763-40E7-9938-D182FA2498AE" controlTypeID="Label" x="120" y="389" w="50" h="24" zOrder="4">
      <font family="Segoe+UI" displayName="Segoe+UI" postScript="" weightStyle="Normal" weight="400" isBold="False" isItalic="False"/>
      <text>Correr</text>
      <textSize>18</textSize>
      <lineSpacing>0</lineSpacing>
      <useDefaultTextSize>False</useDefaultTextSize>
      <selectedIndex>-1</selectedIndex>
    </control>
    <control controlID="0F933FFE-DE3D-4125-8EFE-BDF86D378A73" controlTypeID="__group__" x="0" y="592" w="360" h="47" zOrder="5">
      <groupChildrenDescriptors>
        <control controlID="9C923BA7-DCD5-4939-A298-A3E1C7DB1CB9" controlTypeID="Shape" x="0" y="0" w="360" h="47" zOrder="0">
          <borderColor>4293190884</borderColor>
          <font family="Segoe+UI" displayName="Segoe+UI" postScript="" weightStyle="Normal" weight="400" isBold="False" isItalic="False"/>
          <textSize>14</textSize>
          <selectedIndex>-1</selectedIndex>
          <borderMode>[bmTop]</borderMode>
        </control>
        <control controlID="C64927F3-BCDA-41F3-93B6-39767893B79C" controlTypeID="IconLabel2" x="39" y="6" w="28" h="39" zOrder="1">
          <links eventType="AtClick" animate="AmNone" animateAutoDelay="0" animateDuration="500">
            <link targetPageID="47DF6902-A4A6-40A5-AD54-ABDE4E8ABF98" linkType="ltPageLink" isApplyIncludePage="False" title="Dados+Pessoais">
              <area shape="0" alt="" ID="{71CC6B0E-EEC5-4B07-ADEB-B12570829D7A}" coords="(0,0,28,39)"/>
            </link>
          </links>
          <groupChildrenDescriptors>
            <control controlID="EA8A71FF-1AC2-4979-9F20-28B28C489583" controlTypeID="Shape" x="4" y="0" w="20" h="20" zOrder="0">
              <canMove>False</canMove>
              <alias>shape</alias>
              <font family="Segoe+UI" displayName="Segoe+UI" postScript="" weightStyle="Normal" weight="400" isBold="False" isItalic="False"/>
              <textSize>14</textSize>
              <selectedIndex>-1</selectedIndex>
            </control>
            <control controlID="E23B1A7D-4439-4FAB-9413-3884193CF1F5" controlTypeID="Icon" x="4" y="0" w="20" h="20" zOrder="1">
              <color>4288256409</color>
              <canMove>False</canMove>
              <alias>icon</alias>
              <icon>
                <ID/>
                <iconFontName>jdIonicons</iconFontName>
                <iconCode>62368</iconCode>
              </icon>
              <URL>B91434690C5B5224D1CC6B1998F1178A.svg</URL>
            </control>
            <control controlID="BC6A24C8-1403-40AB-9D47-8ECE58F37F69" controlTypeID="Label" x="2" y="24" w="24" h="15" zOrder="2">
              <canMove>False</canMove>
              <alias>label</alias>
              <font family="Segoe+UI" displayName="Segoe+UI" postScript="" weightStyle="Normal" weight="400" isBold="False" isItalic="False"/>
              <text>Perfil</text>
              <textColor>4284900966</textColor>
              <textSize>11</textSize>
              <textAlign>HaCenter</textAlign>
              <lineSpacing>0</lineSpacing>
              <useDefaultTextSize>False</useDefaultTextSize>
              <selectedIndex>-1</selectedIndex>
            </control>
            <control controlID="F9CD9112-6C40-4A3D-A7DF-6CA281DD8361" controlTypeID="Shape" x="15" y="0" w="13" h="12" zOrder="3">
              <color>4294901760</color>
              <borderVisible>False</borderVisible>
              <canMove>False</canMove>
              <alias>alarm</alias>
              <font family="Segoe+UI" displayName="Segoe+UI" postScript="" weightStyle="Normal" weight="400" isBold="False" isItalic="False"/>
              <text>2</text>
              <textColor>4294967295</textColor>
              <textSize>7</textSize>
              <selectedIndex>-1</selectedIndex>
              <radius>100</radius>
              <radiusIsPercent>True</radiusIsPercent>
            </control>
          </groupChildrenDescriptors>
          <iconSize>20</iconSize>
        </control>
        <control controlID="E5185FC9-8600-48EA-8AAE-9F17BFF64C2B" controlTypeID="IconLabel2" x="119" y="6" w="41" h="39" zOrder="2">
          <links eventType="AtClick" animate="AmNone" animateAutoDelay="0" animateDuration="500">
            <link targetPageID="0CD01DE1-6CBF-4CFA-86A6-3DCA15FE03D6" linkType="ltPageLink" isApplyIncludePage="False" title="Cidades+de+Portugal">
              <area shape="0" alt="" ID="{7CCF5DE8-A19A-482A-9CA0-E89D7947A342}" coords="(0,0,41,39)"/>
            </link>
          </links>
          <groupChildrenDescriptors>
            <control controlID="59DE47A9-AB8E-4899-BA57-7F71440D1D9E" controlTypeID="Shape" x="10" y="0" w="20" h="20" zOrder="0">
              <canMove>False</canMove>
              <alias>shape</alias>
              <font family="Segoe+UI" displayName="Segoe+UI" postScript="" weightStyle="Normal" weight="400" isBold="False" isItalic="False"/>
              <textSize>14</textSize>
              <selectedIndex>-1</selectedIndex>
            </control>
            <control controlID="C51D81BB-AB82-49E5-9B21-BF6926F5F795" controlTypeID="Icon" x="10" y="0" w="20" h="20" zOrder="1">
              <color>4278190080</color>
              <canMove>False</canMove>
              <alias>icon</alias>
              <icon>
                <ID/>
                <iconFontName>jdIcoMoonFree</iconFontName>
                <iconCode>59826</iconCode>
              </icon>
              <URL>9971C54B10DB4FB36C582D891537A230.svg</URL>
            </control>
            <control controlID="C7BACCF3-AF21-47CA-BD34-9B366D026EE8" controlTypeID="Label" x="2" y="24" w="37" h="15" zOrder="2">
              <canMove>False</canMove>
              <alias>label</alias>
              <font family="Segoe+UI" displayName="Segoe+UI_%26_Bold" postScript="" weightStyle="Bold" weight="700" isBold="True" isItalic="False"/>
              <text>Treinos</text>
              <textSize>11</textSize>
              <textAlign>HaCenter</textAlign>
              <lineSpacing>0</lineSpacing>
              <textStyles>[fsBold]</textStyles>
              <useDefaultTextSize>False</useDefaultTextSize>
              <selectedIndex>-1</selectedIndex>
            </control>
            <control controlID="F3F1EE4B-19B8-473C-BB30-69FDC097D3EE" controlTypeID="Shape" x="28" y="0" w="13" h="12" zOrder="3">
              <color>4294901760</color>
              <borderVisible>False</borderVisible>
              <canMove>False</canMove>
              <alias>alarm</alias>
              <font family="Segoe+UI" displayName="Segoe+UI" postScript="" weightStyle="Normal" weight="400" isBold="False" isItalic="False"/>
              <text>2</text>
              <textColor>4294967295</textColor>
              <textSize>7</textSize>
              <selectedIndex>-1</selectedIndex>
              <radius>100</radius>
              <radiusIsPercent>True</radiusIsPercent>
            </control>
          </groupChildrenDescriptors>
          <iconSize>20</iconSize>
        </control>
        <control controlID="2F182DDC-25A4-475D-BACE-90197ACD2720" controlTypeID="IconLabel2" x="205" y="6" w="36" h="39" zOrder="3">
          <links eventType="AtClick" animate="AmNone" animateAutoDelay="0" animateDuration="500">
            <link targetPageID="E3A6CF55-D116-4715-B043-FC13DFD1E647" linkType="ltPageLink" isApplyIncludePage="False" title="Provas">
              <area shape="0" alt="" ID="{74B95BEC-644D-4076-9466-DA6658226A01}" coords="(0,0,36,39)"/>
            </link>
          </links>
          <groupChildrenDescriptors>
            <control controlID="68C56E61-B435-4FEF-B191-7502BF08C61A" controlTypeID="Shape" x="8" y="0" w="20" h="20" zOrder="0">
              <canMove>False</canMove>
              <alias>shape</alias>
              <font family="Segoe+UI" displayName="Segoe+UI" postScript="" weightStyle="Normal" weight="400" isBold="False" isItalic="False"/>
              <textSize>14</textSize>
              <selectedIndex>-1</selectedIndex>
            </control>
            <control controlID="DE22D324-7D01-4CE8-B051-ABB7A38B8AD8" controlTypeID="Icon" x="8" y="0" w="20" h="20" zOrder="1">
              <color>4288256409</color>
              <canMove>False</canMove>
              <alias>icon</alias>
              <icon>
                <ID/>
                <iconFontName>jdIcoFont</iconFontName>
                <iconCode>58986</iconCode>
              </icon>
              <URL>2119E1032635B58A9627C98AB304CEE8.svg</URL>
            </control>
            <control controlID="DB108233-C101-4C62-8F3F-2F51661165BB" controlTypeID="Label" x="2" y="24" w="32" h="15" zOrder="2">
              <canMove>False</canMove>
              <alias>label</alias>
              <font family="Segoe+UI" displayName="Segoe+UI" postScript="" weightStyle="Normal" weight="400" isBold="False" isItalic="False"/>
              <text>Provas</text>
              <textColor>4288256409</textColor>
              <textSize>11</textSize>
              <textAlign>HaCenter</textAlign>
              <lineSpacing>0</lineSpacing>
              <useDefaultTextSize>False</useDefaultTextSize>
              <selectedIndex>-1</selectedIndex>
            </control>
            <control controlID="2EC337E7-11DF-44F9-8595-74FBF8271F01" controlTypeID="Shape" x="23" y="0" w="13" h="12" zOrder="3">
              <color>4294901760</color>
              <borderVisible>False</borderVisible>
              <canMove>False</canMove>
              <alias>alarm</alias>
              <font family="Segoe+UI" displayName="Segoe+UI" postScript="" weightStyle="Normal" weight="400" isBold="False" isItalic="False"/>
              <text>2</text>
              <textColor>4294967295</textColor>
              <textSize>7</textSize>
              <selectedIndex>-1</selectedIndex>
              <radius>100</radius>
              <radiusIsPercent>True</radiusIsPercent>
            </control>
          </groupChildrenDescriptors>
          <iconSize>20</iconSize>
        </control>
        <control controlID="6C200BE4-4068-4DE5-B760-F66E8C8F7A82" controlTypeID="IconLabel2" x="281" y="6" w="47" h="39" zOrder="4">
          <links eventType="AtClick" animate="AmNone" animateAutoDelay="0" animateDuration="500">
            <link targetPageID="7AF88CE8-E1DF-4DBA-8762-50C026F1B446" linkType="ltPageLink" isApplyIncludePage="False" title="Hist%C3%B3rico+Atividades">
              <area shape="0" alt="" ID="{F31C76AA-3229-4CB2-AE09-CFB13D443951}" coords="(0,0,47,39)"/>
            </link>
          </links>
          <groupChildrenDescriptors>
            <control controlID="7AB1A882-CCE8-4300-8757-3A1DB8760EE4" controlTypeID="Shape" x="14" y="0" w="20" h="20" zOrder="0">
              <canMove>False</canMove>
              <alias>shape</alias>
              <font family="Segoe+UI" displayName="Segoe+UI" postScript="" weightStyle="Normal" weight="400" isBold="False" isItalic="False"/>
              <textSize>14</textSize>
              <selectedIndex>-1</selectedIndex>
            </control>
            <control controlID="61AC3D99-E813-4834-9099-EB25B7BE1B30" controlTypeID="Icon" x="14" y="0" w="20" h="20" zOrder="1">
              <color>4288256409</color>
              <canMove>False</canMove>
              <alias>icon</alias>
              <icon>
                <ID/>
                <iconFontName>jdIonicons</iconFontName>
                <iconCode>62548</iconCode>
              </icon>
              <URL>7D4E13552F08995905B7F39F0FCA3415.svg</URL>
            </control>
            <control controlID="4BB4F186-382C-486D-8638-7A48AF8F575F" controlTypeID="Label" x="2" y="24" w="43" h="15" zOrder="2">
              <canMove>False</canMove>
              <alias>label</alias>
              <font family="Segoe+UI" displayName="Segoe+UI" postScript="" weightStyle="Normal" weight="400" isBold="False" isItalic="False"/>
              <text>Hist%C3%B3rico</text>
              <textColor>4288256409</textColor>
              <textSize>11</textSize>
              <textAlign>HaCenter</textAlign>
              <lineSpacing>0</lineSpacing>
              <useDefaultTextSize>False</useDefaultTextSize>
              <selectedIndex>-1</selectedIndex>
            </control>
            <control controlID="7692B344-9937-4B29-9653-5C797F03AF3C" controlTypeID="Shape" x="34" y="0" w="13" h="12" zOrder="3">
              <color>4294901760</color>
              <borderVisible>False</borderVisible>
              <canMove>False</canMove>
              <alias>alarm</alias>
              <font family="Segoe+UI" displayName="Segoe+UI" postScript="" weightStyle="Normal" weight="400" isBold="False" isItalic="False"/>
              <text>2</text>
              <textColor>4294967295</textColor>
              <textSize>7</textSize>
              <selectedIndex>-1</selectedIndex>
              <radius>100</radius>
              <radiusIsPercent>True</radiusIsPercent>
            </control>
          </groupChildrenDescriptors>
          <iconSize>20</iconSize>
        </control>
      </groupChildrenDescriptors>
    </control>
    <control controlID="53391CC2-F68A-4761-AA4A-EC4EBFBA80EA" controlTypeID="Shape" x="0" y="19" w="360" h="58" zOrder="6">
      <color>4281743437</color>
      <borderVisible>False</borderVisible>
      <font family="Segoe+UI" displayName="Segoe+UI" postScript="" weightStyle="Normal" weight="400" isBold="False" isItalic="False"/>
      <textSize>14</textSize>
      <selectedIndex>-1</selectedIndex>
    </control>
    <control controlID="60142603-2FA5-4D7E-ABE5-0BB32F81823E" controlTypeID="Label" x="63" y="34" w="67" h="28" zOrder="7">
      <isAutoSize>False</isAutoSize>
      <font family="Segoe+UI" displayName="Segoe+UI_%26_Bold" postScript="" weightStyle="Bold" weight="700" isBold="True" isItalic="False"/>
      <text>Tempo+%3A</text>
      <textColor>4294967295</textColor>
      <textVAlign>VaTop</textVAlign>
      <lineSpacing>0</lineSpacing>
      <textStyles>[fsBold]</textStyles>
      <useDefaultTextSize>False</useDefaultTextSize>
      <selectedIndex>-1</selectedIndex>
    </control>
    <control controlID="45940EE8-2E93-4768-8653-E57B223ACD57" controlTypeID="Icon" x="18" y="30" w="34" h="34" zOrder="8">
      <color>4294967295</color>
      <icon>
        <ID/>
        <iconFontName>jdIonicons</iconFontName>
        <iconCode>62062</iconCode>
      </icon>
      <URL>8D87F0B6E067D29DE1E9AC9BADB84F13.svg</URL>
    </control>
    <control controlID="82EF5086-7FEC-441A-9343-ABBBCB421D1D" controlTypeID="Shape" x="131" y="26" w="51" h="43" zOrder="9">
      <font family="Segoe+UI" displayName="Segoe+UI+It%C3%A1lico" postScript="" weightStyle="It%C3%A1lico" weight="400" isBold="False" isItalic="True"/>
      <textSize>14</textSize>
      <textStyles>[fsItalic]</textStyles>
      <selectedIndex>-1</selectedIndex>
      <radius>4</radius>
    </control>
    <control controlID="65E7A4E3-56A3-433C-9C9D-41C02A80431E" controlTypeID="Shape" x="210" y="26" w="51" h="43" zOrder="10">
      <font family="Segoe+UI" displayName="Segoe+UI+It%C3%A1lico" postScript="" weightStyle="It%C3%A1lico" weight="400" isBold="False" isItalic="True"/>
      <textSize>14</textSize>
      <textStyles>[fsItalic]</textStyles>
      <selectedIndex>-1</selectedIndex>
      <radius>4</radius>
    </control>
    <control controlID="60C7B92E-4A0F-490D-B497-77FA79997F19" controlTypeID="Label" x="184" y="36" w="26" h="22" zOrder="11">
      <isAutoSize>False</isAutoSize>
      <font family="Segoe+UI" displayName="Segoe+UI_%26_Bold" postScript="" weightStyle="Bold" weight="700" isBold="True" isItalic="False"/>
      <text>H+%3A</text>
      <textColor>4294967295</textColor>
      <textSize>16</textSize>
      <textVAlign>VaTop</textVAlign>
      <lineSpacing>0</lineSpacing>
      <textStyles>[fsBold]</textStyles>
      <useDefaultTextSize>False</useDefaultTextSize>
      <selectedIndex>-1</selectedIndex>
    </control>
    <control controlID="45D5C024-7887-4D52-B419-7187EE2BFC0B" controlTypeID="Label" x="264" y="36" w="26" h="22" zOrder="12">
      <isAutoSize>False</isAutoSize>
      <font family="Segoe+UI" displayName="Segoe+UI_%26_Bold" postScript="" weightStyle="Bold" weight="700" isBold="True" isItalic="False"/>
      <text>M</text>
      <textColor>4294967295</textColor>
      <textSize>16</textSize>
      <textVAlign>VaTop</textVAlign>
      <lineSpacing>0</lineSpacing>
      <textStyles>[fsBold]</textStyles>
      <useDefaultTextSize>False</useDefaultTextSize>
      <selectedIndex>-1</selectedIndex>
    </control>
    <control controlID="C60DF237-014C-4D64-AB44-53A54AA168E0" controlTypeID="Label" x="141" y="27" w="32" h="38" zOrder="13">
      <font family="Segoe+UI" displayName="Segoe+UI_%26_Bold" postScript="" weightStyle="Bold" weight="700" isBold="True" isItalic="False"/>
      <text>00</text>
      <textSize>28</textSize>
      <textVAlign>VaTop</textVAlign>
      <lineSpacing>0</lineSpacing>
      <textStyles>[fsBold]</textStyles>
      <useDefaultTextSize>False</useDefaultTextSize>
      <selectedIndex>-1</selectedIndex>
    </control>
    <control controlID="1DF8CDB7-7B23-45EA-BB3D-66DABA698F39" controlTypeID="Label" x="220" y="27" w="32" h="38" zOrder="14">
      <font family="Segoe+UI" displayName="Segoe+UI_%26_Bold" postScript="" weightStyle="Bold" weight="700" isBold="True" isItalic="False"/>
      <text>17</text>
      <textSize>28</textSize>
      <textVAlign>VaTop</textVAlign>
      <lineSpacing>0</lineSpacing>
      <textStyles>[fsBold]</textStyles>
      <useDefaultTextSize>False</useDefaultTextSize>
      <selectedIndex>-1</selectedIndex>
    </control>
    <control controlID="12F5C93C-A5C6-49B1-AC21-FEF4B62F3D7C" controlTypeID="Label" x="68" y="414" w="103" h="24" zOrder="15">
      <font family="Segoe+UI" displayName="Segoe+UI" postScript="" weightStyle="Normal" weight="400" isBold="False" isItalic="False"/>
      <text>Tempo+limite</text>
      <textSize>18</textSize>
      <lineSpacing>0</lineSpacing>
      <useDefaultTextSize>False</useDefaultTextSize>
      <selectedIndex>-1</selectedIndex>
    </control>
    <control controlID="03688F6D-3042-416F-B9AF-28E9551830ED" controlTypeID="Image" x="0" y="154" w="360" h="178" zOrder="16">
      <URL>0C12E38069AA8ECA2433E5133B4B1D6E.png</URL>
    </control>
    <control controlID="3491DBFB-56FC-4484-B5CD-C257985F2A66" controlTypeID="Label" x="118" y="126" w="117" h="27" zOrder="17">
      <font family="Segoe+UI" displayName="Segoe+UI_%26_Bold+Italic" postScript="" weightStyle="Bold+Italic" weight="700" isBold="True" isItalic="True"/>
      <text>Corrida+4km</text>
      <textSize>20</textSize>
      <textVAlign>VaTop</textVAlign>
      <lineSpacing>0</lineSpacing>
      <textStyles>[fsBold,fsItalic]</textStyles>
      <useDefaultTextSize>False</useDefaultTextSize>
      <selectedIndex>-1</selectedIndex>
    </control>
    <control controlID="B8E1459F-35DB-4068-8CBC-051982FDAE2E" controlTypeID="Label" x="307" y="33" w="12" h="27" zOrder="18">
      <font family="Segoe+UI" displayName="Segoe+UI_%26_Bold" postScript="" weightStyle="Bold" weight="700" isBold="True" isItalic="False"/>
      <text>5</text>
      <textColor>4294967091</textColor>
      <textSize>20</textSize>
      <lineSpacing>0</lineSpacing>
      <textStyles>[fsBold]</textStyles>
      <useDefaultTextSize>False</useDefaultTextSize>
      <selectedIndex>-1</selectedIndex>
    </control>
    <control controlID="D6E662BE-A642-498D-A560-513704F329B1" controlTypeID="Icon" x="321" y="34" w="24" h="24" zOrder="19">
      <color>4294967091</color>
      <icon>
        <ID/>
        <iconFontName>jdIonicons</iconFontName>
        <iconCode>62436</iconCode>
      </icon>
      <URL>8148FCB12E1C8A2FF3D927B7EAC250C8.svg</URL>
    </control>
    <control controlID="CBBC73E1-0E96-42E9-A112-F553D66E2771" controlTypeID="Button" x="212" y="475" w="120" h="39" zOrder="20">
      <color>1879736184</color>
      <font family="Segoe+UI" displayName="Segoe+UI" postScript="" weightStyle="Normal" weight="400" isBold="False" isItalic="False"/>
      <text>Aumentar+Intensidade</text>
      <textColor>4294967295</textColor>
      <lineSpacing>0</lineSpacing>
      <selectedIndex>-1</selectedIndex>
      <radius>19</radius>
    </control>
    <control controlID="72781A5E-7993-483A-8826-DE6B5C751125" controlTypeID="Button" x="38" y="475" w="120" h="39" zOrder="21">
      <color>1879736184</color>
      <font family="Segoe+UI" displayName="Segoe+UI" postScript="" weightStyle="Normal" weight="400" isBold="False" isItalic="False"/>
      <text>Trocar+Exerc%C3%ADcio</text>
      <textColor>4294967295</textColor>
      <lineSpacing>0</lineSpacing>
      <selectedIndex>-1</selectedIndex>
      <radius>19</radius>
    </control>
    <control controlID="A458F22A-E871-4B06-8A72-32E6CAFADC92" controlTypeID="Label" x="207" y="390" w="34" h="24" zOrder="22">
      <font family="Segoe+UI" displayName="Segoe+UI" postScript="" weightStyle="Normal" weight="400" isBold="False" isItalic="False"/>
      <text>4km</text>
      <textColor>4278878072</textColor>
      <textSize>18</textSize>
      <lineSpacing>0</lineSpacing>
      <useDefaultTextSize>False</useDefaultTextSize>
      <selectedIndex>-1</selectedIndex>
    </control>
    <control controlID="0A69F6F4-62F9-4460-9B86-9142681C069F" controlTypeID="Label" x="207" y="414" w="49" h="24" zOrder="23">
      <font family="Segoe+UI" displayName="Segoe+UI" postScript="" weightStyle="Normal" weight="400" isBold="False" isItalic="False"/>
      <text>20min</text>
      <textColor>4278878072</textColor>
      <textSize>18</textSize>
      <lineSpacing>0</lineSpacing>
      <useDefaultTextSize>False</useDefaultTextSize>
      <selectedIndex>-1</selectedIndex>
    </control>
  </controls>
  <param>
    <backgroundColor>4294967295</backgroundColor>
    <fontSize>14</fontSize>
    <fontFamily>Segoe+UI</fontFamily>
    <guideLines/>
  </param>
</mockup>